{
  "voc_eval_res": {
    "precision": 13.75,
    "recall": 0.7957,
    "f-score": 1.5043
  },
  "KL_res": {
    "KL divergence": 3.8060932636301095,
    "Euclidean Dist.": 0.2875751344302175,
    "WER": 0.9823425544437905,
    "CER": 0.8436196074162766,
    "Cosine Dist.": 0.5913768959671655
  },
  "occ_eval_res": {
    "precision": 10.8262,
    "recall": 2.2366,
    "f-score": 3.7073
  },
  "clean_eval": {
    "f-score": 0.05259006047856955,
    "precision": 0.03210272873194221,
    "recall": 0.14534883720930233,
    "tp": 1,
    "fp": 3114,
    "fn": 687
  },
  "jaccard": [
    0.9911816578483245
  ],
  "braycurtis": [
    0.9621890547263682
  ],
  "dice": [
    0.9825174825174825
  ],
  "cosinus": [
    0.6926645443289179
  ]
}