{
  "voc_eval_res": {
    "precision": 22.619,
    "recall": 1.6964,
    "f-score": 3.1561
  },
  "KL_res": {
    "KL divergence": 4.146208881547132,
    "Euclidean Dist.": 0.21485281304905782,
    "WER": 0.9821212121212122,
    "CER": 0.8832800259583738,
    "Cosine Dist.": 0.8703106487043548
  },
  "occ_eval_res": {
    "precision": 20.3438,
    "recall": 2.1515,
    "f-score": 3.8915
  },
  "clean_eval": {
    "f-score": 1.1537352177675222,
    "precision": 0.6387735547748323,
    "recall": 5.952380952380952,
    "tp": 20,
    "fp": 3111,
    "fn": 316
  },
  "jaccard": [
    0.49122807017543857
  ],
  "braycurtis": [
    0.7407789323391767
  ],
  "dice": [
    0.32558139534883723
  ],
  "cosinus": [
    0.05274950827247937
  ]
}