{
  "voc_eval_res": {
    "precision": 19.4444,
    "recall": 0.401,
    "f-score": 0.7859
  },
  "KL_res": {
    "KL divergence": 3.8995621684065767,
    "Euclidean Dist.": 0.2174417085178921,
    "WER": 0.9957379991027366,
    "CER": 0.9640621163761355,
    "Cosine Dist.": 0.9386640898538182
  },
  "occ_eval_res": {
    "precision": 15.3333,
    "recall": 0.5159,
    "f-score": 0.9983
  },
  "clean_eval": {
    "f-score": 0.6543584949754615,
    "precision": 0.33906514894647616,
    "recall": 9.333333333333334,
    "tp": 14,
    "fp": 4115,
    "fn": 136
  },
  "jaccard": [
    0.9043817633492993
  ],
  "braycurtis": [
    0.9362686261307416
  ],
  "dice": [
    0.8254533678756477
  ],
  "cosinus": [
    0.2845645796795553
  ]
}