{
  "voc_eval_res": {
    "precision": 21.1864,
    "recall": 1.615,
    "f-score": 3.0012
  },
  "KL_res": {
    "KL divergence": 3.918414694485289,
    "Euclidean Dist.": 0.23234035299183572,
    "WER": 0.9850911098840419,
    "CER": 0.8776135406295473,
    "Cosine Dist.": 0.8314705178980403
  },
  "occ_eval_res": {
    "precision": 17.2,
    "recall": 2.3744,
    "f-score": 4.1727
  },
  "clean_eval": {
    "f-score": 0.6266318537859007,
    "precision": 0.3569303985722784,
    "recall": 2.564102564102564,
    "tp": 6,
    "fp": 1675,
    "fn": 228
  },
  "jaccard": [
    0.7932773109243697
  ],
  "braycurtis": [
    0.7949372056514914
  ],
  "dice": [
    0.6573816155988857
  ],
  "cosinus": [
    0.41439907408330146
  ]
}