{
  "voc_eval_res": {
    "precision": 75.2381,
    "recall": 51.634,
    "f-score": 61.2403
  },
  "KL_res": {
    "KL divergence": 0.543656769083175,
    "Euclidean Dist.": 0.05215784548317168,
    "WER": 0.31746031746031744,
    "CER": 0.2574057733518215,
    "Cosine Dist.": 0.006691818716497044
  },
  "occ_eval_res": {
    "precision": 88.4309,
    "recall": 75.3968,
    "f-score": 81.3953
  },
  "clean_eval": {
    "f-score": 63.96508728179552,
    "precision": 59.651162790697676,
    "recall": 68.95161290322581,
    "tp": 513,
    "fp": 347,
    "fn": 231
  },
  "jaccard": [
    0.2857142857142857
  ],
  "braycurtis": [
    0.05970744680851064
  ],
  "dice": [
    0.16666666666666666
  ],
  "cosinus": [
    0.0010017611929801218
  ]
}