{
  "voc_eval_res": {
    "precision": 82.5581,
    "recall": 38.7978,
    "f-score": 52.7881
  },
  "KL_res": {
    "KL divergence": 2.519997762264456,
    "Euclidean Dist.": 0.2138259408815419,
    "WER": 0.5914634146341463,
    "CER": 0.4985438178448504,
    "Cosine Dist.": 0.3558886061601997
  },
  "occ_eval_res": {
    "precision": 83.5294,
    "recall": 43.2927,
    "f-score": 57.0281
  },
  "clean_eval": {
    "f-score": 36.043360433604335,
    "precision": 27.36625514403292,
    "recall": 52.77777777777778,
    "tp": 133,
    "fp": 353,
    "fn": 119
  },
  "jaccard": [
    0.6082474226804123
  ],
  "braycurtis": [
    0.39847715736040606
  ],
  "dice": [
    0.43703703703703706
  ],
  "cosinus": [
    0.4656204682820111
  ]
}