{
  "voc_eval_res": {
    "precision": 15.5556,
    "recall": 0.2513,
    "f-score": 0.4947
  },
  "KL_res": {
    "KL divergence": 5.0201443764179565,
    "Euclidean Dist.": 0.27212680617104995,
    "WER": 0.9974131559497413,
    "CER": 0.9676672398821786,
    "Cosine Dist.": 0.9854091347745731
  },
  "occ_eval_res": {
    "precision": 16.7315,
    "recall": 0.3178,
    "f-score": 0.6238
  },
  "clean_eval": {
    "f-score": 0.04835979688885308,
    "precision": 0.024610336341263334,
    "recall": 1.3824884792626728,
    "tp": 3,
    "fp": 12187,
    "fn": 214
  },
  "jaccard": [
    0.4642857142857143
  ],
  "braycurtis": [
    0.9337315987132965
  ],
  "dice": [
    0.3023255813953488
  ],
  "cosinus": [
    0.15333599907880546
  ]
}