{
  "voc_eval_res": {
    "precision": 77.2152,
    "recall": 45.1852,
    "f-score": 57.0093
  },
  "KL_res": {
    "KL divergence": 2.5627322461807287,
    "Euclidean Dist.": 0.27277160630004754,
    "WER": 0.5930232558139535,
    "CER": 0.5283968368080517,
    "Cosine Dist.": 0.3715400837410011
  },
  "occ_eval_res": {
    "precision": 79.703,
    "recall": 46.8023,
    "f-score": 58.9744
  },
  "clean_eval": {
    "f-score": 53.68620037807184,
    "precision": 42.51497005988024,
    "recall": 72.82051282051282,
    "tp": 142,
    "fp": 192,
    "fn": 53
  },
  "jaccard": [
    0.5666666666666667
  ],
  "braycurtis": [
    0.37132987910189985
  ],
  "dice": [
    0.3953488372093023
  ],
  "cosinus": [
    0.4809501871172961
  ]
}