{
  "voc_eval_res": {
    "precision": 72.6027,
    "recall": 26.2376,
    "f-score": 38.5455
  },
  "KL_res": {
    "KL divergence": 2.798748918958506,
    "Euclidean Dist.": 0.17339025041263256,
    "WER": 0.6907216494845361,
    "CER": 0.53828197945845,
    "Cosine Dist.": 0.20556229259168146
  },
  "occ_eval_res": {
    "precision": 68.5315,
    "recall": 33.677,
    "f-score": 45.1613
  },
  "clean_eval": {
    "f-score": 42.15456674473067,
    "precision": 31.25,
    "recall": 64.74820143884892,
    "tp": 90,
    "fp": 198,
    "fn": 49
  },
  "jaccard": [
    0.7431192660550459
  ],
  "braycurtis": [
    0.49344978165938863
  ],
  "dice": [
    0.5912408759124088
  ],
  "cosinus": [
    0.2578975065314332
  ]
}