{
  "voc_eval_res": {
    "precision": 5.4723,
    "recall": 16.2218,
    "f-score": 8.1839
  },
  "KL_res": {
    "KL divergence": 0.9335598270764557,
    "Euclidean Dist.": 0.06300759519455659,
    "WER": 0.9138977572819361,
    "CER": 0.5128951259864424,
    "Cosine Dist.": 0.17986121617907058
  },
  "occ_eval_res": {
    "precision": 27.3089,
    "recall": 30.4127,
    "f-score": 28.7774
  },
  "clean_eval": {
    "f-score": 8.69372878258946,
    "precision": 9.102259454669943,
    "recall": 8.320294523699955,
    "tp": 4520,
    "fp": 45138,
    "fn": 49805
  },
  "jaccard": [
    0.9487007992509113
  ],
  "braycurtis": [
    0.6838630538629541
  ],
  "dice": [
    0.9024079905843433
  ],
  "cosinus": [
    0.15947349921025133
  ]
}