{
  "voc_eval_res": {
    "precision": 13.4831,
    "recall": 0.3711,
    "f-score": 0.7222
  },
  "KL_res": {
    "KL divergence": 4.461712586541205,
    "Euclidean Dist.": 0.30017474836172875,
    "WER": 0.9956236323851203,
    "CER": 0.9177274722518342,
    "Cosine Dist.": 0.9781618636683888
  },
  "occ_eval_res": {
    "precision": 7.5718,
    "recall": 0.5769,
    "f-score": 1.0721
  },
  "clean_eval": {
    "f-score": 0.12942191544434856,
    "precision": 0.07052186177715092,
    "recall": 0.7853403141361256,
    "tp": 3,
    "fp": 4251,
    "fn": 379
  },
  "jaccard": [
    0.9957160342717258
  ],
  "braycurtis": [
    0.9840546697038725
  ],
  "dice": [
    0.9914686166971359
  ],
  "cosinus": [
    0.9492501812634094
  ]
}