{
  "voc_eval_res": {
    "precision": 10.8696,
    "recall": 5.1903,
    "f-score": 7.0258
  },
  "KL_res": {
    "KL divergence": 4.277492277836409,
    "Euclidean Dist.": 0.16631969934074747,
    "WER": 0.975975975975976,
    "CER": 0.7674786459981019,
    "Cosine Dist.": 0.46172893570031015
  },
  "occ_eval_res": {
    "precision": 14.1104,
    "recall": 13.8138,
    "f-score": 13.9605
  },
  "clean_eval": {
    "f-score": 1.2558869701726845,
    "precision": 1.2269938650306749,
    "recall": 1.2861736334405145,
    "tp": 4,
    "fp": 322,
    "fn": 307
  },
  "jaccard": [
    0.9679012345679012
  ],
  "braycurtis": [
    0.8668683812405447
  ],
  "dice": [
    0.937799043062201
  ],
  "cosinus": [
    0.6111772103538243
  ]
}