{
  "voc_eval_res": {
    "precision": 83.6957,
    "recall": 22.5146,
    "f-score": 35.4839
  },
  "KL_res": {
    "KL divergence": 1.6749815747956023,
    "Euclidean Dist.": 0.19661701219672806,
    "WER": 0.5726872246696035,
    "CER": 0.4394102840704782,
    "Cosine Dist.": 0.04986232696767878
  },
  "occ_eval_res": {
    "precision": 85.9838,
    "recall": 46.8429,
    "f-score": 60.6464
  },
  "clean_eval": {
    "f-score": 35.22617901828681,
    "precision": 27.313432835820894,
    "recall": 49.59349593495935,
    "tp": 183,
    "fp": 487,
    "fn": 186
  },
  "jaccard": [
    0.39285714285714285
  ],
  "braycurtis": [
    0.2137048682641223
  ],
  "dice": [
    0.24444444444444444
  ],
  "cosinus": [
    0.014296184025756276
  ]
}