{
  "voc_eval_res": {
    "precision": 79.4118,
    "recall": 24.9423,
    "f-score": 37.9613
  },
  "KL_res": {
    "KL divergence": 2.2773000577672238,
    "Euclidean Dist.": 0.31296272549076737,
    "WER": 0.6740535549399815,
    "CER": 0.5082918739635157,
    "Cosine Dist.": 0.5961060573780061
  },
  "occ_eval_res": {
    "precision": 84.3683,
    "recall": 36.3804,
    "f-score": 50.8387
  },
  "clean_eval": {
    "f-score": 25.827384815055165,
    "precision": 18.494423791821564,
    "recall": 42.795698924731184,
    "tp": 199,
    "fp": 877,
    "fn": 266
  },
  "jaccard": [
    0.4
  ],
  "braycurtis": [
    0.2556165751372941
  ],
  "dice": [
    0.25
  ],
  "cosinus": [
    0.04496198224409931
  ]
}