{
  "voc_eval_res": {
    "precision": 85.8974,
    "recall": 24.9071,
    "f-score": 38.6167
  },
  "KL_res": {
    "KL divergence": 1.3548772070696162,
    "Euclidean Dist.": 0.19016135676910967,
    "WER": 0.5508885298869144,
    "CER": 0.40361564157987817,
    "Cosine Dist.": 0.045122977757736216
  },
  "occ_eval_res": {
    "precision": 82.5641,
    "recall": 52.0194,
    "f-score": 63.8256
  },
  "clean_eval": {
    "f-score": 36.12903225806452,
    "precision": 29.422066549912433,
    "recall": 46.796657381615596,
    "tp": 168,
    "fp": 403,
    "fn": 191
  },
  "jaccard": [
    0.34
  ],
  "braycurtis": [
    0.15625704622322434
  ],
  "dice": [
    0.20481927710843373
  ],
  "cosinus": [
    0.012160851630841352
  ]
}