{
  "voc_eval_res": {
    "precision": 55.4913,
    "recall": 53.0387,
    "f-score": 54.2373
  },
  "KL_res": {
    "KL divergence": 1.1127915005682707,
    "Euclidean Dist.": 0.07989800603888367,
    "WER": 0.696078431372549,
    "CER": 0.5770142180094787,
    "Cosine Dist.": 0.0722164046203837
  },
  "occ_eval_res": {
    "precision": 61.3208,
    "recall": 63.7255,
    "f-score": 62.5
  },
  "clean_eval": {
    "f-score": 35.39518900343642,
    "precision": 35.76388888888889,
    "recall": 35.034013605442176,
    "tp": 103,
    "fp": 185,
    "fn": 191
  },
  "jaccard": [
    0.3860720830788027
  ],
  "braycurtis": [
    0.20226055919095776
  ],
  "dice": [
    0.2392127176381529
  ],
  "cosinus": [
    0.03586904542160596
  ]
}