{
  "voc_eval_res": {
    "precision": 84.2365,
    "recall": 46.2162,
    "f-score": 59.6859
  },
  "KL_res": {
    "KL divergence": 0.8862700084271271,
    "Euclidean Dist.": 0.07285564849782017,
    "WER": 0.43239795918367346,
    "CER": 0.3210283454185893,
    "Cosine Dist.": 0.057719045318221696
  },
  "occ_eval_res": {
    "precision": 83.3893,
    "recall": 63.3929,
    "f-score": 72.029
  },
  "clean_eval": {
    "f-score": 55.49738219895287,
    "precision": 49.33510638297872,
    "recall": 63.418803418803414,
    "tp": 371,
    "fp": 381,
    "fn": 214
  },
  "jaccard": [
    0.5486284289276808
  ],
  "braycurtis": [
    0.23739071956960323
  ],
  "dice": [
    0.37800687285223367
  ],
  "cosinus": [
    0.05328859561212007
  ]
}