{
  "voc_eval_res": {
    "precision": 70.0,
    "recall": 41.1765,
    "f-score": 51.8519
  },
  "KL_res": {
    "KL divergence": 4.621180157531232,
    "Euclidean Dist.": 0.3572897348530741,
    "WER": 0.7391304347826086,
    "CER": 0.54375,
    "Cosine Dist.": 0.47606316800441617
  },
  "occ_eval_res": {
    "precision": 70.0,
    "recall": 30.4348,
    "f-score": 42.4242
  },
  "clean_eval": {
    "f-score": 29.629629629629626,
    "precision": 22.22222222222222,
    "recall": 44.44444444444444,
    "tp": 4,
    "fp": 14,
    "fn": 5
  },
  "jaccard": [
    0.5234042553191489
  ],
  "braycurtis": [
    0.483739837398374
  ],
  "dice": [
    0.35446685878962536
  ],
  "cosinus": [
    0.34052050588850946
  ]
}