{
  "voc_eval_res": {
    "precision": 40.0,
    "recall": 25.0,
    "f-score": 30.7692
  },
  "KL_res": {
    "KL divergence": 5.168882229913563,
    "Euclidean Dist.": 0.343693177121688,
    "WER": 0.8125,
    "CER": 0.6486486486486487,
    "Cosine Dist.": 0.5219085562662427
  },
  "occ_eval_res": {
    "precision": 40.0,
    "recall": 25.0,
    "f-score": 30.7692
  },
  "clean_eval": {
    "f-score": 33.333333333333336,
    "precision": 26.666666666666668,
    "recall": 44.44444444444444,
    "tp": 4,
    "fp": 11,
    "fn": 5
  },
  "jaccard": [
    0.7070063694267515
  ],
  "braycurtis": [
    0.5977859778597786
  ],
  "dice": [
    0.5467980295566502
  ],
  "cosinus": [
    0.4426792595547766
  ]
}