{
  "voc_eval_res": {
    "precision": 50.0,
    "recall": 33.3333,
    "f-score": 40.0
  },
  "KL_res": {
    "KL divergence": 5.133210101093399,
    "Euclidean Dist.": 0.3652115844069593,
    "WER": 0.7894736842105263,
    "CER": 0.576,
    "Cosine Dist.": 0.5435645354123615
  },
  "occ_eval_res": {
    "precision": 50.0,
    "recall": 26.3158,
    "f-score": 34.4828
  },
  "clean_eval": {
    "f-score": 38.46153846153846,
    "precision": 29.411764705882355,
    "recall": 55.55555555555556,
    "tp": 5,
    "fp": 12,
    "fn": 4
  },
  "jaccard": [
    0.5357142857142857
  ],
  "braycurtis": [
    0.44549763033175355
  ],
  "dice": [
    0.36585365853658536
  ],
  "cosinus": [
    0.38032755352201786
  ]
}