{
  "voc_eval_res": {
    "precision": 80.0,
    "recall": 26.3374,
    "f-score": 39.6285
  },
  "KL_res": {
    "KL divergence": 1.3721809097249928,
    "Euclidean Dist.": 0.22234027437612072,
    "WER": 0.5161290322580645,
    "CER": 0.3951315465945414,
    "Cosine Dist.": 0.016014866104327674
  },
  "occ_eval_res": {
    "precision": 83.4688,
    "recall": 55.1971,
    "f-score": 66.4509
  },
  "clean_eval": {
    "f-score": 27.518959913326107,
    "precision": 22.882882882882882,
    "recall": 34.51086956521739,
    "tp": 127,
    "fp": 428,
    "fn": 241
  },
  "jaccard": [
    0.588626739261948
  ],
  "braycurtis": [
    0.20051976473806593
  ],
  "dice": [
    0.41705957993999143
  ],
  "cosinus": [
    0.020750581800109136
  ]
}