{
  "voc_eval_res": {
    "precision": 19.6552,
    "recall": 1.0291,
    "f-score": 1.9557
  },
  "KL_res": {
    "KL divergence": 3.003485438226186,
    "Euclidean Dist.": 0.22021268772097932,
    "WER": 0.9669451953797001,
    "CER": 0.8557150308761421,
    "Cosine Dist.": 0.49503208261567566
  },
  "occ_eval_res": {
    "precision": 27.4129,
    "recall": 5.0258,
    "f-score": 8.4943
  },
  "clean_eval": {
    "f-score": 0.44067423157430863,
    "precision": 0.25793139025019346,
    "recall": 1.5117157974300832,
    "tp": 20,
    "fp": 7734,
    "fn": 1303
  },
  "jaccard": [
    0.9892008639308856
  ],
  "braycurtis": [
    0.9191355873126525
  ],
  "dice": [
    0.9786324786324786
  ],
  "cosinus": [
    0.4640832288190071
  ]
}