{
  "voc_eval_res": {
    "precision": 81.1828,
    "recall": 38.8175,
    "f-score": 52.5217
  },
  "KL_res": {
    "KL divergence": 1.9923062711602593,
    "Euclidean Dist.": 0.13169395460138775,
    "WER": 0.6786743515850144,
    "CER": 0.6282550748410909,
    "Cosine Dist.": 0.27862582430980587
  },
  "occ_eval_res": {
    "precision": 84.2767,
    "recall": 38.6167,
    "f-score": 52.9644
  },
  "clean_eval": {
    "f-score": 31.653225806451612,
    "precision": 23.08823529411765,
    "recall": 50.32051282051282,
    "tp": 157,
    "fp": 523,
    "fn": 155
  },
  "jaccard": [
    0.6222760290556901
  ],
  "braycurtis": [
    0.458455522971652
  ],
  "dice": [
    0.45166959578207383
  ],
  "cosinus": [
    0.33715404495194135
  ]
}