{
  "voc_eval_res": {
    "precision": 7.9848,
    "recall": 0.592,
    "f-score": 1.1024
  },
  "KL_res": {
    "KL divergence": 3.6239533608671635,
    "Euclidean Dist.": 0.1331039416781322,
    "WER": 0.9947609692206941,
    "CER": 0.8940566123600618,
    "Cosine Dist.": 0.9581252382963078
  },
  "occ_eval_res": {
    "precision": 5.948,
    "recall": 0.6985,
    "f-score": 1.2502
  },
  "clean_eval": {
    "f-score": 0.12647554806070826,
    "precision": 0.07098911500236631,
    "recall": 0.5791505791505791,
    "tp": 3,
    "fp": 4223,
    "fn": 515
  },
  "jaccard": [
    0.9937584803256445
  ],
  "braycurtis": [
    0.9838006230529595
  ],
  "dice": [
    0.9875943905070119
  ],
  "cosinus": [
    0.9549929786045909
  ]
}