{
  "voc_eval_res": {
    "precision": 8.0965,
    "recall": 24.394,
    "f-score": 12.1578
  },
  "KL_res": {
    "KL divergence": 0.7572243747252507,
    "Euclidean Dist.": 0.07333453441945972,
    "WER": 0.7722779991540705,
    "CER": 0.28240017937386536,
    "Cosine Dist.": 0.21199268677268102
  },
  "occ_eval_res": {
    "precision": 38.3209,
    "recall": 42.4991,
    "f-score": 40.302
  },
  "clean_eval": {
    "f-score": 22.857158501961663,
    "precision": 24.36992451354144,
    "recall": 21.52122580711686,
    "tp": 41743,
    "fp": 129546,
    "fn": 152219
  },
  "jaccard": [
    0.9259420763835895
  ],
  "braycurtis": [
    0.574376203810817
  ],
  "dice": [
    0.862096965185912
  ],
  "cosinus": [
    0.14492571221794215
  ]
}