{
  "voc_eval_res": {
    "precision": 25.3521,
    "recall": 0.9469,
    "f-score": 1.8256
  },
  "KL_res": {
    "KL divergence": 4.247119767890696,
    "Euclidean Dist.": 0.2756040403799252,
    "WER": 0.992153443766347,
    "CER": 0.937533055180114,
    "Cosine Dist.": 0.891592842713907
  },
  "occ_eval_res": {
    "precision": 14.6739,
    "recall": 1.177,
    "f-score": 2.1792
  },
  "clean_eval": {
    "f-score": 0.7940008822232025,
    "precision": 0.4320691310609697,
    "recall": 4.891304347826087,
    "tp": 9,
    "fp": 2074,
    "fn": 175
  },
  "jaccard": [
    0.9907120743034056
  ],
  "braycurtis": [
    0.9768019884009942
  ],
  "dice": [
    0.9815950920245399
  ],
  "cosinus": [
    0.9133974106160028
  ]
}