{
  "voc_eval_res": {
    "precision": 82.2222,
    "recall": 19.9139,
    "f-score": 32.0624
  },
  "KL_res": {
    "KL divergence": 1.7008910886451216,
    "Euclidean Dist.": 0.14279715149713051,
    "WER": 0.6458333333333334,
    "CER": 0.4787156409632693,
    "Cosine Dist.": 0.05846995589126647
  },
  "occ_eval_res": {
    "precision": 85.7778,
    "recall": 40.2083,
    "f-score": 54.7518
  },
  "clean_eval": {
    "f-score": 30.889467807964273,
    "precision": 22.92817679558011,
    "recall": 47.32041049030787,
    "tp": 415,
    "fp": 1395,
    "fn": 462
  },
  "jaccard": [
    0.7920685959271169
  ],
  "braycurtis": [
    0.4125822970007315
  ],
  "dice": [
    0.6557231588287489
  ],
  "cosinus": [
    0.06678175020589128
  ]
}