{
  "voc_eval_res": {
    "precision": 32.0513,
    "recall": 1.6265,
    "f-score": 3.096
  },
  "KL_res": {
    "KL divergence": 4.335075263647596,
    "Euclidean Dist.": 0.4616676026525409,
    "WER": 0.9701116312567519,
    "CER": 0.8460428042427666,
    "Cosine Dist.": 0.8118028842941227
  },
  "occ_eval_res": {
    "precision": 25.4692,
    "recall": 3.421,
    "f-score": 6.0317
  },
  "clean_eval": {
    "f-score": 1.3967409378117723,
    "precision": 0.7966616084977238,
    "recall": 5.660377358490567,
    "tp": 21,
    "fp": 2615,
    "fn": 350
  },
  "jaccard": [
    0.8612494341330919
  ],
  "braycurtis": [
    0.7378273269380348
  ],
  "dice": [
    0.7563108725899423
  ],
  "cosinus": [
    0.38329273728848
  ]
}