{
  "voc_eval_res": {
    "precision": 23.0303,
    "recall": 7.0501,
    "f-score": 10.7955
  },
  "KL_res": {
    "KL divergence": 4.176510147996057,
    "Euclidean Dist.": 0.1492401667520615,
    "WER": 0.9358974358974359,
    "CER": 0.7326919449160536,
    "Cosine Dist.": 0.4625549646638465
  },
  "occ_eval_res": {
    "precision": 21.2903,
    "recall": 10.5769,
    "f-score": 14.1328
  },
  "clean_eval": {
    "f-score": 3.2073310423825885,
    "precision": 2.3255813953488373,
    "recall": 5.166051660516605,
    "tp": 14,
    "fp": 588,
    "fn": 257
  },
  "jaccard": [
    0.30952380952380953
  ],
  "braycurtis": [
    0.36687945925647764
  ],
  "dice": [
    0.18309859154929578
  ],
  "cosinus": [
    0.017665726724992004
  ]
}