{
  "voc_eval_res": {
    "precision": 36.8984,
    "recall": 3.0667,
    "f-score": 5.6627
  },
  "KL_res": {
    "KL divergence": 3.4720635017060575,
    "Euclidean Dist.": 0.25296227238085855,
    "WER": 0.9473848069738481,
    "CER": 0.7889238464020651,
    "Cosine Dist.": 0.641840538610168
  },
  "occ_eval_res": {
    "precision": 20.5617,
    "recall": 6.3823,
    "f-score": 9.741
  },
  "clean_eval": {
    "f-score": 2.394904458598726,
    "precision": 1.5364498202026806,
    "recall": 5.427251732101617,
    "tp": 47,
    "fp": 3012,
    "fn": 819
  },
  "jaccard": [
    0.4642857142857143
  ],
  "braycurtis": [
    0.549751622832414
  ],
  "dice": [
    0.3023255813953488
  ],
  "cosinus": [
    0.034560692734529
  ]
}