{
  "voc_eval_res": {
    "precision": 21.5278,
    "recall": 0.9706,
    "f-score": 1.8574
  },
  "KL_res": {
    "KL divergence": 3.5142437249380603,
    "Euclidean Dist.": 0.21688667104269194,
    "WER": 0.9828556806550666,
    "CER": 0.9155654129316453,
    "Cosine Dist.": 0.5004665616330641
  },
  "occ_eval_res": {
    "precision": 32.5228,
    "recall": 2.738,
    "f-score": 5.0507
  },
  "clean_eval": {
    "f-score": 0.2968827313211282,
    "precision": 0.16137708445400753,
    "recall": 1.8518518518518516,
    "tp": 6,
    "fp": 3712,
    "fn": 318
  },
  "jaccard": [
    0.8287633920464863
  ],
  "braycurtis": [
    0.8447142417545528
  ],
  "dice": [
    0.7075968992248062
  ],
  "cosinus": [
    0.2699285921491489
  ]
}