{
  "voc_eval_res": {
    "precision": 7.8947,
    "recall": 0.1906,
    "f-score": 0.3723
  },
  "KL_res": {
    "KL divergence": 3.26473987460119,
    "Euclidean Dist.": 0.1592893601559425,
    "WER": 0.9971408148677627,
    "CER": 0.9608652575957728,
    "Cosine Dist.": 0.9074243636207313
  },
  "occ_eval_res": {
    "precision": 8.0508,
    "recall": 0.3395,
    "f-score": 0.6516
  },
  "clean_eval": {
    "f-score": 0.07068386640749248,
    "precision": 0.03677822728944465,
    "recall": 0.904977375565611,
    "tp": 2,
    "fp": 5436,
    "fn": 219
  },
  "jaccard": [
    0.8790923824959481
  ],
  "braycurtis": [
    0.9329512893982808
  ],
  "dice": [
    0.7842683632157317
  ],
  "cosinus": [
    0.37043818840528364
  ]
}