{
  "voc_eval_res": {
    "precision": 18.0,
    "recall": 2.047,
    "f-score": 3.676
  },
  "KL_res": {
    "KL divergence": 4.245349124199109,
    "Euclidean Dist.": 0.23224255794164733,
    "WER": 0.9651022864019254,
    "CER": 0.8470108167627437,
    "Cosine Dist.": 0.4594342675139539
  },
  "occ_eval_res": {
    "precision": 21.365,
    "recall": 4.3321,
    "f-score": 7.2036
  },
  "clean_eval": {
    "f-score": 2.0031628887717448,
    "precision": 1.2125079770261646,
    "recall": 5.757575757575758,
    "tp": 19,
    "fp": 1548,
    "fn": 311
  },
  "jaccard": [
    0.41304347826086957
  ],
  "braycurtis": [
    0.657862700471074
  ],
  "dice": [
    0.2602739726027397
  ],
  "cosinus": [
    0.07238004975281553
  ]
}