{
  "voc_eval_res": {
    "precision": 76.1905,
    "recall": 19.845,
    "f-score": 31.4883
  },
  "KL_res": {
    "KL divergence": 2.256478055131979,
    "Euclidean Dist.": 0.2080461802525661,
    "WER": 0.7065637065637066,
    "CER": 0.6526599845797996,
    "Cosine Dist.": 0.09828521639101817
  },
  "occ_eval_res": {
    "precision": 82.6159,
    "recall": 32.1107,
    "f-score": 46.2465
  },
  "clean_eval": {
    "f-score": 32.542694497153704,
    "precision": 22.70019854401059,
    "recall": 57.45393634840871,
    "tp": 343,
    "fp": 1168,
    "fn": 254
  },
  "jaccard": [
    0.811377245508982
  ],
  "braycurtis": [
    0.5416293643688451
  ],
  "dice": [
    0.6826196473551638
  ],
  "cosinus": [
    0.1690079113707348
  ]
}