{
  "voc_eval_res": {
    "precision": 53.5649,
    "recall": 50.3436,
    "f-score": 51.9043
  },
  "KL_res": {
    "KL divergence": 1.793271775345256,
    "Euclidean Dist.": 0.33822272545080945,
    "WER": 0.8798099762470308,
    "CER": 0.8071249652101308,
    "Cosine Dist.": 0.7149627742459599
  },
  "occ_eval_res": {
    "precision": 50.8111,
    "recall": 46.1283,
    "f-score": 48.3566
  },
  "clean_eval": {
    "f-score": 26.812515899262273,
    "precision": 25.385356454720615,
    "recall": 28.409703504043126,
    "tp": 527,
    "fp": 1549,
    "fn": 1328
  },
  "jaccard": [
    0.26
  ],
  "braycurtis": [
    0.17683269703157833
  ],
  "dice": [
    0.14942528735632185
  ],
  "cosinus": [
    0.043738390841081776
  ]
}