{
  "voc_eval_res": {
    "precision": 77.5758,
    "recall": 18.3644,
    "f-score": 29.6984
  },
  "KL_res": {
    "KL divergence": 1.8531073532124143,
    "Euclidean Dist.": 0.16659439939719806,
    "WER": 0.6710050614605929,
    "CER": 0.5341719077568134,
    "Cosine Dist.": 0.040594457017898766
  },
  "occ_eval_res": {
    "precision": 84.3517,
    "recall": 40.9255,
    "f-score": 55.112
  },
  "clean_eval": {
    "f-score": 34.07155025553663,
    "precision": 25.839793281653744,
    "recall": 50.0,
    "tp": 300,
    "fp": 861,
    "fn": 300
  },
  "jaccard": [
    0.7191432396251674
  ],
  "braycurtis": [
    0.3099369597712355
  ],
  "dice": [
    0.5614548494983278
  ],
  "cosinus": [
    0.055395413939237415
  ]
}