{
  "voc_eval_res": {
    "precision": 5.0955,
    "recall": 19.5146,
    "f-score": 8.0809
  },
  "KL_res": {
    "KL divergence": 1.5154633465208585,
    "Euclidean Dist.": 0.1589476812007227,
    "WER": 1.8160144994888001,
    "CER": 0.8918383586762849,
    "Cosine Dist.": 0.6186589743109291
  },
  "occ_eval_res": {
    "precision": 16.5958,
    "recall": 33.4487,
    "f-score": 22.1846
  },
  "clean_eval": {
    "f-score": 8.866468919101514,
    "precision": 16.415314607009268,
    "recall": 6.0734811889566656,
    "tp": 6890,
    "fp": 35083,
    "fn": 106554
  },
  "jaccard": [
    0.9483432723826073
  ],
  "braycurtis": [
    0.7061142194667069
  ],
  "dice": [
    0.9017612377483195
  ],
  "cosinus": [
    0.21822715351598798
  ]
}