{
  "voc_eval_res": {
    "precision": 40.0,
    "recall": 9.5238,
    "f-score": 15.3846
  },
  "KL_res": {
    "KL divergence": 6.418331871760528,
    "Euclidean Dist.": 0.35774552325700854,
    "WER": 0.9047619047619048,
    "CER": 0.7706422018348624,
    "Cosine Dist.": 0.6847558375043596
  },
  "occ_eval_res": {
    "precision": 40.0,
    "recall": 9.5238,
    "f-score": 15.3846
  },
  "clean_eval": {
    "f-score": 15.686274509803921,
    "precision": 9.523809523809524,
    "recall": 44.44444444444444,
    "tp": 4,
    "fp": 38,
    "fn": 5
  },
  "jaccard": [
    0.7483588621444202
  ],
  "braycurtis": [
    0.6682808716707022
  ],
  "dice": [
    0.5979020979020979
  ],
  "cosinus": [
    0.44884179297459825
  ]
}