{
  "voc_eval_res": {
    "precision": 2.6347,
    "recall": 12.3662,
    "f-score": 4.3439
  },
  "KL_res": {
    "KL divergence": 1.6139714146654782,
    "Euclidean Dist.": 0.0818792430993281,
    "WER": 0.9009914003529986,
    "CER": 0.5531520349889552,
    "Cosine Dist.": 0.3420655821220431
  },
  "occ_eval_res": {
    "precision": 19.0291,
    "recall": 18.4892,
    "f-score": 18.7553
  },
  "clean_eval": {
    "f-score": 0.7644483614173908,
    "precision": 0.7498308652183718,
    "recall": 0.7796471070988921,
    "tp": 399,
    "fp": 52813,
    "fn": 50778
  },
  "jaccard": [
    0.9741282789507357
  ],
  "braycurtis": [
    0.8010764745458623
  ],
  "dice": [
    0.9495614889885012
  ],
  "cosinus": [
    0.3523802105505248
  ]
}