{
  "voc_eval_res": {
    "precision": 32.3171,
    "recall": 1.8326,
    "f-score": 3.4686
  },
  "KL_res": {
    "KL divergence": 3.723841493243211,
    "Euclidean Dist.": 0.27724680469034396,
    "WER": 0.9610478359908884,
    "CER": 0.8271121084737192,
    "Cosine Dist.": 0.7632604836451928
  },
  "occ_eval_res": {
    "precision": 29.3605,
    "recall": 4.6014,
    "f-score": 7.9559
  },
  "clean_eval": {
    "f-score": 0.5374121537825548,
    "precision": 0.3126503126503127,
    "recall": 1.911764705882353,
    "tp": 13,
    "fp": 4145,
    "fn": 667
  },
  "jaccard": [
    0.9793246037215714
  ],
  "braycurtis": [
    0.8964176049129989
  ],
  "dice": [
    0.9594868332207968
  ],
  "cosinus": [
    0.713707934767666
  ]
}