{
  "voc_eval_res": {
    "precision": 83.3333,
    "recall": 14.4628,
    "f-score": 24.6479
  },
  "KL_res": {
    "KL divergence": 4.296907213599258,
    "Euclidean Dist.": 0.4107584723418697,
    "WER": 0.9388217522658611,
    "CER": 0.8791146424517594,
    "Cosine Dist.": 0.8884082984334662
  },
  "occ_eval_res": {
    "precision": 81.4516,
    "recall": 7.6284,
    "f-score": 13.9503
  },
  "clean_eval": {
    "f-score": 11.847672778561355,
    "precision": 6.486486486486487,
    "recall": 68.29268292682927,
    "tp": 84,
    "fp": 1211,
    "fn": 39
  },
  "jaccard": [
    0.7179272879231091
  ],
  "braycurtis": [
    0.77322340919647
  ],
  "dice": [
    0.559973924380704
  ],
  "cosinus": [
    0.6222230105015529
  ]
}