{
  "voc_eval_res": {
    "precision": 63.8889,
    "recall": 8.0986,
    "f-score": 14.375
  },
  "KL_res": {
    "KL divergence": 4.968001951386475,
    "Euclidean Dist.": 0.39253634238448876,
    "WER": 0.9184027777777778,
    "CER": 0.8950331791675046,
    "Cosine Dist.": 0.5968727891315
  },
  "occ_eval_res": {
    "precision": 76.0,
    "recall": 9.8958,
    "f-score": 17.5115
  },
  "clean_eval": {
    "f-score": 12.641815235008105,
    "precision": 7.090909090909091,
    "recall": 58.2089552238806,
    "tp": 39,
    "fp": 511,
    "fn": 28
  },
  "jaccard": [
    0.7984707809939924
  ],
  "braycurtis": [
    0.7998234774933805
  ],
  "dice": [
    0.6645454545454546
  ],
  "cosinus": [
    0.5128672729762118
  ]
}