{
  "voc_eval_res": {
    "precision": 47.9167,
    "recall": 5.0773,
    "f-score": 9.1816
  },
  "KL_res": {
    "KL divergence": 3.801999925773919,
    "Euclidean Dist.": 0.42872048982154853,
    "WER": 0.8668831168831169,
    "CER": 0.7831758884390463,
    "Cosine Dist.": 0.09853220445952338
  },
  "occ_eval_res": {
    "precision": 63.1579,
    "recall": 15.5844,
    "f-score": 25.0
  },
  "clean_eval": {
    "f-score": 10.655737704918032,
    "precision": 6.543624161073826,
    "recall": 28.676470588235293,
    "tp": 39,
    "fp": 557,
    "fn": 97
  },
  "jaccard": [
    0.7940552016985138
  ],
  "braycurtis": [
    0.6372584108804581
  ],
  "dice": [
    0.6584507042253521
  ],
  "cosinus": [
    0.28912994240919754
  ]
}