{
  "voc_eval_res": {
    "precision": 28.75,
    "recall": 1.6862,
    "f-score": 3.1856
  },
  "KL_res": {
    "KL divergence": 4.360649752116164,
    "Euclidean Dist.": 0.48814952311772547,
    "WER": 0.9689140088817118,
    "CER": 0.8274170274170274,
    "Cosine Dist.": 0.8389820052948972
  },
  "occ_eval_res": {
    "precision": 24.1192,
    "recall": 3.5931,
    "f-score": 6.2544
  },
  "clean_eval": {
    "f-score": 1.474382602285293,
    "precision": 0.8528784648187633,
    "recall": 5.434782608695652,
    "tp": 20,
    "fp": 2325,
    "fn": 348
  },
  "jaccard": [
    0.9830633284241531
  ],
  "braycurtis": [
    0.92148213498015
  ],
  "dice": [
    0.9666908037653874
  ],
  "cosinus": [
    0.7307285054315705
  ]
}