{
  "voc_eval_res": {
    "precision": 3.592,
    "recall": 14.1137,
    "f-score": 5.7265
  },
  "KL_res": {
    "KL divergence": 0.9705570390056326,
    "Euclidean Dist.": 0.06440406311428395,
    "WER": 0.8744272269227112,
    "CER": 0.4589012732454217,
    "Cosine Dist.": 0.18888296590695342
  },
  "occ_eval_res": {
    "precision": 25.5794,
    "recall": 26.397,
    "f-score": 25.9818
  },
  "clean_eval": {
    "f-score": 5.804950608337466,
    "precision": 5.897738941739484,
    "recall": 5.715036704654263,
    "tp": 6088,
    "fp": 97138,
    "fn": 100438
  },
  "jaccard": [
    0.9639580870061565
  ],
  "braycurtis": [
    0.7152719160737971
  ],
  "dice": [
    0.9304238321986541
  ],
  "cosinus": [
    0.18084700786073837
  ]
}