{
  "voc_eval_res": {
    "precision": 32.1311,
    "recall": 4.2851,
    "f-score": 7.5617
  },
  "KL_res": {
    "KL divergence": 3.9130977152,
    "Euclidean Dist.": 0.2512772935456871,
    "WER": 0.9407561088059013,
    "CER": 0.7524145688685466,
    "Cosine Dist.": 0.8185624398872029
  },
  "occ_eval_res": {
    "precision": 31.107,
    "recall": 7.8377,
    "f-score": 12.5207
  },
  "clean_eval": {
    "f-score": 1.821705426356589,
    "precision": 1.1528084375766494,
    "recall": 4.339796860572484,
    "tp": 47,
    "fp": 4030,
    "fn": 1036
  },
  "jaccard": [
    0.7442356132532455
  ],
  "braycurtis": [
    0.5476629766297663
  ],
  "dice": [
    0.5926554544051844
  ],
  "cosinus": [
    0.2508777041944108
  ]
}