{
  "voc_eval_res": {
    "precision": 65.1448,
    "recall": 84.0862,
    "f-score": 73.4134
  },
  "KL_res": {
    "KL divergence": 0.11500459118565938,
    "Euclidean Dist.": 0.024552120179230124,
    "WER": 0.24377215788229734,
    "CER": 0.09758096473215894,
    "Cosine Dist.": 0.020617615239586384
  },
  "occ_eval_res": {
    "precision": 81.444,
    "recall": 91.1841,
    "f-score": 86.0393
  },
  "clean_eval": {
    "f-score": 68.94475453786313,
    "precision": 74.9104627286185,
    "recall": 63.85914919601059,
    "tp": 15687,
    "fp": 5254,
    "fn": 8878
  },
  "jaccard": [
    0.4176325289758693
  ],
  "braycurtis": [
    0.10489307017118471
  ],
  "dice": [
    0.2639289145052834
  ],
  "cosinus": [
    0.009342178008713398
  ]
}