{
  "voc_eval_res": {
    "precision": 5.3476,
    "recall": 0.4421,
    "f-score": 0.8167
  },
  "KL_res": {
    "KL divergence": 3.713381333135276,
    "Euclidean Dist.": 0.2859819395497949,
    "WER": 0.9831334332833583,
    "CER": 0.8675858364295627,
    "Cosine Dist.": 0.6042299307270269
  },
  "occ_eval_res": {
    "precision": 10.998,
    "recall": 2.024,
    "f-score": 3.4188
  },
  "clean_eval": {
    "f-score": 0.1343183344526528,
    "precision": 0.0782472613458529,
    "recall": 0.47393364928909953,
    "tp": 2,
    "fp": 2554,
    "fn": 420
  },
  "jaccard": [
    0.3958333333333333
  ],
  "braycurtis": [
    0.6884786426996524
  ],
  "dice": [
    0.24675324675324675
  ],
  "cosinus": [
    0.07640055694514136
  ]
}