{
  "voc_eval_res": {
    "precision": 37.931,
    "recall": 4.4534,
    "f-score": 7.971
  },
  "KL_res": {
    "KL divergence": 4.857823472134765,
    "Euclidean Dist.": 0.3886075495625009,
    "WER": 0.9054878048780488,
    "CER": 0.7386221294363257,
    "Cosine Dist.": 0.4028471624993175
  },
  "occ_eval_res": {
    "precision": 33.945,
    "recall": 11.2805,
    "f-score": 16.9336
  },
  "clean_eval": {
    "f-score": 14.742014742014742,
    "precision": 10.0,
    "recall": 28.037383177570092,
    "tp": 30,
    "fp": 270,
    "fn": 77
  },
  "jaccard": [
    0.8039073806078147
  ],
  "braycurtis": [
    0.59472049689441
  ],
  "dice": [
    0.6721113127646703
  ],
  "cosinus": [
    0.2738772517470699
  ]
}