{
  "voc_eval_res": {
    "precision": 7.8125,
    "recall": 2.2321,
    "f-score": 3.4722
  },
  "KL_res": {
    "KL divergence": 4.5562553731084465,
    "Euclidean Dist.": 0.15928869667647133,
    "WER": 0.9853333333333333,
    "CER": 0.7371860026136199,
    "Cosine Dist.": 0.8398297595961945
  },
  "occ_eval_res": {
    "precision": 6.2,
    "recall": 4.1333,
    "f-score": 4.96
  },
  "clean_eval": {
    "f-score": 0.5,
    "precision": 0.4166666666666667,
    "recall": 0.625,
    "tp": 3,
    "fp": 717,
    "fn": 477
  },
  "jaccard": [
    0.6886724386724387
  ],
  "braycurtis": [
    0.5438907607731868
  ],
  "dice": [
    0.525171939477304
  ],
  "cosinus": [
    0.2915654697314598
  ]
}