{
  "voc_eval_res": {
    "precision": 12.8655,
    "recall": 0.249,
    "f-score": 0.4885
  },
  "KL_res": {
    "KL divergence": 4.3322611500514565,
    "Euclidean Dist.": 0.2715239558177102,
    "WER": 0.996476200802342,
    "CER": 0.9497896183969339,
    "Cosine Dist.": 0.9797963428941613
  },
  "occ_eval_res": {
    "precision": 11.9681,
    "recall": 0.4879,
    "f-score": 0.9376
  },
  "clean_eval": {
    "f-score": 0.022465599550688012,
    "precision": 0.011673378859510886,
    "recall": 0.2976190476190476,
    "tp": 2,
    "fp": 17131,
    "fn": 670
  },
  "jaccard": [
    0.9029788803836577
  ],
  "braycurtis": [
    0.9121242823370483
  ],
  "dice": [
    0.823118957545187
  ],
  "cosinus": [
    0.5657390817679735
  ]
}