{
  "voc_eval_res": {
    "precision": 3.6765,
    "recall": 4.2194,
    "f-score": 3.9293
  },
  "KL_res": {
    "KL divergence": 4.040378092662725,
    "Euclidean Dist.": 0.10589893321267842,
    "WER": 2.2070240295748613,
    "CER": 1.9397423191278493,
    "Cosine Dist.": 0.4203210112364645
  },
  "occ_eval_res": {
    "precision": 5.6634,
    "recall": 12.939,
    "f-score": 7.8784
  },
  "clean_eval": {
    "f-score": 1.1785503830288746,
    "precision": 1.9193857965451053,
    "recall": 0.8503401360544218,
    "tp": 10,
    "fp": 511,
    "fn": 1166
  },
  "jaccard": [
    0.6367786110205412
  ],
  "braycurtis": [
    0.553348755853975
  ],
  "dice": [
    0.467113130829945
  ],
  "cosinus": [
    0.16083352907192727
  ]
}