{
  "voc_eval_res": {
    "precision": 6.2157,
    "recall": 1.2274,
    "f-score": 2.05
  },
  "KL_res": {
    "KL divergence": 3.691145713481087,
    "Euclidean Dist.": 0.14256394532826064,
    "WER": 0.9805747738158594,
    "CER": 0.7525232987515386,
    "Cosine Dist.": 0.7636880092938836
  },
  "occ_eval_res": {
    "precision": 5.9131,
    "recall": 3.0069,
    "f-score": 3.9866
  },
  "clean_eval": {
    "f-score": 0.3710575139146568,
    "precision": 0.2828854314002829,
    "recall": 0.5390835579514826,
    "tp": 10,
    "fp": 3525,
    "fn": 1845
  },
  "jaccard": [
    0.7139274691358025
  ],
  "braycurtis": [
    0.5213181981524933
  ],
  "dice": [
    0.5551222438878056
  ],
  "cosinus": [
    0.21835084599107168
  ]
}