{
  "voc_eval_res": {
    "precision": 45.9119,
    "recall": 5.1883,
    "f-score": 9.3231
  },
  "KL_res": {
    "KL divergence": 4.02563687554298,
    "Euclidean Dist.": 0.2173105395953979,
    "WER": 0.9273557492735575,
    "CER": 0.7752532357906584,
    "Cosine Dist.": 0.7937534551081918
  },
  "occ_eval_res": {
    "precision": 41.0101,
    "recall": 8.4267,
    "f-score": 13.9807
  },
  "clean_eval": {
    "f-score": 4.511834319526628,
    "precision": 2.7489860297431274,
    "recall": 12.577319587628866,
    "tp": 61,
    "fp": 2158,
    "fn": 424
  },
  "jaccard": [
    0.7826859045504995
  ],
  "braycurtis": [
    0.6068131168417701
  ],
  "dice": [
    0.6429613420860686
  ],
  "cosinus": [
    0.2570770351821977
  ]
}