{
  "voc_eval_res": {
    "precision": 75.9259,
    "recall": 25.4658,
    "f-score": 38.1395
  },
  "KL_res": {
    "KL divergence": 1.1223666944533843,
    "Euclidean Dist.": 0.2772980592569689,
    "WER": 0.405,
    "CER": 0.2801111797405806,
    "Cosine Dist.": 0.0028890644916340635
  },
  "occ_eval_res": {
    "precision": 80.6962,
    "recall": 63.75,
    "f-score": 71.2291
  },
  "clean_eval": {
    "f-score": 34.41466854724965,
    "precision": 31.043256997455472,
    "recall": 38.607594936708864,
    "tp": 122,
    "fp": 271,
    "fn": 194
  },
  "jaccard": [
    0.32608695652173914
  ],
  "braycurtis": [
    0.08473458621826574
  ],
  "dice": [
    0.19480519480519481
  ],
  "cosinus": [
    0.006199028482120839
  ]
}