{
  "voc_eval_res": {
    "precision": 83.3333,
    "recall": 33.0189,
    "f-score": 47.2973
  },
  "KL_res": {
    "KL divergence": 3.384497976720004,
    "Euclidean Dist.": 0.31777921891248845,
    "WER": 0.6768558951965066,
    "CER": 0.6450742240215924,
    "Cosine Dist.": 0.2460658869918546
  },
  "occ_eval_res": {
    "precision": 80.4124,
    "recall": 34.0611,
    "f-score": 47.8528
  },
  "clean_eval": {
    "f-score": 38.88888888888889,
    "precision": 27.631578947368425,
    "recall": 65.625,
    "tp": 63,
    "fp": 165,
    "fn": 33
  },
  "jaccard": [
    0.35714285714285715
  ],
  "braycurtis": [
    0.4311054798859677
  ],
  "dice": [
    0.21739130434782608
  ],
  "cosinus": [
    0.0822440857678316
  ]
}