{
  "voc_eval_res": {
    "precision": 40.7407,
    "recall": 1.1683,
    "f-score": 2.2716
  },
  "KL_res": {
    "KL divergence": 4.916229149843264,
    "Euclidean Dist.": 0.3066973022118933,
    "WER": 0.9892551892551893,
    "CER": 0.9447865788914844,
    "Cosine Dist.": 0.9401785370875911
  },
  "occ_eval_res": {
    "precision": 36.8421,
    "recall": 1.1966,
    "f-score": 2.3179
  },
  "clean_eval": {
    "f-score": 0.8303061754021795,
    "precision": 0.429991937651169,
    "recall": 12.030075187969924,
    "tp": 16,
    "fp": 3705,
    "fn": 117
  },
  "jaccard": [
    0.9153082255949035
  ],
  "braycurtis": [
    0.9014878926383351
  ],
  "dice": [
    0.8438417688719986
  ],
  "cosinus": [
    0.40209934235015554
  ]
}