{
  "voc_eval_res": {
    "precision": 16.6068,
    "recall": 41.2669,
    "f-score": 23.683
  },
  "KL_res": {
    "KL divergence": 0.4585612066394667,
    "Euclidean Dist.": 0.04969691143745429,
    "WER": 0.642905105164412,
    "CER": 0.21128508547747138,
    "Cosine Dist.": 0.11033710604541758
  },
  "occ_eval_res": {
    "precision": 50.23,
    "recall": 56.2832,
    "f-score": 53.0846
  },
  "clean_eval": {
    "f-score": 42.43572395128552,
    "precision": 44.27140606889173,
    "recall": 40.746211499534986,
    "tp": 44688,
    "fp": 56253,
    "fn": 64986
  },
  "jaccard": [
    0.8490268456375839
  ],
  "braycurtis": [
    0.438151943839559
  ],
  "dice": [
    0.7376599900871745
  ],
  "cosinus": [
    0.060530642262620615
  ]
}