{
  "voc_eval_res": {
    "precision": 7.7465,
    "recall": 2.5581,
    "f-score": 3.8462
  },
  "KL_res": {
    "KL divergence": 4.898921416446259,
    "Euclidean Dist.": 0.21631949319364752,
    "WER": 0.9736263736263736,
    "CER": 0.7390555828824398,
    "Cosine Dist.": 0.9073221989883504
  },
  "occ_eval_res": {
    "precision": 7.0111,
    "recall": 4.1758,
    "f-score": 5.2342
  },
  "clean_eval": {
    "f-score": 0.5780346820809248,
    "precision": 0.45662100456621,
    "recall": 0.7874015748031495,
    "tp": 2,
    "fp": 436,
    "fn": 252
  },
  "jaccard": [
    0.34210526315789475
  ],
  "braycurtis": [
    0.32841675819865057
  ],
  "dice": [
    0.20634920634920634
  ],
  "cosinus": [
    0.09493713601948728
  ]
}