{
  "voc_eval_res": {
    "precision": 16.4524,
    "recall": 0.9308,
    "f-score": 1.7619
  },
  "KL_res": {
    "KL divergence": 3.1259492230148886,
    "Euclidean Dist.": 0.357479079668464,
    "WER": 0.9802508146538955,
    "CER": 0.826144828115801,
    "Cosine Dist.": 0.9032795770528657
  },
  "occ_eval_res": {
    "precision": 11.2676,
    "recall": 2.6069,
    "f-score": 4.2342
  },
  "clean_eval": {
    "f-score": 0.8700844493730273,
    "precision": 0.5413438063899798,
    "recall": 2.215464813205908,
    "tp": 51,
    "fp": 9370,
    "fn": 2251
  },
  "jaccard": [
    0.5166666666666667
  ],
  "braycurtis": [
    0.6158654797230465
  ],
  "dice": [
    0.34831460674157305
  ],
  "cosinus": [
    0.14505936175079182
  ]
}