{
  "voc_eval_res": {
    "precision": 23.7668,
    "recall": 1.4771,
    "f-score": 2.7814
  },
  "KL_res": {
    "KL divergence": 3.4827826095691274,
    "Euclidean Dist.": 0.2209901727914283,
    "WER": 0.9634866654734204,
    "CER": 0.821534327021176,
    "Cosine Dist.": 0.7661686261039431
  },
  "occ_eval_res": {
    "precision": 23.4912,
    "recall": 4.5284,
    "f-score": 7.593
  },
  "clean_eval": {
    "f-score": 0.2238567316917173,
    "precision": 0.13333333333333333,
    "recall": 0.697211155378486,
    "tp": 7,
    "fp": 5243,
    "fn": 997
  },
  "jaccard": [
    0.4915254237288136
  ],
  "braycurtis": [
    0.62772190118174
  ],
  "dice": [
    0.3258426966292135
  ],
  "cosinus": [
    0.04186058248546254
  ]
}