{
  "voc_eval_res": {
    "precision": 60.8108,
    "recall": 36.5854,
    "f-score": 45.6853
  },
  "KL_res": {
    "KL divergence": 1.7251335957033702,
    "Euclidean Dist.": 0.1613205894845237,
    "WER": 0.7564102564102564,
    "CER": 0.5804157549234136,
    "Cosine Dist.": 0.05225523303982149
  },
  "occ_eval_res": {
    "precision": 56.5217,
    "recall": 55.5556,
    "f-score": 56.0345
  },
  "clean_eval": {
    "f-score": 24.46043165467626,
    "precision": 23.72093023255814,
    "recall": 25.247524752475247,
    "tp": 51,
    "fp": 164,
    "fn": 151
  },
  "jaccard": [
    0.32653061224489793
  ],
  "braycurtis": [
    0.0738218469081994
  ],
  "dice": [
    0.1951219512195122
  ],
  "cosinus": [
    0.008518267821382541
  ]
}