{
  "voc_eval_res": {
    "precision": 52.349,
    "recall": 20.8556,
    "f-score": 29.8279
  },
  "KL_res": {
    "KL divergence": 3.725695843333253,
    "Euclidean Dist.": 0.5957486950435336,
    "WER": 0.8938775510204081,
    "CER": 0.6937964402972179,
    "Cosine Dist.": 0.8854573826656631
  },
  "occ_eval_res": {
    "precision": 36.2445,
    "recall": 16.9388,
    "f-score": 23.0876
  },
  "clean_eval": {
    "f-score": 8.695652173913043,
    "precision": 6.347554630593131,
    "recall": 13.800904977375566,
    "tp": 61,
    "fp": 900,
    "fn": 381
  },
  "jaccard": [
    0.4264705882352941
  ],
  "braycurtis": [
    0.3168276972624799
  ],
  "dice": [
    0.27102803738317754
  ],
  "cosinus": [
    0.09130904137409246
  ]
}