{
  "voc_eval_res": {
    "precision": 25.8427,
    "recall": 4.1423,
    "f-score": 7.1401
  },
  "KL_res": {
    "KL divergence": 3.2470535744983264,
    "Euclidean Dist.": 0.24445960054390878,
    "WER": 0.9171080508474576,
    "CER": 0.7433200245700246,
    "Cosine Dist.": 0.2840200234274193
  },
  "occ_eval_res": {
    "precision": 28.4076,
    "recall": 11.8114,
    "f-score": 16.6854
  },
  "clean_eval": {
    "f-score": 4.071661237785016,
    "precision": 2.9489826010026543,
    "recall": 6.574621959237343,
    "tp": 100,
    "fp": 3291,
    "fn": 1421
  },
  "jaccard": [
    0.6999387630128597
  ],
  "braycurtis": [
    0.4967190093195455
  ],
  "dice": [
    0.5383890720678285
  ],
  "cosinus": [
    0.24390794175351938
  ]
}