{
  "voc_eval_res": {
    "precision": 9.1567,
    "recall": 17.4527,
    "f-score": 12.0115
  },
  "KL_res": {
    "KL divergence": 0.6758677896479095,
    "Euclidean Dist.": 0.05984325994317847,
    "WER": 0.8708776182944316,
    "CER": 0.5956145805309041,
    "Cosine Dist.": 0.15631617475022253
  },
  "occ_eval_res": {
    "precision": 41.9311,
    "recall": 25.1361,
    "f-score": 31.4307
  },
  "clean_eval": {
    "f-score": 17.123154530303463,
    "precision": 13.356366980686534,
    "recall": 23.849130967386866,
    "tp": 26867,
    "fp": 174288,
    "fn": 85787
  },
  "jaccard": [
    0.9240554268401354
  ],
  "braycurtis": [
    0.6755298292716966
  ],
  "dice": [
    0.858831811499679
  ],
  "cosinus": [
    0.13365931972527145
  ]
}