{
  "voc_eval_res": {
    "precision": 12.0393,
    "recall": 0.8416,
    "f-score": 1.5733
  },
  "KL_res": {
    "KL divergence": 3.3132726077408754,
    "Euclidean Dist.": 0.2625336229867356,
    "WER": 0.983874968990325,
    "CER": 0.8536326674916033,
    "Cosine Dist.": 0.7676626727428024
  },
  "occ_eval_res": {
    "precision": 11.9139,
    "recall": 1.9226,
    "f-score": 3.3109
  },
  "clean_eval": {
    "f-score": 0.15932627745533173,
    "precision": 0.09319664492078285,
    "recall": 0.54858934169279,
    "tp": 7,
    "fp": 7504,
    "fn": 1269
  },
  "jaccard": [
    0.9903204272363151
  ],
  "braycurtis": [
    0.9647784632641615
  ],
  "dice": [
    0.9808264462809917
  ],
  "cosinus": [
    0.754068219482452
  ]
}