{
  "voc_eval_res": {
    "precision": 12.0853,
    "recall": 1.0079,
    "f-score": 1.8606
  },
  "KL_res": {
    "KL divergence": 3.4306340781875138,
    "Euclidean Dist.": 0.23591514995789906,
    "WER": 0.9840348330914369,
    "CER": 0.8308882023199452,
    "Cosine Dist.": 0.806520153386556
  },
  "occ_eval_res": {
    "precision": 9.6154,
    "recall": 2.0319,
    "f-score": 3.3549
  },
  "clean_eval": {
    "f-score": 0.40852802246904124,
    "precision": 0.2498048399687744,
    "recall": 1.1204481792717087,
    "tp": 16,
    "fp": 6389,
    "fn": 1412
  },
  "jaccard": [
    0.9893758300132802
  ],
  "braycurtis": [
    0.9641950228542407
  ],
  "dice": [
    0.9789750328515112
  ],
  "cosinus": [
    0.7599344166333862
  ]
}