{
  "voc_eval_res": {
    "precision": 12.9167,
    "recall": 53.4483,
    "f-score": 20.8054
  },
  "KL_res": {
    "KL divergence": 1.7816442505036894,
    "Euclidean Dist.": 0.21100789864922107,
    "WER": 5.377450980392157,
    "CER": 5.60573476702509,
    "Cosine Dist.": 0.48235572156258033
  },
  "occ_eval_res": {
    "precision": 12.2483,
    "recall": 71.5686,
    "f-score": 20.9169
  },
  "clean_eval": {
    "f-score": 14.466815809097689,
    "precision": 49.743589743589745,
    "recall": 8.464223385689355,
    "tp": 97,
    "fp": 98,
    "fn": 1049
  },
  "jaccard": [
    0.6566579634464752
  ],
  "braycurtis": [
    0.7406598738476468
  ],
  "dice": [
    0.48882410106899904
  ],
  "cosinus": [
    0.2115752806199409
  ]
}