{
  "voc_eval_res": {
    "precision": 10.1124,
    "recall": 0.4219,
    "f-score": 0.8101
  },
  "KL_res": {
    "KL divergence": 5.063651238810211,
    "Euclidean Dist.": 0.327408956072336,
    "WER": 0.9951255179137216,
    "CER": 0.9129242372300308,
    "Cosine Dist.": 0.9735108298732111
  },
  "occ_eval_res": {
    "precision": 7.9681,
    "recall": 0.4874,
    "f-score": 0.9187
  },
  "clean_eval": {
    "f-score": 0.34869240348692404,
    "precision": 0.18597236981934112,
    "recall": 2.788844621513944,
    "tp": 7,
    "fp": 3757,
    "fn": 244
  },
  "jaccard": [
    0.9944649446494465
  ],
  "braycurtis": [
    0.9839948783610756
  ],
  "dice": [
    0.9889908256880734
  ],
  "cosinus": [
    0.9116692955633023
  ]
}