{
  "voc_eval_res": {
    "precision": 8.9286,
    "recall": 0.1816,
    "f-score": 0.3559
  },
  "KL_res": {
    "KL divergence": 4.516716586184435,
    "Euclidean Dist.": 0.22284881370871693,
    "WER": 0.9982316534040672,
    "CER": 0.96566774482678,
    "Cosine Dist.": 0.9827045979284846
  },
  "occ_eval_res": {
    "precision": 7.0312,
    "recall": 0.1989,
    "f-score": 0.3869
  },
  "clean_eval": {
    "f-score": 0.3056546102903719,
    "precision": 0.15781167806417673,
    "recall": 4.838709677419355,
    "tp": 6,
    "fp": 3796,
    "fn": 118
  },
  "jaccard": [
    0.9978843441466855
  ],
  "braycurtis": [
    0.9950698438783895
  ],
  "dice": [
    0.995777621393385
  ],
  "cosinus": [
    0.9831118374081591
  ]
}