{
  "voc_eval_res": {
    "precision": 3.1169,
    "recall": 0.3053,
    "f-score": 0.5562
  },
  "KL_res": {
    "KL divergence": 3.477392963587084,
    "Euclidean Dist.": 0.25666180526349913,
    "WER": 0.9935422147811528,
    "CER": 0.8499105945462673,
    "Cosine Dist.": 0.856429236796987
  },
  "occ_eval_res": {
    "precision": 1.4919,
    "recall": 0.8132,
    "f-score": 1.0526
  },
  "clean_eval": {
    "f-score": 0.16244314489928527,
    "precision": 0.1274534794799898,
    "recall": 0.22391401701746527,
    "tp": 5,
    "fp": 3918,
    "fn": 2228
  },
  "jaccard": [
    0.9957973383142658
  ],
  "braycurtis": [
    0.9852320675105485
  ],
  "dice": [
    0.9916298535224366
  ],
  "cosinus": [
    0.9013695033569014
  ]
}