{
  "voc_eval_res": {
    "precision": 82.2222,
    "recall": 64.5349,
    "f-score": 72.3127
  },
  "KL_res": {
    "KL divergence": 2.8766846465631883,
    "Euclidean Dist.": 0.45102828651403537,
    "WER": 0.5238784370477568,
    "CER": 0.5848611363223816,
    "Cosine Dist.": 0.43157846130200095
  },
  "occ_eval_res": {
    "precision": 85.9564,
    "recall": 51.3748,
    "f-score": 64.3116
  },
  "clean_eval": {
    "f-score": 34.09298085688241,
    "precision": 27.219796215429405,
    "recall": 45.609756097560975,
    "tp": 187,
    "fp": 500,
    "fn": 223
  },
  "jaccard": [
    0.26666666666666666
  ],
  "braycurtis": [
    0.36181213837252246
  ],
  "dice": [
    0.15384615384615385
  ],
  "cosinus": [
    0.07637367618818902
  ]
}