{
  "voc_eval_res": {
    "precision": 49.6774,
    "recall": 49.6774,
    "f-score": 49.6774
  },
  "KL_res": {
    "KL divergence": 1.2733008009475393,
    "Euclidean Dist.": 0.07520948989753644,
    "WER": 0.7206477732793523,
    "CER": 0.5536676336510568,
    "Cosine Dist.": 0.030823131862122932
  },
  "occ_eval_res": {
    "precision": 60.241,
    "recall": 60.7287,
    "f-score": 60.4839
  },
  "clean_eval": {
    "f-score": 33.88429752066116,
    "precision": 33.88429752066116,
    "recall": 33.88429752066116,
    "tp": 82,
    "fp": 160,
    "fn": 160
  },
  "jaccard": [
    0.13157894736842105
  ],
  "braycurtis": [
    0.03847711624139328
  ],
  "dice": [
    0.07042253521126761
  ],
  "cosinus": [
    0.0018472424354930572
  ]
}