{
  "voc_eval_res": {
    "precision": 83.5749,
    "recall": 55.2716,
    "f-score": 66.5385
  },
  "KL_res": {
    "KL divergence": 4.111227540433629,
    "Euclidean Dist.": 0.3939899446118122,
    "WER": 0.6860364267129229,
    "CER": 0.4450777202072539,
    "Cosine Dist.": 0.6798557740644662
  },
  "occ_eval_res": {
    "precision": 86.3229,
    "recall": 33.3912,
    "f-score": 48.1551
  },
  "clean_eval": {
    "f-score": 32.07547169811321,
    "precision": 22.23190932868352,
    "recall": 57.56207674943566,
    "tp": 255,
    "fp": 892,
    "fn": 188
  },
  "jaccard": [
    0.1282051282051282
  ],
  "braycurtis": [
    0.2507069722086787
  ],
  "dice": [
    0.0684931506849315
  ],
  "cosinus": [
    0.13888190773489895
  ]
}