{
  "voc_eval_res": {
    "precision": 75.7576,
    "recall": 38.2653,
    "f-score": 50.8475
  },
  "KL_res": {
    "KL divergence": 0.9608488979179144,
    "Euclidean Dist.": 0.13725498713526033,
    "WER": 0.4117647058823529,
    "CER": 0.3414902392081386,
    "Cosine Dist.": 0.0069026023440571516
  },
  "occ_eval_res": {
    "precision": 87.0166,
    "recall": 66.1765,
    "f-score": 75.179
  },
  "clean_eval": {
    "f-score": 40.87061668681983,
    "precision": 36.034115138592746,
    "recall": 47.20670391061452,
    "tp": 169,
    "fp": 300,
    "fn": 189
  },
  "jaccard": [
    0.4692256783587028
  ],
  "braycurtis": [
    0.15986900863352188
  ],
  "dice": [
    0.30652831820147
  ],
  "cosinus": [
    0.012554214012054032
  ]
}