{
  "voc_eval_res": {
    "precision": 42.233,
    "recall": 51.1765,
    "f-score": 46.2766
  },
  "KL_res": {
    "KL divergence": 0.7319099008055973,
    "Euclidean Dist.": 0.09769559590748954,
    "WER": 1.2402707275803722,
    "CER": 1.1386990077177508,
    "Cosine Dist.": 0.05925282256359299
  },
  "occ_eval_res": {
    "precision": 44.4019,
    "recall": 78.511,
    "f-score": 56.7237
  },
  "clean_eval": {
    "f-score": 27.989130434782606,
    "precision": 38.361266294227185,
    "recall": 22.032085561497325,
    "tp": 206,
    "fp": 331,
    "fn": 729
  },
  "jaccard": [
    0.6725352112676056
  ],
  "braycurtis": [
    0.4179008370895042
  ],
  "dice": [
    0.506631299734748
  ],
  "cosinus": [
    0.07231725185731985
  ]
}