{
  "voc_eval_res": {
    "precision": 71.7042,
    "recall": 39.6092,
    "f-score": 51.0297
  },
  "KL_res": {
    "KL divergence": 1.5377126725596053,
    "Euclidean Dist.": 0.09853569520564852,
    "WER": 0.5653082549634274,
    "CER": 0.41867101508357113,
    "Cosine Dist.": 0.07762430029532863
  },
  "occ_eval_res": {
    "precision": 76.4706,
    "recall": 48.9028,
    "f-score": 59.6558
  },
  "clean_eval": {
    "f-score": 46.74479166666667,
    "precision": 38.232161874334395,
    "recall": 60.13400335008375,
    "tp": 359,
    "fp": 580,
    "fn": 238
  },
  "jaccard": [
    0.40298507462686567
  ],
  "braycurtis": [
    0.1257875958399757
  ],
  "dice": [
    0.2523364485981308
  ],
  "cosinus": [
    0.006385326014694659
  ]
}