{
  "voc_eval_res": {
    "precision": 77.3333,
    "recall": 41.5771,
    "f-score": 54.0793
  },
  "KL_res": {
    "KL divergence": 1.8984892529420383,
    "Euclidean Dist.": 0.21139939144715159,
    "WER": 0.5294797687861271,
    "CER": 0.43236964377903975,
    "Cosine Dist.": 0.31822203923451364
  },
  "occ_eval_res": {
    "precision": 76.748,
    "recall": 54.5665,
    "f-score": 63.7838
  },
  "clean_eval": {
    "f-score": 28.357191547375592,
    "precision": 24.327485380116958,
    "recall": 33.98692810457516,
    "tp": 208,
    "fp": 647,
    "fn": 404
  },
  "jaccard": [
    0.29411764705882354
  ],
  "braycurtis": [
    0.16359841991503316
  ],
  "dice": [
    0.1724137931034483
  ],
  "cosinus": [
    0.036224631594126255
  ]
}