{
  "voc_eval_res": {
    "precision": 11.5385,
    "recall": 0.8137,
    "f-score": 1.5203
  },
  "KL_res": {
    "KL divergence": 4.643653292791836,
    "Euclidean Dist.": 0.25441166423948325,
    "WER": 0.9897348160821214,
    "CER": 0.9268099616391646,
    "Cosine Dist.": 0.82251565035796
  },
  "occ_eval_res": {
    "precision": 8.6486,
    "recall": 1.3687,
    "f-score": 2.3634
  },
  "clean_eval": {
    "f-score": 1.111111111111111,
    "precision": 0.6499535747446611,
    "recall": 3.825136612021858,
    "tp": 7,
    "fp": 1070,
    "fn": 176
  },
  "jaccard": [
    0.8746122026887281
  ],
  "braycurtis": [
    0.8615067883374138
  ],
  "dice": [
    0.7771651734436021
  ],
  "cosinus": [
    0.3539431255747131
  ]
}