{
  "voc_eval_res": {
    "precision": 27.2727,
    "recall": 2.3591,
    "f-score": 4.3426
  },
  "KL_res": {
    "KL divergence": 4.922907054675608,
    "Euclidean Dist.": 0.3085445832742617,
    "WER": 0.9624542124542125,
    "CER": 0.8494208494208494,
    "Cosine Dist.": 0.6349068245071192
  },
  "occ_eval_res": {
    "precision": 30.9859,
    "recall": 4.0293,
    "f-score": 7.1313
  },
  "clean_eval": {
    "f-score": 2.717391304347826,
    "precision": 1.557632398753894,
    "recall": 10.638297872340425,
    "tp": 15,
    "fp": 948,
    "fn": 126
  },
  "jaccard": [
    0.8475488807027487
  ],
  "braycurtis": [
    0.7354530601985673
  ],
  "dice": [
    0.735431522006393
  ],
  "cosinus": [
    0.366066396689427
  ]
}