{
  "voc_eval_res": {
    "precision": 16.6667,
    "recall": 1.0431,
    "f-score": 1.9633
  },
  "KL_res": {
    "KL divergence": 3.207269798547829,
    "Euclidean Dist.": 0.16504212562018236,
    "WER": 0.9837177747625508,
    "CER": 0.8857666358436933,
    "Cosine Dist.": 0.769095743122885
  },
  "occ_eval_res": {
    "precision": 16.6492,
    "recall": 1.9613,
    "f-score": 3.5092
  },
  "clean_eval": {
    "f-score": 0.6887221743942935,
    "precision": 0.3888888888888889,
    "recall": 3.007518796992481,
    "tp": 28,
    "fp": 7172,
    "fn": 903
  },
  "jaccard": [
    0.7778945787655804
  ],
  "braycurtis": [
    0.7931605972269492
  ],
  "dice": [
    0.6365200294912755
  ],
  "cosinus": [
    0.22452636278152205
  ]
}