{
  "voc_eval_res": {
    "precision": 5.9937,
    "recall": 19.2186,
    "f-score": 9.1377
  },
  "KL_res": {
    "KL divergence": 1.446086395391486,
    "Euclidean Dist.": 0.1476796142589896,
    "WER": 1.6330293878499245,
    "CER": 0.7703825440841104,
    "Cosine Dist.": 0.6012590470131631
  },
  "occ_eval_res": {
    "precision": 18.2385,
    "recall": 33.4534,
    "f-score": 23.6068
  },
  "clean_eval": {
    "f-score": 10.496544685562062,
    "precision": 17.558378425301658,
    "recall": 7.485812978040958,
    "tp": 6068,
    "fp": 28491,
    "fn": 74992
  },
  "jaccard": [
    0.8376944094157209
  ],
  "braycurtis": [
    0.4767195827492811
  ],
  "dice": [
    0.7207178698973826
  ],
  "cosinus": [
    0.2375245029086529
  ]
}