{
  "voc_eval_res": {
    "precision": 13.8298,
    "recall": 0.3517,
    "f-score": 0.686
  },
  "KL_res": {
    "KL divergence": 4.548258733547414,
    "Euclidean Dist.": 0.2521631446391714,
    "WER": 0.9958683783384978,
    "CER": 0.9512559402579769,
    "Cosine Dist.": 0.966674136719106
  },
  "occ_eval_res": {
    "precision": 13.2075,
    "recall": 0.5165,
    "f-score": 0.994
  },
  "clean_eval": {
    "f-score": 0.06535947712418301,
    "precision": 0.0341180484476288,
    "recall": 0.7751937984496124,
    "tp": 2,
    "fp": 5860,
    "fn": 256
  },
  "jaccard": [
    0.9260457334076966
  ],
  "braycurtis": [
    0.9128878576189183
  ],
  "dice": [
    0.8622766929788118
  ],
  "cosinus": [
    0.4570817980805332
  ]
}