{
  "voc_eval_res": {
    "precision": 12.6316,
    "recall": 0.59,
    "f-score": 1.1273
  },
  "KL_res": {
    "KL divergence": 4.189784987579669,
    "Euclidean Dist.": 0.24808299192335947,
    "WER": 0.9945286195286195,
    "CER": 0.8990190101424375,
    "Cosine Dist.": 0.9463951114355641
  },
  "occ_eval_res": {
    "precision": 5.814,
    "recall": 0.6313,
    "f-score": 1.139
  },
  "clean_eval": {
    "f-score": 0.4093327875562832,
    "precision": 0.22810218978102187,
    "recall": 1.9920318725099602,
    "tp": 5,
    "fp": 2187,
    "fn": 246
  },
  "jaccard": [
    0.8576696165191741
  ],
  "braycurtis": [
    0.843541717343712
  ],
  "dice": [
    0.7508069722401549
  ],
  "cosinus": [
    0.45917940083618125
  ]
}