{
  "voc_eval_res": {
    "precision": 69.2308,
    "recall": 45.0,
    "f-score": 54.5455
  },
  "KL_res": {
    "KL divergence": 3.862808632805455,
    "Euclidean Dist.": 0.41963660142216386,
    "WER": 0.6226415094339622,
    "CER": 0.5567010309278351,
    "Cosine Dist.": 0.40075855904170243
  },
  "occ_eval_res": {
    "precision": 75.0,
    "recall": 39.6226,
    "f-score": 51.8519
  },
  "clean_eval": {
    "f-score": 51.85185185185185,
    "precision": 39.62264150943396,
    "recall": 75.0,
    "tp": 21,
    "fp": 32,
    "fn": 7
  },
  "jaccard": [
    0.5741324921135647
  ],
  "braycurtis": [
    0.41732283464566927
  ],
  "dice": [
    0.4026548672566372
  ],
  "cosinus": [
    0.3765450427889021
  ]
}