{
  "voc_eval_res": {
    "precision": 29.7297,
    "recall": 3.2339,
    "f-score": 5.8333
  },
  "KL_res": {
    "KL divergence": 3.632138922292164,
    "Euclidean Dist.": 0.16957624552702896,
    "WER": 0.9624926166568222,
    "CER": 0.8237838688111998,
    "Cosine Dist.": 0.6830695980889985
  },
  "occ_eval_res": {
    "precision": 27.5908,
    "recall": 6.0543,
    "f-score": 9.9298
  },
  "clean_eval": {
    "f-score": 0.46789706264621783,
    "precision": 0.28883183568677795,
    "recall": 1.231190150478796,
    "tp": 9,
    "fp": 3107,
    "fn": 722
  },
  "jaccard": [
    0.48148148148148145
  ],
  "braycurtis": [
    0.5978277734678045
  ],
  "dice": [
    0.3170731707317073
  ],
  "cosinus": [
    0.027256648603592115
  ]
}