{
  "voc_eval_res": {
    "precision": 24.6269,
    "recall": 4.1825,
    "f-score": 7.1506
  },
  "KL_res": {
    "KL divergence": 4.426082668929275,
    "Euclidean Dist.": 0.22701032476559507,
    "WER": 0.9551345962113659,
    "CER": 0.7683098591549296,
    "Cosine Dist.": 0.830929980187526
  },
  "occ_eval_res": {
    "precision": 17.8451,
    "recall": 5.2841,
    "f-score": 8.1538
  },
  "clean_eval": {
    "f-score": 1.5987210231814548,
    "precision": 1.0460251046025104,
    "recall": 3.389830508474576,
    "tp": 10,
    "fp": 946,
    "fn": 285
  },
  "jaccard": [
    0.40816326530612246
  ],
  "braycurtis": [
    0.49896394529631166
  ],
  "dice": [
    0.2564102564102564
  ],
  "cosinus": [
    0.04888659706866316
  ]
}