{
  "voc_eval_res": {
    "precision": 18.4549,
    "recall": 2.3319,
    "f-score": 4.1406
  },
  "KL_res": {
    "KL divergence": 4.158161818609393,
    "Euclidean Dist.": 0.2251465871360395,
    "WER": 0.9774791136941519,
    "CER": 0.8034875162769631,
    "Cosine Dist.": 0.9523969310833958
  },
  "occ_eval_res": {
    "precision": 12.8039,
    "recall": 2.8696,
    "f-score": 4.6884
  },
  "clean_eval": {
    "f-score": 1.2763241863433312,
    "precision": 0.7895775759968418,
    "recall": 3.3277870216306153,
    "tp": 20,
    "fp": 2513,
    "fn": 581
  },
  "jaccard": [
    0.9754385964912281
  ],
  "braycurtis": [
    0.9404721176873075
  ],
  "dice": [
    0.952054794520548
  ],
  "cosinus": [
    0.9417139927246384
  ]
}