{
  "voc_eval_res": {
    "precision": 18.9744,
    "recall": 1.9092,
    "f-score": 3.4693
  },
  "KL_res": {
    "KL divergence": 3.9103785360047674,
    "Euclidean Dist.": 0.15141854535559154,
    "WER": 0.9779168200220831,
    "CER": 0.8654549365454937,
    "Cosine Dist.": 0.840547199153902
  },
  "occ_eval_res": {
    "precision": 20.1635,
    "recall": 2.7236,
    "f-score": 4.799
  },
  "clean_eval": {
    "f-score": 0.6983240223463686,
    "precision": 0.3987240829346092,
    "recall": 2.8089887640449436,
    "tp": 10,
    "fp": 2498,
    "fn": 346
  },
  "jaccard": [
    0.9790652385589095
  ],
  "braycurtis": [
    0.9456171735241503
  ],
  "dice": [
    0.9589890319504053
  ],
  "cosinus": [
    0.8881064109942716
  ]
}