{
  "voc_eval_res": {
    "precision": 9.7403,
    "recall": 0.4524,
    "f-score": 0.8646
  },
  "KL_res": {
    "KL divergence": 3.7275543941803697,
    "Euclidean Dist.": 0.3733567327347371,
    "WER": 0.9908883826879271,
    "CER": 0.8755085435313262,
    "Cosine Dist.": 0.9499994276596824
  },
  "occ_eval_res": {
    "precision": 7.1322,
    "recall": 1.0934,
    "f-score": 1.8961
  },
  "clean_eval": {
    "f-score": 0.13455931823278763,
    "precision": 0.07880220646178093,
    "recall": 0.4601226993865031,
    "tp": 3,
    "fp": 3804,
    "fn": 649
  },
  "jaccard": [
    0.4909090909090909
  ],
  "braycurtis": [
    0.7162414764499908
  ],
  "dice": [
    0.3253012048192771
  ],
  "cosinus": [
    0.1252013685428386
  ]
}