{
  "voc_eval_res": {
    "precision": 21.7742,
    "recall": 1.2151,
    "f-score": 2.3018
  },
  "KL_res": {
    "KL divergence": 3.8898136816080178,
    "Euclidean Dist.": 0.15184191314064857,
    "WER": 0.9853854585312386,
    "CER": 0.9270868014268727,
    "Cosine Dist.": 0.7064995435939829
  },
  "occ_eval_res": {
    "precision": 23.8739,
    "recall": 1.9364,
    "f-score": 3.5823
  },
  "clean_eval": {
    "f-score": 0.14089468122578375,
    "precision": 0.07578628268283441,
    "recall": 1.0,
    "tp": 2,
    "fp": 2637,
    "fn": 198
  },
  "jaccard": [
    0.9865350089766607
  ],
  "braycurtis": [
    0.9715249156987635
  ],
  "dice": [
    0.9734278122232064
  ],
  "cosinus": [
    0.9300578516502052
  ]
}