{
  "voc_eval_res": {
    "precision": 13.4454,
    "recall": 0.9656,
    "f-score": 1.8018
  },
  "KL_res": {
    "KL divergence": 4.3238322261014766,
    "Euclidean Dist.": 0.2795962106361666,
    "WER": 0.9925133689839573,
    "CER": 0.9191998431064915,
    "Cosine Dist.": 0.938649218802742
  },
  "occ_eval_res": {
    "precision": 7.2464,
    "recall": 1.0695,
    "f-score": 1.8639
  },
  "clean_eval": {
    "f-score": 0.5350454788657035,
    "precision": 0.3132832080200501,
    "recall": 1.8315018315018317,
    "tp": 5,
    "fp": 1591,
    "fn": 268
  },
  "jaccard": [
    0.9917355371900827
  ],
  "braycurtis": [
    0.9823960880195599
  ],
  "dice": [
    0.9836065573770492
  ],
  "cosinus": [
    0.9581028201732537
  ]
}