{
  "voc_eval_res": {
    "precision": 35.906,
    "recall": 2.2455,
    "f-score": 4.2267
  },
  "KL_res": {
    "KL divergence": 3.537801543775445,
    "Euclidean Dist.": 0.1916289183236075,
    "WER": 0.9650611705058966,
    "CER": 0.8760389849209268,
    "Cosine Dist.": 0.7582576743281582
  },
  "occ_eval_res": {
    "precision": 40.8451,
    "recall": 4.4748,
    "f-score": 8.066
  },
  "clean_eval": {
    "f-score": 2.150995634117772,
    "precision": 1.1992400854903824,
    "recall": 10.42311661506708,
    "tp": 101,
    "fp": 8321,
    "fn": 868
  },
  "jaccard": [
    0.9743856726364015
  ],
  "braycurtis": [
    0.8912742382271468
  ],
  "dice": [
    0.9500507614213198
  ],
  "cosinus": [
    0.5987038791306156
  ]
}