{
  "voc_eval_res": {
    "precision": 30.3191,
    "recall": 1.8506,
    "f-score": 3.4884
  },
  "KL_res": {
    "KL divergence": 3.714327207475607,
    "Euclidean Dist.": 0.2080175701327225,
    "WER": 0.9703113685734974,
    "CER": 0.8617093552551124,
    "Cosine Dist.": 0.8018501162962903
  },
  "occ_eval_res": {
    "precision": 24.1087,
    "recall": 3.4275,
    "f-score": 6.0017
  },
  "clean_eval": {
    "f-score": 0.5873051728032528,
    "precision": 0.3384535277271544,
    "recall": 2.218430034129693,
    "tp": 13,
    "fp": 3828,
    "fn": 573
  },
  "jaccard": [
    0.820674000349223
  ],
  "braycurtis": [
    0.7554707889981931
  ],
  "dice": [
    0.695883920639621
  ],
  "cosinus": [
    0.28506852772593194
  ]
}