{
  "voc_eval_res": {
    "precision": 27.0588,
    "recall": 5.3118,
    "f-score": 8.8803
  },
  "KL_res": {
    "KL divergence": 3.618828875951815,
    "Euclidean Dist.": 0.1885365533758291,
    "WER": 0.914179104477612,
    "CER": 0.7565341926244182,
    "Cosine Dist.": 0.27606777517139847
  },
  "occ_eval_res": {
    "precision": 35.1064,
    "recall": 12.3134,
    "f-score": 18.232
  },
  "clean_eval": {
    "f-score": 3.4532374100719423,
    "precision": 2.321083172147002,
    "recall": 6.741573033707865,
    "tp": 24,
    "fp": 1010,
    "fn": 332
  },
  "jaccard": [
    0.713501291989664
  ],
  "braycurtis": [
    0.5210571184995737
  ],
  "dice": [
    0.5546070800903842
  ],
  "cosinus": [
    0.15607270785742333
  ]
}