{
  "voc_eval_res": {
    "precision": 73.1242,
    "recall": 93.8585,
    "f-score": 82.2041
  },
  "KL_res": {
    "KL divergence": 0.025507749278076232,
    "Euclidean Dist.": 0.010429110255465363,
    "WER": 0.1213688573536127,
    "CER": 0.06245574281263277,
    "Cosine Dist.": 0.0027024310266803298
  },
  "occ_eval_res": {
    "precision": 91.2756,
    "recall": 94.7943,
    "f-score": 93.0017
  },
  "clean_eval": {
    "f-score": 81.93142349776721,
    "precision": 84.65198269581875,
    "recall": 79.38028691669969,
    "tp": 94122,
    "fp": 17065,
    "fn": 24449
  },
  "jaccard": [
    0.6096971162565745
  ],
  "braycurtis": [
    0.07492406777870426
  ],
  "dice": [
    0.4385354611471061
  ],
  "cosinus": [
    0.00613449303712843
  ]
}