{
  "voc_eval_res": {
    "precision": 9.8485,
    "recall": 0.4266,
    "f-score": 0.8179
  },
  "KL_res": {
    "KL divergence": 4.142549857889692,
    "Euclidean Dist.": 0.2772190978446852,
    "WER": 0.9875432525951557,
    "CER": 0.910063881735175,
    "Cosine Dist.": 0.8768311168971893
  },
  "occ_eval_res": {
    "precision": 15.9524,
    "recall": 1.5456,
    "f-score": 2.8181
  },
  "clean_eval": {
    "f-score": 0.273224043715847,
    "precision": 0.15086748805632386,
    "recall": 1.4457831325301205,
    "tp": 6,
    "fp": 3971,
    "fn": 409
  },
  "jaccard": [
    0.846480231436837
  ],
  "braycurtis": [
    0.8483889270463165
  ],
  "dice": [
    0.7338237752884134
  ],
  "cosinus": [
    0.3828243845656516
  ]
}