{
  "voc_eval_res": {
    "precision": 29.2683,
    "recall": 5.1414,
    "f-score": 8.7464
  },
  "KL_res": {
    "KL divergence": 4.020073254288466,
    "Euclidean Dist.": 0.233214859870738,
    "WER": 0.9134295227524972,
    "CER": 0.7401540473768348,
    "Cosine Dist.": 0.5609024615423625
  },
  "occ_eval_res": {
    "precision": 28.5714,
    "recall": 10.4329,
    "f-score": 15.2846
  },
  "clean_eval": {
    "f-score": 1.349527665317139,
    "precision": 0.9566326530612245,
    "recall": 2.2900763358778624,
    "tp": 15,
    "fp": 1553,
    "fn": 640
  },
  "jaccard": [
    0.48214285714285715
  ],
  "braycurtis": [
    0.46020689296667877
  ],
  "dice": [
    0.3176470588235294
  ],
  "cosinus": [
    0.02812283101378299
  ]
}