{
  "voc_eval_res": {
    "precision": 23.913,
    "recall": 4.0146,
    "f-score": 6.875
  },
  "KL_res": {
    "KL divergence": 4.524859610702856,
    "Euclidean Dist.": 0.2201630532123914,
    "WER": 0.9489953632148377,
    "CER": 0.8006789524733269,
    "Cosine Dist.": 0.5037360915738576
  },
  "occ_eval_res": {
    "precision": 22.9075,
    "recall": 8.0371,
    "f-score": 11.8993
  },
  "clean_eval": {
    "f-score": 0.7343941248470014,
    "precision": 0.5067567567567568,
    "recall": 1.3333333333333335,
    "tp": 3,
    "fp": 589,
    "fn": 222
  },
  "jaccard": [
    0.3617021276595745
  ],
  "braycurtis": [
    0.5595238095238095
  ],
  "dice": [
    0.22077922077922077
  ],
  "cosinus": [
    0.029952083005429286
  ]
}