{
  "voc_eval_res": {
    "precision": 9.8071,
    "recall": 1.3714,
    "f-score": 2.4063
  },
  "KL_res": {
    "KL divergence": 3.2696895081652086,
    "Euclidean Dist.": 0.21869033592928805,
    "WER": 0.9836003770028275,
    "CER": 0.7457480333902667,
    "Cosine Dist.": 0.7098974007824579
  },
  "occ_eval_res": {
    "precision": 5.282,
    "recall": 3.0537,
    "f-score": 3.87
  },
  "clean_eval": {
    "f-score": 0.16994416120417574,
    "precision": 0.13394565633371602,
    "recall": 0.23240371845949537,
    "tp": 7,
    "fp": 5219,
    "fn": 3005
  },
  "jaccard": [
    0.9868845843422115
  ],
  "braycurtis": [
    0.9607516650808754
  ],
  "dice": [
    0.9741087432782314
  ],
  "cosinus": [
    0.657851414505213
  ]
}