{
  "voc_eval_res": {
    "precision": 11.9701,
    "recall": 0.9315,
    "f-score": 1.7285
  },
  "KL_res": {
    "KL divergence": 3.2266600748670187,
    "Euclidean Dist.": 0.239750577080622,
    "WER": 0.9891085790884718,
    "CER": 0.7915811296977581,
    "Cosine Dist.": 0.8452126341691005
  },
  "occ_eval_res": {
    "precision": 5.0952,
    "recall": 1.7929,
    "f-score": 2.6525
  },
  "clean_eval": {
    "f-score": 0.1514004542013626,
    "precision": 0.10214504596527069,
    "recall": 0.29239766081871343,
    "tp": 6,
    "fp": 5868,
    "fn": 2046
  },
  "jaccard": [
    0.9907766094816455
  ],
  "braycurtis": [
    0.971272907379891
  ],
  "dice": [
    0.9817218058855786
  ],
  "cosinus": [
    0.8541096220818405
  ]
}