{
  "voc_eval_res": {
    "precision": 88.7324,
    "recall": 9.8746,
    "f-score": 17.7715
  },
  "KL_res": {
    "KL divergence": 3.4235699802405435,
    "Euclidean Dist.": 0.24708830620438604,
    "WER": 0.8273453093812375,
    "CER": 0.7760972716488731,
    "Cosine Dist.": 0.24764358578777768
  },
  "occ_eval_res": {
    "precision": 89.3023,
    "recall": 19.1617,
    "f-score": 31.553
  },
  "clean_eval": {
    "f-score": 16.9811320754717,
    "precision": 10.366492146596858,
    "recall": 46.91943127962085,
    "tp": 99,
    "fp": 856,
    "fn": 112
  },
  "jaccard": [
    0.7930805056553559
  ],
  "braycurtis": [
    0.6063879755753875
  ],
  "dice": [
    0.6571113561190739
  ],
  "cosinus": [
    0.2131073314744789
  ]
}