{
  "voc_eval_res": {
    "precision": 72.4138,
    "recall": 12.2807,
    "f-score": 21.0
  },
  "KL_res": {
    "KL divergence": 3.507694585704975,
    "Euclidean Dist.": 0.26887690264342223,
    "WER": 0.7990343995171998,
    "CER": 0.716484817728157,
    "Cosine Dist.": 0.6577270212755164
  },
  "occ_eval_res": {
    "precision": 80.7175,
    "recall": 21.726,
    "f-score": 34.2368
  },
  "clean_eval": {
    "f-score": 17.710371819960862,
    "precision": 11.31957473420888,
    "recall": 40.67415730337079,
    "tp": 181,
    "fp": 1418,
    "fn": 264
  },
  "jaccard": [
    0.7207969432314411
  ],
  "braycurtis": [
    0.5195310050786883
  ],
  "dice": [
    0.5634734371666311
  ],
  "cosinus": [
    0.3123357223529596
  ]
}