{
  "voc_eval_res": {
    "precision": 79.2553,
    "recall": 16.2664,
    "f-score": 26.9928
  },
  "KL_res": {
    "KL divergence": 3.626016380854445,
    "Euclidean Dist.": 0.25686617439328074,
    "WER": 0.7920475319926874,
    "CER": 0.6584531675087446,
    "Cosine Dist.": 0.7203000626757204
  },
  "occ_eval_res": {
    "precision": 83.871,
    "recall": 22.5777,
    "f-score": 35.578
  },
  "clean_eval": {
    "f-score": 15.005516734093415,
    "precision": 9.563994374120956,
    "recall": 34.8122866894198,
    "tp": 204,
    "fp": 1929,
    "fn": 382
  },
  "jaccard": [
    0.6801541425818882
  ],
  "braycurtis": [
    0.46699617346938777
  ],
  "dice": [
    0.5153284671532846
  ],
  "cosinus": [
    0.2901761192907323
  ]
}