{
  "voc_eval_res": {
    "precision": 31.5476,
    "recall": 1.4317,
    "f-score": 2.739
  },
  "KL_res": {
    "KL divergence": 4.220959912840741,
    "Euclidean Dist.": 0.32535519934215074,
    "WER": 0.9826334519572953,
    "CER": 0.9026894158473106,
    "Cosine Dist.": 0.9672762615858206
  },
  "occ_eval_res": {
    "precision": 25.6623,
    "recall": 2.2064,
    "f-score": 4.0634
  },
  "clean_eval": {
    "f-score": 1.1673151750972763,
    "precision": 0.6364600697075314,
    "recall": 7.035175879396985,
    "tp": 42,
    "fp": 6557,
    "fn": 555
  },
  "jaccard": [
    0.9857181352735112
  ],
  "braycurtis": [
    0.9450980392156862
  ],
  "dice": [
    0.9718384697130712
  ],
  "cosinus": [
    0.8988890386743378
  ]
}