{
  "voc_eval_res": {
    "precision": 7.5862,
    "recall": 1.5096,
    "f-score": 2.5181
  },
  "KL_res": {
    "KL divergence": 3.2883150828002963,
    "Euclidean Dist.": 0.15061902344608094,
    "WER": 0.9595514617541049,
    "CER": 0.7679268684827047,
    "Cosine Dist.": 0.26367851742052273
  },
  "occ_eval_res": {
    "precision": 15.3171,
    "recall": 6.2875,
    "f-score": 8.9154
  },
  "clean_eval": {
    "f-score": 0.4098360655737705,
    "precision": 0.28723840787853916,
    "recall": 0.7150153217568949,
    "tp": 7,
    "fp": 2430,
    "fn": 972
  },
  "jaccard": [
    0.9870942510754791
  ],
  "braycurtis": [
    0.9123209169054441
  ],
  "dice": [
    0.9745173745173745
  ],
  "cosinus": [
    0.3276092575321471
  ]
}