{
  "voc_eval_res": {
    "precision": 5.8983,
    "recall": 17.2301,
    "f-score": 8.7882
  },
  "KL_res": {
    "KL divergence": 0.960377677645453,
    "Euclidean Dist.": 0.06700037689137,
    "WER": 0.8335504559575108,
    "CER": 0.39577144169873285,
    "Cosine Dist.": 0.18523333585159962
  },
  "occ_eval_res": {
    "precision": 28.7394,
    "recall": 29.9572,
    "f-score": 29.3357
  },
  "clean_eval": {
    "f-score": 13.448268194519592,
    "precision": 13.479339702539262,
    "recall": 13.417339604223976,
    "tp": 9072,
    "fp": 58231,
    "fn": 58542
  },
  "jaccard": [
    0.9411746730228578
  ],
  "braycurtis": [
    0.6672113536985762
  ],
  "dice": [
    0.8888856821264683
  ],
  "cosinus": [
    0.16385339562307177
  ]
}