{
  "voc_eval_res": {
    "precision": 78.2609,
    "recall": 41.6185,
    "f-score": 54.3396
  },
  "KL_res": {
    "KL divergence": 2.049163161284438,
    "Euclidean Dist.": 0.3436125686274357,
    "WER": 0.5293367346938775,
    "CER": 0.3711340206185567,
    "Cosine Dist.": 0.145612252648754
  },
  "occ_eval_res": {
    "precision": 89.1775,
    "recall": 52.551,
    "f-score": 66.1316
  },
  "clean_eval": {
    "f-score": 29.220779220779214,
    "precision": 23.25581395348837,
    "recall": 39.30131004366812,
    "tp": 180,
    "fp": 594,
    "fn": 278
  },
  "jaccard": [
    0.1794871794871795
  ],
  "braycurtis": [
    0.1665057915057915
  ],
  "dice": [
    0.09859154929577464
  ],
  "cosinus": [
    0.0409226430153814
  ]
}