{
  "voc_eval_res": {
    "precision": 26.4228,
    "recall": 3.2242,
    "f-score": 5.7471
  },
  "KL_res": {
    "KL divergence": 3.526655534289636,
    "Euclidean Dist.": 0.5271178153094453,
    "WER": 0.9203747072599532,
    "CER": 0.7217200526546731,
    "Cosine Dist.": 0.3559184130968013
  },
  "occ_eval_res": {
    "precision": 25.3956,
    "recall": 9.397,
    "f-score": 13.7179
  },
  "clean_eval": {
    "f-score": 2.066022905906131,
    "precision": 1.4366021236727045,
    "recall": 3.6770583533173458,
    "tp": 46,
    "fp": 3156,
    "fn": 1205
  },
  "jaccard": [
    0.7692780968006563
  ],
  "braycurtis": [
    0.5690491062133786
  ],
  "dice": [
    0.6250624895850692
  ],
  "cosinus": [
    0.3190777519021658
  ]
}