{
  "voc_eval_res": {
    "precision": 15.3846,
    "recall": 2.3137,
    "f-score": 4.0225
  },
  "KL_res": {
    "KL divergence": 3.7731234001354776,
    "Euclidean Dist.": 0.18959972959611662,
    "WER": 0.9763050721954831,
    "CER": 0.7883391664015272,
    "Cosine Dist.": 0.7343673569430467
  },
  "occ_eval_res": {
    "precision": 8.6545,
    "recall": 4.739,
    "f-score": 6.1244
  },
  "clean_eval": {
    "f-score": 0.47556142668428003,
    "precision": 0.3852739726027397,
    "recall": 0.6211180124223602,
    "tp": 9,
    "fp": 2327,
    "fn": 1440
  },
  "jaccard": [
    0.7755639097744361
  ],
  "braycurtis": [
    0.585373763580347
  ],
  "dice": [
    0.6334049739023642
  ],
  "cosinus": [
    0.2805263474508942
  ]
}