{
  "voc_eval_res": {
    "precision": 10.0,
    "recall": 6.1791,
    "f-score": 7.6383
  },
  "KL_res": {
    "KL divergence": 3.7237411628501835,
    "Euclidean Dist.": 0.16458332385004928,
    "WER": 1.458686440677966,
    "CER": 1.0647707486941382,
    "Cosine Dist.": 0.5276314403938558
  },
  "occ_eval_res": {
    "precision": 8.5331,
    "recall": 12.8178,
    "f-score": 10.2456
  },
  "clean_eval": {
    "f-score": 0.5357142857142857,
    "precision": 0.6666666666666667,
    "recall": 0.44776119402985076,
    "tp": 6,
    "fp": 894,
    "fn": 1334
  },
  "jaccard": [
    0.625
  ],
  "braycurtis": [
    0.44037984749964915
  ],
  "dice": [
    0.45454545454545453
  ],
  "cosinus": [
    0.17558137952811637
  ]
}