{
  "voc_eval_res": {
    "precision": 17.3077,
    "recall": 1.6544,
    "f-score": 3.0201
  },
  "KL_res": {
    "KL divergence": 3.3067894635644564,
    "Euclidean Dist.": 0.18534078358077424,
    "WER": 0.9613289760348583,
    "CER": 0.7921211015867226,
    "Cosine Dist.": 0.5032762534739376
  },
  "occ_eval_res": {
    "precision": 17.5613,
    "recall": 6.2364,
    "f-score": 9.2042
  },
  "clean_eval": {
    "f-score": 0.6012454369765943,
    "precision": 0.398406374501992,
    "recall": 1.2248468941382327,
    "tp": 14,
    "fp": 3500,
    "fn": 1129
  },
  "jaccard": [
    0.7575874734196791
  ],
  "braycurtis": [
    0.5965621309539431
  ],
  "dice": [
    0.6097712774233701
  ],
  "cosinus": [
    0.25839306995206324
  ]
}