{
  "voc_eval_res": {
    "precision": 85.9375,
    "recall": 59.1398,
    "f-score": 70.0637
  },
  "KL_res": {
    "KL divergence": 1.7586965496860412,
    "Euclidean Dist.": 0.3201001142693861,
    "WER": 0.5008130081300813,
    "CER": 0.30158533564528117,
    "Cosine Dist.": 0.38833524642905315
  },
  "occ_eval_res": {
    "precision": 85.4569,
    "recall": 53.9837,
    "f-score": 66.1684
  },
  "clean_eval": {
    "f-score": 49.52285283776997,
    "precision": 40.442986054142736,
    "recall": 63.86010362694301,
    "tp": 493,
    "fp": 726,
    "fn": 279
  },
  "jaccard": [
    0.3076597545493017
  ],
  "braycurtis": [
    0.1770873786407767
  ],
  "dice": [
    0.18179544886221555
  ],
  "cosinus": [
    0.15832165875176185
  ]
}