{
  "voc_eval_res": {
    "precision": 35.7388,
    "recall": 4.9524,
    "f-score": 8.6993
  },
  "KL_res": {
    "KL divergence": 3.21336310263382,
    "Euclidean Dist.": 0.20114019342653394,
    "WER": 0.9070987654320988,
    "CER": 0.7607016345866587,
    "Cosine Dist.": 0.380617096812916
  },
  "occ_eval_res": {
    "precision": 39.0057,
    "recall": 12.5926,
    "f-score": 19.0387
  },
  "clean_eval": {
    "f-score": 2.9911280101394166,
    "precision": 2.0068027210884356,
    "recall": 5.870646766169154,
    "tp": 59,
    "fp": 2881,
    "fn": 946
  },
  "jaccard": [
    0.9500891265597148
  ],
  "braycurtis": [
    0.7746207560799422
  ],
  "dice": [
    0.9049235993208828
  ],
  "cosinus": [
    0.3571037622000335
  ]
}