{
  "voc_eval_res": {
    "precision": 53.7815,
    "recall": 48.1203,
    "f-score": 50.7937
  },
  "KL_res": {
    "KL divergence": 0.8775582475274422,
    "Euclidean Dist.": 0.05781980939213341,
    "WER": 0.5901060070671378,
    "CER": 0.4821643286573146,
    "Cosine Dist.": 0.015089784430235564
  },
  "occ_eval_res": {
    "precision": 73.8806,
    "recall": 69.9647,
    "f-score": 71.8693
  },
  "clean_eval": {
    "f-score": 33.64485981308412,
    "precision": 32.846715328467155,
    "recall": 34.48275862068966,
    "tp": 90,
    "fp": 184,
    "fn": 171
  },
  "jaccard": [
    0.6298342541436464
  ],
  "braycurtis": [
    0.26811594202898553
  ],
  "dice": [
    0.4596774193548387
  ],
  "cosinus": [
    0.022613909447574465
  ]
}