{
  "voc_eval_res": {
    "precision": 71.6763,
    "recall": 33.8798,
    "f-score": 46.0111
  },
  "KL_res": {
    "KL divergence": 1.695849657129108,
    "Euclidean Dist.": 0.09523748491778991,
    "WER": 0.6229773462783171,
    "CER": 0.4656643640796424,
    "Cosine Dist.": 0.11422770134491822
  },
  "occ_eval_res": {
    "precision": 72.2628,
    "recall": 48.0583,
    "f-score": 57.7259
  },
  "clean_eval": {
    "f-score": 40.04044489383215,
    "precision": 33.27731092436974,
    "recall": 50.25380710659898,
    "tp": 198,
    "fp": 397,
    "fn": 196
  },
  "jaccard": [
    0.6958637469586375
  ],
  "braycurtis": [
    0.40492610837438425
  ],
  "dice": [
    0.5335820895522388
  ],
  "cosinus": [
    0.15137138784287474
  ]
}