{
  "voc_eval_res": {
    "precision": 1.087,
    "recall": 1.2987,
    "f-score": 1.1834
  },
  "KL_res": {
    "KL divergence": 5.436449280529154,
    "Euclidean Dist.": 0.2218648622731882,
    "WER": 2.15,
    "CER": 1.9986559139784945,
    "Cosine Dist.": 0.48042418691625977
  },
  "occ_eval_res": {
    "precision": 3.9702,
    "recall": 8.8889,
    "f-score": 5.4889
  },
  "clean_eval": {
    "f-score": 0.0,
    "precision": 0.0,
    "recall": 0.0,
    "tp": 0,
    "fp": 178,
    "fn": 393
  },
  "jaccard": [
    0.24242424242424243
  ],
  "braycurtis": [
    0.43566420314572674
  ],
  "dice": [
    0.13793103448275862
  ],
  "cosinus": [
    0.03789981281497257
  ]
}