{
  "voc_eval_res": {
    "precision": 30.814,
    "recall": 3.0045,
    "f-score": 5.4752
  },
  "KL_res": {
    "KL divergence": 3.8213090638610914,
    "Euclidean Dist.": 0.2727314355627565,
    "WER": 0.9484221241940957,
    "CER": 0.8214580467675379,
    "Cosine Dist.": 0.6353684762738032
  },
  "occ_eval_res": {
    "precision": 37.5486,
    "recall": 6.549,
    "f-score": 11.1528
  },
  "clean_eval": {
    "f-score": 0.4349176762969866,
    "precision": 0.25830258302583026,
    "recall": 1.37524557956778,
    "tp": 7,
    "fp": 2703,
    "fn": 502
  },
  "jaccard": [
    0.4117647058823529
  ],
  "braycurtis": [
    0.6372932598257158
  ],
  "dice": [
    0.25925925925925924
  ],
  "cosinus": [
    0.043949586281191166
  ]
}