{
  "voc_eval_res": {
    "precision": 31.0606,
    "recall": 2.1255,
    "f-score": 3.9787
  },
  "KL_res": {
    "KL divergence": 3.9864850770777718,
    "Euclidean Dist.": 0.27396708861015245,
    "WER": 0.9500959692898272,
    "CER": 0.8599223751197137,
    "Cosine Dist.": 0.4540087492211009
  },
  "occ_eval_res": {
    "precision": 45.0,
    "recall": 6.0461,
    "f-score": 10.6599
  },
  "clean_eval": {
    "f-score": 0.6618531889290011,
    "precision": 0.37813681677552424,
    "recall": 2.6506024096385543,
    "tp": 11,
    "fp": 2898,
    "fn": 404
  },
  "jaccard": [
    0.4
  ],
  "braycurtis": [
    0.7176924726570877
  ],
  "dice": [
    0.25
  ],
  "cosinus": [
    0.04412487533207432
  ]
}