{
  "voc_eval_res": {
    "precision": 7.1788,
    "recall": 10.3869,
    "f-score": 8.4899
  },
  "KL_res": {
    "KL divergence": 1.0916481686241362,
    "Euclidean Dist.": 0.11327952951458359,
    "WER": 0.9537086661457896,
    "CER": 0.7771418426719201,
    "Cosine Dist.": 0.4520553347123133
  },
  "occ_eval_res": {
    "precision": 29.0327,
    "recall": 12.7852,
    "f-score": 17.7526
  },
  "clean_eval": {
    "f-score": 7.21154702331131,
    "precision": 5.285552995842824,
    "recall": 11.345838645055546,
    "tp": 8099,
    "fp": 145130,
    "fn": 63284
  },
  "jaccard": [
    0.9483090785144788
  ],
  "braycurtis": [
    0.8263317106396618
  ],
  "dice": [
    0.9016994053490404
  ],
  "cosinus": [
    0.1745814162990621
  ]
}