{
  "voc_eval_res": {
    "precision": 6.0122,
    "recall": 17.9338,
    "f-score": 9.0053
  },
  "KL_res": {
    "KL divergence": 0.858426411793124,
    "Euclidean Dist.": 0.05851538035988005,
    "WER": 0.775734726439858,
    "CER": 0.3390505203660298,
    "Cosine Dist.": 0.1318472944363973
  },
  "occ_eval_res": {
    "precision": 31.5471,
    "recall": 32.2392,
    "f-score": 31.8894
  },
  "clean_eval": {
    "f-score": 11.97753048293488,
    "precision": 12.074124766850503,
    "recall": 11.882469461868604,
    "tp": 8998,
    "fp": 65525,
    "fn": 66727
  },
  "jaccard": [
    0.9406665921037916
  ],
  "braycurtis": [
    0.6528052715784907
  ],
  "dice": [
    0.8879797286596632
  ],
  "cosinus": [
    0.12202519016497759
  ]
}