{
  "voc_eval_res": {
    "precision": 19.2308,
    "recall": 0.657,
    "f-score": 1.2706
  },
  "KL_res": {
    "KL divergence": 4.824503184221236,
    "Euclidean Dist.": 0.4717044431607483,
    "WER": 0.9879032258064516,
    "CER": 0.8890922891458678,
    "Cosine Dist.": 0.9431093922918213
  },
  "occ_eval_res": {
    "precision": 14.7453,
    "recall": 1.4785,
    "f-score": 2.6875
  },
  "clean_eval": {
    "f-score": 0.20790020790020786,
    "precision": 0.11504170261719873,
    "recall": 1.078167115902965,
    "tp": 4,
    "fp": 3473,
    "fn": 367
  },
  "jaccard": [
    0.877718506360279
  ],
  "braycurtis": [
    0.8109419895938494
  ],
  "dice": [
    0.7820840950639854
  ],
  "cosinus": [
    0.44381675988593483
  ]
}