{
  "voc_eval_res": {
    "precision": 64.5588,
    "recall": 94.1325,
    "f-score": 76.59
  },
  "KL_res": {
    "KL divergence": 0.08420904249770697,
    "Euclidean Dist.": 0.022810907245380416,
    "WER": 0.2919657461753103,
    "CER": 0.16103546697427712,
    "Cosine Dist.": 0.014091515274022637
  },
  "occ_eval_res": {
    "precision": 78.0231,
    "recall": 96.8498,
    "f-score": 86.423
  },
  "clean_eval": {
    "f-score": 74.62240415832869,
    "precision": 87.41537623531242,
    "recall": 65.09582928913935,
    "tp": 44935,
    "fp": 6469,
    "fn": 24094
  },
  "jaccard": [
    0.3542319749216301
  ],
  "braycurtis": [
    0.12253535475147485
  ],
  "dice": [
    0.21523809523809523
  ],
  "cosinus": [
    0.010677205799845768
  ]
}