{
  "voc_eval_res": {
    "precision": 85.2761,
    "recall": 49.7317,
    "f-score": 62.8249
  },
  "KL_res": {
    "KL divergence": 1.071895776896483,
    "Euclidean Dist.": 0.056763903064381165,
    "WER": 0.46954813359528486,
    "CER": 0.33733793267515166,
    "Cosine Dist.": 0.08128955907060675
  },
  "occ_eval_res": {
    "precision": 86.1777,
    "recall": 60.0196,
    "f-score": 70.7585
  },
  "clean_eval": {
    "f-score": 63.25690770135216,
    "precision": 53.800000000000004,
    "recall": 76.7475035663338,
    "tp": 538,
    "fp": 462,
    "fn": 163
  },
  "jaccard": [
    0.397084345713294
  ],
  "braycurtis": [
    0.1403314196242171
  ],
  "dice": [
    0.24772628843655262
  ],
  "cosinus": [
    0.015895745456462995
  ]
}