{
  "voc_eval_res": {
    "precision": 86.506,
    "recall": 52.6393,
    "f-score": 65.4512
  },
  "KL_res": {
    "KL divergence": 1.1425654920219976,
    "Euclidean Dist.": 0.16967593980319293,
    "WER": 0.4898360655737705,
    "CER": 0.31532652154597957,
    "Cosine Dist.": 0.36313126556391107
  },
  "occ_eval_res": {
    "precision": 86.1196,
    "recall": 55.7377,
    "f-score": 67.6752
  },
  "clean_eval": {
    "f-score": 57.24696356275304,
    "precision": 47.35432016075017,
    "recall": 72.36438075742068,
    "tp": 707,
    "fp": 786,
    "fn": 270
  },
  "jaccard": [
    0.35563612392880684
  ],
  "braycurtis": [
    0.14569949180170677
  ],
  "dice": [
    0.2162758067749048
  ],
  "cosinus": [
    0.07262824814902602
  ]
}