{
  "voc_eval_res": {
    "precision": 29.2857,
    "recall": 1.8721,
    "f-score": 3.5193
  },
  "KL_res": {
    "KL divergence": 3.930464246535001,
    "Euclidean Dist.": 0.29758225799314814,
    "WER": 0.9563515954244431,
    "CER": 0.8709690911372286,
    "Cosine Dist.": 0.5199199365421101
  },
  "occ_eval_res": {
    "precision": 39.8249,
    "recall": 5.4786,
    "f-score": 9.6322
  },
  "clean_eval": {
    "f-score": 1.4959723820483317,
    "precision": 0.8578027053777632,
    "recall": 5.842696629213483,
    "tp": 26,
    "fp": 3005,
    "fn": 419
  },
  "jaccard": [
    0.8164282618118769
  ],
  "braycurtis": [
    0.7694583769350124
  ],
  "dice": [
    0.6898004028566197
  ],
  "cosinus": [
    0.2771450595159667
  ]
}