{
  "voc_eval_res": {
    "precision": 19.4438,
    "recall": 47.0865,
    "f-score": 27.5226
  },
  "KL_res": {
    "KL divergence": 0.3544692342455345,
    "Euclidean Dist.": 0.040115258176679644,
    "WER": 0.5286339005608898,
    "CER": 0.15785657249391508,
    "Cosine Dist.": 0.06603402383097456
  },
  "occ_eval_res": {
    "precision": 56.9597,
    "recall": 60.5704,
    "f-score": 58.7096
  },
  "clean_eval": {
    "f-score": 49.06065894145225,
    "precision": 49.97675004359367,
    "recall": 48.17754783761825,
    "tp": 51589,
    "fp": 51637,
    "fn": 55492
  },
  "jaccard": [
    0.8256283883686545
  ],
  "braycurtis": [
    0.384343988988218
  ],
  "dice": [
    0.7030384421688769
  ],
  "cosinus": [
    0.03432113356101585
  ]
}