{
  "voc_eval_res": {
    "precision": 73.2824,
    "recall": 39.3443,
    "f-score": 51.2
  },
  "KL_res": {
    "KL divergence": 0.9174064441377365,
    "Euclidean Dist.": 0.11265476716609774,
    "WER": 0.45663716814159294,
    "CER": 0.3751665926254998,
    "Cosine Dist.": 0.019626702468037882
  },
  "occ_eval_res": {
    "precision": 80.6383,
    "recall": 67.0796,
    "f-score": 73.2367
  },
  "clean_eval": {
    "f-score": 41.338582677165356,
    "precision": 38.04347826086957,
    "recall": 45.258620689655174,
    "tp": 210,
    "fp": 342,
    "fn": 254
  },
  "jaccard": [
    0.6292134831460674
  ],
  "braycurtis": [
    0.24542829643888353
  ],
  "dice": [
    0.45901639344262296
  ],
  "cosinus": [
    0.01892623381762315
  ]
}