{
  "voc_eval_res": {
    "precision": 57.7922,
    "recall": 52.9762,
    "f-score": 55.2795
  },
  "KL_res": {
    "KL divergence": 0.9335047476711436,
    "Euclidean Dist.": 0.0588252516662054,
    "WER": 0.6037735849056604,
    "CER": 0.4658293313631326,
    "Cosine Dist.": 0.033552479146738645
  },
  "occ_eval_res": {
    "precision": 68.7296,
    "recall": 66.3522,
    "f-score": 67.52
  },
  "clean_eval": {
    "f-score": 37.43676222596964,
    "precision": 37.12374581939799,
    "recall": 37.755102040816325,
    "tp": 111,
    "fp": 188,
    "fn": 183
  },
  "jaccard": [
    0.5714285714285714
  ],
  "braycurtis": [
    0.29264475743348983
  ],
  "dice": [
    0.4
  ],
  "cosinus": [
    0.0461920012703968
  ]
}