{
  "voc_eval_res": {
    "precision": 12.5,
    "recall": 0.7918,
    "f-score": 1.4892
  },
  "KL_res": {
    "KL divergence": 3.7055067226446132,
    "Euclidean Dist.": 0.16513309097601067,
    "WER": 0.9868852459016394,
    "CER": 0.9259449071108264,
    "Cosine Dist.": 0.6506750773297749
  },
  "occ_eval_res": {
    "precision": 20.0658,
    "recall": 2.0,
    "f-score": 3.6374
  },
  "clean_eval": {
    "f-score": 0.3762935089369708,
    "precision": 0.20484807101399793,
    "recall": 2.307692307692308,
    "tp": 6,
    "fp": 2923,
    "fn": 254
  },
  "jaccard": [
    0.43137254901960786
  ],
  "braycurtis": [
    0.8386656794357196
  ],
  "dice": [
    0.275
  ],
  "cosinus": [
    0.06040781868716116
  ]
}