{
  "voc_eval_res": {
    "precision": 76.9841,
    "recall": 39.4309,
    "f-score": 52.1505
  },
  "KL_res": {
    "KL divergence": 1.1969796794022556,
    "Euclidean Dist.": 0.07839378673925038,
    "WER": 0.49700598802395207,
    "CER": 0.37966580763155705,
    "Cosine Dist.": 0.05842224745936253
  },
  "occ_eval_res": {
    "precision": 80.7805,
    "recall": 55.0898,
    "f-score": 65.5063
  },
  "clean_eval": {
    "f-score": 51.8578352180937,
    "precision": 43.55495251017639,
    "recall": 64.07185628742515,
    "tp": 642,
    "fp": 832,
    "fn": 360
  },
  "jaccard": [
    0.36507936507936506
  ],
  "braycurtis": [
    0.12400539760830115
  ],
  "dice": [
    0.22330097087378642
  ],
  "cosinus": [
    0.003857911647378476
  ]
}