{
  "voc_eval_res": {
    "precision": 6.4677,
    "recall": 2.9083,
    "f-score": 4.0123
  },
  "KL_res": {
    "KL divergence": 4.451170441021008,
    "Euclidean Dist.": 0.19020917573091548,
    "WER": 0.9494163424124513,
    "CER": 0.7198911317759129,
    "Cosine Dist.": 0.272111735326908
  },
  "occ_eval_res": {
    "precision": 10.2397,
    "recall": 9.144,
    "f-score": 9.6608
  },
  "clean_eval": {
    "f-score": 0.8547008547008547,
    "precision": 0.8048289738430584,
    "recall": 0.9111617312072893,
    "tp": 4,
    "fp": 493,
    "fn": 435
  },
  "jaccard": [
    0.9792
  ],
  "braycurtis": [
    0.9022869022869023
  ],
  "dice": [
    0.9592476489028213
  ],
  "cosinus": [
    0.4035234185745239
  ]
}