{
  "voc_eval_res": {
    "precision": 8.7948,
    "recall": 1.4571,
    "f-score": 2.5
  },
  "KL_res": {
    "KL divergence": 3.9471861690292642,
    "Euclidean Dist.": 0.33082472327743206,
    "WER": 0.9758321933424533,
    "CER": 0.807198960275753,
    "Cosine Dist.": 0.6718312243174356
  },
  "occ_eval_res": {
    "precision": 9.8202,
    "recall": 3.2376,
    "f-score": 4.8697
  },
  "clean_eval": {
    "f-score": 1.5700934579439254,
    "precision": 1.0670731707317074,
    "recall": 2.9702970297029703,
    "tp": 21,
    "fp": 1947,
    "fn": 686
  },
  "jaccard": [
    0.9865771812080537
  ],
  "braycurtis": [
    0.9494482022071912
  ],
  "dice": [
    0.9735099337748344
  ],
  "cosinus": [
    0.6811283711974184
  ]
}