{
  "voc_eval_res": {
    "precision": 10.9325,
    "recall": 1.5895,
    "f-score": 2.7755
  },
  "KL_res": {
    "KL divergence": 3.8733535792874,
    "Euclidean Dist.": 0.3321398176557013,
    "WER": 0.9726840855106889,
    "CER": 0.806127091653607,
    "Cosine Dist.": 0.5834008470523824
  },
  "occ_eval_res": {
    "precision": 11.625,
    "recall": 3.6817,
    "f-score": 5.5923
  },
  "clean_eval": {
    "f-score": 0.26109660574412535,
    "precision": 0.17513134851138354,
    "recall": 0.5128205128205128,
    "tp": 4,
    "fp": 2280,
    "fn": 776
  },
  "jaccard": [
    0.9842887473460722
  ],
  "braycurtis": [
    0.9391304347826087
  ],
  "dice": [
    0.9690635451505016
  ],
  "cosinus": [
    0.6250772299957684
  ]
}