{
  "voc_eval_res": {
    "precision": 50.0,
    "recall": 20.8333,
    "f-score": 29.4118
  },
  "KL_res": {
    "KL divergence": 6.008217915952201,
    "Euclidean Dist.": 0.3771236166328254,
    "WER": 0.8333333333333334,
    "CER": 0.6455696202531646,
    "Cosine Dist.": 0.6453365489340457
  },
  "occ_eval_res": {
    "precision": 50.0,
    "recall": 16.6667,
    "f-score": 25.0
  },
  "clean_eval": {
    "f-score": 24.390243902439025,
    "precision": 15.625,
    "recall": 55.55555555555556,
    "tp": 5,
    "fp": 27,
    "fn": 4
  },
  "jaccard": [
    0.6901408450704225
  ],
  "braycurtis": [
    0.5983935742971888
  ],
  "dice": [
    0.5268817204301075
  ],
  "cosinus": [
    0.5064752198217922
  ]
}