{
  "voc_eval_res": {
    "precision": 60.0,
    "recall": 16.6667,
    "f-score": 26.087
  },
  "KL_res": {
    "KL divergence": 5.81223883419999,
    "Euclidean Dist.": 0.36330718469863615,
    "WER": 0.8461538461538461,
    "CER": 0.6912442396313364,
    "Cosine Dist.": 0.5799159747915967
  },
  "occ_eval_res": {
    "precision": 60.0,
    "recall": 15.3846,
    "f-score": 24.4898
  },
  "clean_eval": {
    "f-score": 22.222222222222225,
    "precision": 13.88888888888889,
    "recall": 55.55555555555556,
    "tp": 5,
    "fp": 31,
    "fn": 4
  },
  "jaccard": [
    0.6871508379888268
  ],
  "braycurtis": [
    0.5770491803278689
  ],
  "dice": [
    0.5234042553191489
  ],
  "cosinus": [
    0.42362500887447707
  ]
}