{
  "voc_eval_res": {
    "precision": 36.9369,
    "recall": 5.2801,
    "f-score": 9.2394
  },
  "KL_res": {
    "KL divergence": 4.177712764060763,
    "Euclidean Dist.": 0.25323640595545577,
    "WER": 0.917146513115803,
    "CER": 0.7420471402670183,
    "Cosine Dist.": 0.5407885078748158
  },
  "occ_eval_res": {
    "precision": 43.4462,
    "recall": 9.437,
    "f-score": 15.5059
  },
  "clean_eval": {
    "f-score": 5.018325345362277,
    "precision": 3.0945757997218357,
    "recall": 13.263785394932937,
    "tp": 89,
    "fp": 2787,
    "fn": 582
  },
  "jaccard": [
    0.9434650455927052
  ],
  "braycurtis": [
    0.7773019271948608
  ],
  "dice": [
    0.8929804372842347
  ],
  "cosinus": [
    0.3050059294354375
  ]
}