{
  "voc_eval_res": {
    "precision": 79.845,
    "recall": 23.7327,
    "f-score": 36.5897
  },
  "KL_res": {
    "KL divergence": 2.272086848027643,
    "Euclidean Dist.": 0.21128123363645687,
    "WER": 0.6610925306577481,
    "CER": 0.4597345937102345,
    "Cosine Dist.": 0.1327778464432956
  },
  "occ_eval_res": {
    "precision": 80.8219,
    "recall": 39.4649,
    "f-score": 53.0337
  },
  "clean_eval": {
    "f-score": 24.961479198767336,
    "precision": 18.728323699421964,
    "recall": 37.41339491916859,
    "tp": 162,
    "fp": 703,
    "fn": 271
  },
  "jaccard": [
    0.4931506849315068
  ],
  "braycurtis": [
    0.2124442510605896
  ],
  "dice": [
    0.32727272727272727
  ],
  "cosinus": [
    0.02613101748581459
  ]
}