{
  "voc_eval_res": {
    "precision": 36.9942,
    "recall": 6.7086,
    "f-score": 11.3576
  },
  "KL_res": {
    "KL divergence": 3.4976582978266384,
    "Euclidean Dist.": 0.21539842810935053,
    "WER": 0.9160596600763093,
    "CER": 0.7171380249929531,
    "Cosine Dist.": 0.6444165388524645
  },
  "occ_eval_res": {
    "precision": 29.6137,
    "recall": 9.5734,
    "f-score": 14.4692
  },
  "clean_eval": {
    "f-score": 9.775733179988498,
    "precision": 6.651017214397497,
    "recall": 18.43817787418655,
    "tp": 170,
    "fp": 2386,
    "fn": 752
  },
  "jaccard": [
    0.9356697071531445
  ],
  "braycurtis": [
    0.8509845662586483
  ],
  "dice": [
    0.8791159224176816
  ],
  "cosinus": [
    0.7569998354960255
  ]
}