{
  "voc_eval_res": {
    "precision": 82.0442,
    "recall": 59.7586,
    "f-score": 69.1502
  },
  "KL_res": {
    "KL divergence": 0.6032588625688494,
    "Euclidean Dist.": 0.06624619338559469,
    "WER": 0.3823191733639495,
    "CER": 0.2909125547723376,
    "Cosine Dist.": 0.0568522429473064
  },
  "occ_eval_res": {
    "precision": 86.1478,
    "recall": 74.9713,
    "f-score": 80.1719
  },
  "clean_eval": {
    "f-score": 56.62194702442381,
    "precision": 52.688860435339315,
    "recall": 61.18959107806692,
    "tp": 823,
    "fp": 739,
    "fn": 522
  },
  "jaccard": [
    0.3684210526315789
  ],
  "braycurtis": [
    0.07661617527725183
  ],
  "dice": [
    0.22580645161290322
  ],
  "cosinus": [
    0.004003161965511426
  ]
}