{
  "voc_eval_res": {
    "precision": 86.8895,
    "recall": 51.3678,
    "f-score": 64.5654
  },
  "KL_res": {
    "KL divergence": 0.628779944149657,
    "Euclidean Dist.": 0.14112199414914287,
    "WER": 0.34253757427472914,
    "CER": 0.2762152133580705,
    "Cosine Dist.": 0.032909764877906755
  },
  "occ_eval_res": {
    "precision": 90.653,
    "recall": 74.2398,
    "f-score": 81.6295
  },
  "clean_eval": {
    "f-score": 56.30268574789257,
    "precision": 51.304037156127194,
    "recall": 62.38053866203301,
    "tp": 1436,
    "fp": 1363,
    "fn": 866
  },
  "jaccard": [
    0.38095238095238093
  ],
  "braycurtis": [
    0.08878551722749149
  ],
  "dice": [
    0.23529411764705882
  ],
  "cosinus": [
    0.0005298634644806954
  ]
}