{
  "voc_eval_res": {
    "precision": 36.9565,
    "recall": 2.6835,
    "f-score": 5.0037
  },
  "KL_res": {
    "KL divergence": 4.905622362280571,
    "Euclidean Dist.": 0.3065331824015392,
    "WER": 0.9629101283880172,
    "CER": 0.8907654590029964,
    "Cosine Dist.": 0.7690868775540145
  },
  "occ_eval_res": {
    "precision": 45.1777,
    "recall": 4.232,
    "f-score": 7.7391
  },
  "clean_eval": {
    "f-score": 6.112702960840496,
    "precision": 3.3350703491401767,
    "recall": 36.57142857142857,
    "tp": 64,
    "fp": 1855,
    "fn": 111
  },
  "jaccard": [
    0.4117647058823529
  ],
  "braycurtis": [
    0.7750569029118594
  ],
  "dice": [
    0.25925925925925924
  ],
  "cosinus": [
    0.08279415978188798
  ]
}