{
  "voc_eval_res": {
    "precision": 5.5556,
    "recall": 2.7027,
    "f-score": 3.6364
  },
  "KL_res": {
    "KL divergence": 5.1071970126575605,
    "Euclidean Dist.": 0.24047772858621,
    "WER": 0.9512195121951219,
    "CER": 0.7143628509719222,
    "Cosine Dist.": 0.2521487646530205
  },
  "occ_eval_res": {
    "precision": 10.5882,
    "recall": 8.7805,
    "f-score": 9.6
  },
  "clean_eval": {
    "f-score": 9.497206703910615,
    "precision": 8.415841584158416,
    "recall": 10.897435897435898,
    "tp": 17,
    "fp": 185,
    "fn": 139
  },
  "jaccard": [
    0.25
  ],
  "braycurtis": [
    0.21704957678355502
  ],
  "dice": [
    0.14285714285714285
  ],
  "cosinus": [
    0.04702320849929431
  ]
}