{
  "voc_eval_res": {
    "precision": 17.0213,
    "recall": 0.4444,
    "f-score": 0.8663
  },
  "KL_res": {
    "KL divergence": 4.240772482037175,
    "Euclidean Dist.": 0.3719471479479892,
    "WER": 0.98430004361099,
    "CER": 0.9334372474310126,
    "Cosine Dist.": 0.7342207527680302
  },
  "occ_eval_res": {
    "precision": 20.5,
    "recall": 1.7881,
    "f-score": 3.2892
  },
  "clean_eval": {
    "f-score": 1.4234875444839856,
    "precision": 0.7804878048780488,
    "recall": 8.080808080808081,
    "tp": 16,
    "fp": 2034,
    "fn": 182
  },
  "jaccard": [
    0.4186046511627907
  ],
  "braycurtis": [
    0.8638084573134965
  ],
  "dice": [
    0.2647058823529412
  ],
  "cosinus": [
    0.08902500374424716
  ]
}