{
  "voc_eval_res": {
    "precision": 69.3409,
    "recall": 87.8419,
    "f-score": 77.5026
  },
  "KL_res": {
    "KL divergence": 0.04205294541653687,
    "Euclidean Dist.": 0.01440774559340324,
    "WER": 0.1827121398362466,
    "CER": 0.07470184641050884,
    "Cosine Dist.": 0.004017831398043015
  },
  "occ_eval_res": {
    "precision": 86.7775,
    "recall": 91.3623,
    "f-score": 89.0109
  },
  "clean_eval": {
    "f-score": 78.38548567933951,
    "precision": 82.36125688093045,
    "recall": 74.77587849794838,
    "tp": 38452,
    "fp": 8235,
    "fn": 12971
  },
  "jaccard": [
    0.35851257746992343
  ],
  "braycurtis": [
    0.10713701186046766
  ],
  "dice": [
    0.21840714253986585
  ],
  "cosinus": [
    0.002932367884135867
  ]
}