{
  "voc_eval_res": {
    "precision": 37.1069,
    "recall": 1.7654,
    "f-score": 3.3705
  },
  "KL_res": {
    "KL divergence": 4.329661250075477,
    "Euclidean Dist.": 0.2725473998084481,
    "WER": 0.9820208558072636,
    "CER": 0.8760327609742079,
    "Cosine Dist.": 0.9426452005841328
  },
  "occ_eval_res": {
    "precision": 22.9021,
    "recall": 2.3553,
    "f-score": 4.2713
  },
  "clean_eval": {
    "f-score": 0.31948881789137384,
    "precision": 0.18009905447996397,
    "recall": 1.4134275618374559,
    "tp": 8,
    "fp": 4434,
    "fn": 558
  },
  "jaccard": [
    0.9819380733944955
  ],
  "braycurtis": [
    0.9449688692508535
  ],
  "dice": [
    0.9645170374542382
  ],
  "cosinus": [
    0.8725372059887202
  ]
}