{
  "voc_eval_res": {
    "precision": 4.5131,
    "recall": 0.5902,
    "f-score": 1.044
  },
  "KL_res": {
    "KL divergence": 3.592405494197761,
    "Euclidean Dist.": 0.14859855872159305,
    "WER": 0.9867711905928467,
    "CER": 0.781435476962614,
    "Cosine Dist.": 0.8127747539843536
  },
  "occ_eval_res": {
    "precision": 5.1476,
    "recall": 1.8373,
    "f-score": 2.7081
  },
  "clean_eval": {
    "f-score": 0.2711076684740511,
    "precision": 0.18533227429176596,
    "recall": 0.5046863734679163,
    "tp": 7,
    "fp": 3770,
    "fn": 1380
  },
  "jaccard": [
    0.7460078902874319
  ],
  "braycurtis": [
    0.5988216053006794
  ],
  "dice": [
    0.5949063670411985
  ],
  "cosinus": [
    0.2740468791717232
  ]
}