{
  "voc_eval_res": {
    "precision": 2.139,
    "recall": 0.1994,
    "f-score": 0.3648
  },
  "KL_res": {
    "KL divergence": 3.9661479564100666,
    "Euclidean Dist.": 0.26653193493957067,
    "WER": 0.988558352402746,
    "CER": 0.8687087458745875,
    "Cosine Dist.": 0.5504258615717619
  },
  "occ_eval_res": {
    "precision": 5.7778,
    "recall": 1.1899,
    "f-score": 1.9734
  },
  "clean_eval": {
    "f-score": 0.07806401249024199,
    "precision": 0.046948356807511735,
    "recall": 0.23148148148148145,
    "tp": 1,
    "fp": 2129,
    "fn": 431
  },
  "jaccard": [
    0.7995163772257639
  ],
  "braycurtis": [
    0.7605663746917255
  ],
  "dice": [
    0.6659952389672221
  ],
  "cosinus": [
    0.38623372449514126
  ]
}