{
  "voc_eval_res": {
    "precision": 2.1277,
    "recall": 0.2837,
    "f-score": 0.5006
  },
  "KL_res": {
    "KL divergence": 4.265368668615899,
    "Euclidean Dist.": 0.2814323770896696,
    "WER": 0.9869281045751634,
    "CER": 0.8355558776634295,
    "Cosine Dist.": 0.5470868220163203
  },
  "occ_eval_res": {
    "precision": 5.1282,
    "recall": 1.4379,
    "f-score": 2.246
  },
  "clean_eval": {
    "f-score": 0.10427528675703858,
    "precision": 0.06684491978609625,
    "recall": 0.23696682464454977,
    "tp": 1,
    "fp": 1495,
    "fn": 421
  },
  "jaccard": [
    0.7803412641192021
  ],
  "braycurtis": [
    0.6932443047918303
  ],
  "dice": [
    0.6398029556650247
  ],
  "cosinus": [
    0.3416351003689091
  ]
}