{
  "voc_eval_res": {
    "precision": 1.2739,
    "recall": 1.4184,
    "f-score": 1.3423
  },
  "KL_res": {
    "KL divergence": 5.211684179275925,
    "Euclidean Dist.": 0.21649870666000995,
    "WER": 2.1354838709677417,
    "CER": 1.6452991452991452,
    "Cosine Dist.": 0.2206212190558431
  },
  "occ_eval_res": {
    "precision": 4.611,
    "recall": 10.3226,
    "f-score": 6.3745
  },
  "clean_eval": {
    "f-score": 0.0,
    "precision": 0.0,
    "recall": 0.0,
    "tp": 0,
    "fp": 151,
    "fn": 333
  },
  "jaccard": [
    0.7528830313014827
  ],
  "braycurtis": [
    0.616925500787756
  ],
  "dice": [
    0.6036988110964333
  ],
  "cosinus": [
    0.25159559689856426
  ]
}