{
  "voc_eval_res": {
    "precision": 38.0952,
    "recall": 2.6134,
    "f-score": 4.8913
  },
  "KL_res": {
    "KL divergence": 3.822290049362137,
    "Euclidean Dist.": 0.28709185722632463,
    "WER": 0.9583532790809,
    "CER": 0.8223618183845668,
    "Cosine Dist.": 0.7022824449483609
  },
  "occ_eval_res": {
    "precision": 31.5589,
    "recall": 5.9598,
    "f-score": 10.0262
  },
  "clean_eval": {
    "f-score": 2.987070887204636,
    "precision": 1.7857142857142856,
    "recall": 9.128065395095367,
    "tp": 67,
    "fp": 3685,
    "fn": 667
  },
  "jaccard": [
    0.4107142857142857
  ],
  "braycurtis": [
    0.5939427280887164
  ],
  "dice": [
    0.25842696629213485
  ],
  "cosinus": [
    0.04770264503111876
  ]
}