{
  "voc_eval_res": {
    "precision": 30.3371,
    "recall": 2.6419,
    "f-score": 4.8605
  },
  "KL_res": {
    "KL divergence": 3.684367928304832,
    "Euclidean Dist.": 0.26906014890376023,
    "WER": 0.939887080704085,
    "CER": 0.8167282247884426,
    "Cosine Dist.": 0.41587529421821556
  },
  "occ_eval_res": {
    "precision": 37.7295,
    "recall": 7.5058,
    "f-score": 12.5208
  },
  "clean_eval": {
    "f-score": 2.357100766057749,
    "precision": 1.4255167498218104,
    "recall": 6.802721088435375,
    "tp": 40,
    "fp": 2766,
    "fn": 548
  },
  "jaccard": [
    0.7886160201973835
  ],
  "braycurtis": [
    0.6828252224957394
  ],
  "dice": [
    0.6510041682455475
  ],
  "cosinus": [
    0.206189133251932
  ]
}