{
  "voc_eval_res": {
    "precision": 80.1075,
    "recall": 45.5657,
    "f-score": 58.0897
  },
  "KL_res": {
    "KL divergence": 1.1164986533142656,
    "Euclidean Dist.": 0.10245772722314253,
    "WER": 0.461038961038961,
    "CER": 0.3770585982382229,
    "Cosine Dist.": 0.015220146357266318
  },
  "occ_eval_res": {
    "precision": 86.4169,
    "recall": 59.9026,
    "f-score": 70.7574
  },
  "clean_eval": {
    "f-score": 52.42914979757084,
    "precision": 44.19795221843004,
    "recall": 64.42786069651741,
    "tp": 259,
    "fp": 327,
    "fn": 143
  },
  "jaccard": [
    0.3829268292682927
  ],
  "braycurtis": [
    0.20068667626536715
  ],
  "dice": [
    0.2368024132730015
  ],
  "cosinus": [
    0.047269365536521946
  ]
}