{
  "voc_eval_res": {
    "precision": 73.0769,
    "recall": 51.8182,
    "f-score": 60.6383
  },
  "KL_res": {
    "KL divergence": 1.2639483127914029,
    "Euclidean Dist.": 0.10971200797092684,
    "WER": 0.5024630541871922,
    "CER": 0.394269340974212,
    "Cosine Dist.": 0.06968760831640652
  },
  "occ_eval_res": {
    "precision": 70.8108,
    "recall": 64.532,
    "f-score": 67.5258
  },
  "clean_eval": {
    "f-score": 60.9375,
    "precision": 58.2089552238806,
    "recall": 63.934426229508205,
    "tp": 117,
    "fp": 84,
    "fn": 66
  },
  "jaccard": [
    0.4154786150712831
  ],
  "braycurtis": [
    0.2211101000909918
  ],
  "dice": [
    0.2622107969151671
  ],
  "cosinus": [
    0.06237514821534895
  ]
}