{
  "voc_eval_res": {
    "precision": 6.5693,
    "recall": 4.2857,
    "f-score": 5.1873
  },
  "KL_res": {
    "KL divergence": 5.606607125554975,
    "Euclidean Dist.": 0.24824809100987155,
    "WER": 1.5458715596330275,
    "CER": 1.082179132040628,
    "Cosine Dist.": 0.6929228392140063
  },
  "occ_eval_res": {
    "precision": 3.4783,
    "recall": 5.5046,
    "f-score": 4.2629
  },
  "clean_eval": {
    "f-score": 0.36968576709796674,
    "precision": 0.4761904761904762,
    "recall": 0.3021148036253776,
    "tp": 1,
    "fp": 209,
    "fn": 330
  },
  "jaccard": [
    0.3333333333333333
  ],
  "braycurtis": [
    0.24778761061946902
  ],
  "dice": [
    0.2
  ],
  "cosinus": [
    0.05328654206024319
  ]
}