{
  "voc_eval_res": {
    "precision": 41.8733,
    "recall": 13.0584,
    "f-score": 19.9083
  },
  "KL_res": {
    "KL divergence": 2.283188124751259,
    "Euclidean Dist.": 0.14007235632763482,
    "WER": 0.7862881628280665,
    "CER": 0.5648464163822525,
    "Cosine Dist.": 0.1520997308590628
  },
  "occ_eval_res": {
    "precision": 49.1636,
    "recall": 28.3342,
    "f-score": 35.9497
  },
  "clean_eval": {
    "f-score": 13.91941391941392,
    "precision": 10.686164229471316,
    "recall": 19.95798319327731,
    "tp": 190,
    "fp": 1588,
    "fn": 762
  },
  "jaccard": [
    0.8817442719881744
  ],
  "braycurtis": [
    0.6288808664259928
  ],
  "dice": [
    0.7884996695307337
  ],
  "cosinus": [
    0.16165524383772645
  ]
}