{
  "voc_eval_res": {
    "precision": 38.5246,
    "recall": 5.0393,
    "f-score": 8.9128
  },
  "KL_res": {
    "KL divergence": 3.2566743949272583,
    "Euclidean Dist.": 0.16482522150533757,
    "WER": 0.9185601799775028,
    "CER": 0.7839860805620301,
    "Cosine Dist.": 0.5540496714857164
  },
  "occ_eval_res": {
    "precision": 43.2461,
    "recall": 9.2913,
    "f-score": 15.2963
  },
  "clean_eval": {
    "f-score": 5.767668562144598,
    "precision": 3.5562233909341345,
    "recall": 15.252416756176155,
    "tp": 142,
    "fp": 3851,
    "fn": 789
  },
  "jaccard": [
    0.948489010989011
  ],
  "braycurtis": [
    0.8285606631499624
  ],
  "dice": [
    0.9020248203788374
  ],
  "cosinus": [
    0.5627921360899317
  ]
}