{
  "voc_eval_res": {
    "precision": 74.3991,
    "recall": 93.8386,
    "f-score": 82.9957
  },
  "KL_res": {
    "KL divergence": 0.049752071388240726,
    "Euclidean Dist.": 0.011674810697250659,
    "WER": 0.13230875588290036,
    "CER": 0.07222015770638512,
    "Cosine Dist.": 0.0041998539499489285
  },
  "occ_eval_res": {
    "precision": 88.9711,
    "recall": 96.546,
    "f-score": 92.6039
  },
  "clean_eval": {
    "f-score": 83.66731781782428,
    "precision": 87.85318409041513,
    "recall": 79.86219159813291,
    "tp": 32337,
    "fp": 4471,
    "fn": 8154
  },
  "jaccard": [
    0.2702269692923899
  ],
  "braycurtis": [
    0.0714315292558698
  ],
  "dice": [
    0.1562210558814449
  ],
  "cosinus": [
    0.005679454113904914
  ]
}