{
  "voc_eval_res": {
    "precision": 14.0351,
    "recall": 0.4517,
    "f-score": 0.8753
  },
  "KL_res": {
    "KL divergence": 5.100511418744759,
    "Euclidean Dist.": 0.3537716452931835,
    "WER": 0.9906821963394343,
    "CER": 0.9357111949063485,
    "Cosine Dist.": 0.913528219852873
  },
  "occ_eval_res": {
    "precision": 28.2258,
    "recall": 1.1647,
    "f-score": 2.2371
  },
  "clean_eval": {
    "f-score": 1.1007911936704506,
    "precision": 0.5722460658082975,
    "recall": 14.414414414414415,
    "tp": 16,
    "fp": 2780,
    "fn": 95
  },
  "jaccard": [
    0.897771416888162
  ],
  "braycurtis": [
    0.8863456538939753
  ],
  "dice": [
    0.8145056575774439
  ],
  "cosinus": [
    0.5010254268842445
  ]
}