{
  "voc_eval_res": {
    "precision": 74.1706,
    "recall": 54.0587,
    "f-score": 62.5375
  },
  "KL_res": {
    "KL divergence": 0.6633726395068616,
    "Euclidean Dist.": 0.060063636436279495,
    "WER": 0.40114431023521935,
    "CER": 0.30290850628471205,
    "Cosine Dist.": 0.015303289254791075
  },
  "occ_eval_res": {
    "precision": 79.4643,
    "recall": 73.5537,
    "f-score": 76.3948
  },
  "clean_eval": {
    "f-score": 58.33333333333333,
    "precision": 56.07235142118863,
    "recall": 60.78431372549019,
    "tp": 868,
    "fp": 680,
    "fn": 560
  },
  "jaccard": [
    0.35518945634266885
  ],
  "braycurtis": [
    0.10773693680461205
  ],
  "dice": [
    0.21594551282051283
  ],
  "cosinus": [
    0.008047898215455818
  ]
}