{
  "voc_eval_res": {
    "precision": 27.907,
    "recall": 2.0455,
    "f-score": 3.8115
  },
  "KL_res": {
    "KL divergence": 3.885279518920306,
    "Euclidean Dist.": 0.2965168135138356,
    "WER": 0.9450360700790107,
    "CER": 0.844109232769831,
    "Cosine Dist.": 0.5390634559376248
  },
  "occ_eval_res": {
    "precision": 42.6941,
    "recall": 6.4239,
    "f-score": 11.1675
  },
  "clean_eval": {
    "f-score": 0.12730744748567793,
    "precision": 0.07382798080472498,
    "recall": 0.4618937644341801,
    "tp": 2,
    "fp": 2707,
    "fn": 431
  },
  "jaccard": [
    0.45454545454545453
  ],
  "braycurtis": [
    0.6905197179420214
  ],
  "dice": [
    0.29411764705882354
  ],
  "cosinus": [
    0.04831293799249747
  ]
}