{
  "voc_eval_res": {
    "precision": 26.6129,
    "recall": 8.3544,
    "f-score": 12.7168
  },
  "KL_res": {
    "KL divergence": 3.5537723631349434,
    "Euclidean Dist.": 0.17575801131000676,
    "WER": 0.8681102362204725,
    "CER": 0.661207528721584,
    "Cosine Dist.": 0.19336792323031304
  },
  "occ_eval_res": {
    "precision": 34.0206,
    "recall": 19.4882,
    "f-score": 24.781
  },
  "clean_eval": {
    "f-score": 1.7857142857142856,
    "precision": 1.4000000000000001,
    "recall": 2.464788732394366,
    "tp": 7,
    "fp": 493,
    "fn": 277
  },
  "jaccard": [
    0.2564102564102564
  ],
  "braycurtis": [
    0.2722545120832059
  ],
  "dice": [
    0.14705882352941177
  ],
  "cosinus": [
    0.012641107856957934
  ]
}