{
  "voc_eval_res": {
    "precision": 25.9928,
    "recall": 10.8597,
    "f-score": 15.3191
  },
  "KL_res": {
    "KL divergence": 2.6197627098844336,
    "Euclidean Dist.": 0.13756045328995695,
    "WER": 0.8266009852216749,
    "CER": 0.6461705726020778,
    "Cosine Dist.": 0.122357841621339
  },
  "occ_eval_res": {
    "precision": 42.2789,
    "recall": 27.7833,
    "f-score": 33.5315
  },
  "clean_eval": {
    "f-score": 6.62170447578173,
    "precision": 5.4989816700611,
    "recall": 8.320493066255779,
    "tp": 54,
    "fp": 928,
    "fn": 595
  },
  "jaccard": [
    0.9097303634232122
  ],
  "braycurtis": [
    0.6349942062572422
  ],
  "dice": [
    0.8344086021505376
  ],
  "cosinus": [
    0.13045493984997536
  ]
}