{
  "voc_eval_res": {
    "precision": 7.2072,
    "recall": 3.9024,
    "f-score": 5.0633
  },
  "KL_res": {
    "KL divergence": 5.026278642301611,
    "Euclidean Dist.": 0.22660826646921564,
    "WER": 1.1508620689655173,
    "CER": 0.8859561752988048,
    "Cosine Dist.": 0.38979244358109855
  },
  "occ_eval_res": {
    "precision": 8.3624,
    "recall": 10.3448,
    "f-score": 9.2486
  },
  "clean_eval": {
    "f-score": 0.7889546351084813,
    "precision": 0.8849557522123894,
    "recall": 0.7117437722419928,
    "tp": 2,
    "fp": 224,
    "fn": 279
  },
  "jaccard": [
    0.9703947368421053
  ],
  "braycurtis": [
    0.9033457249070632
  ],
  "dice": [
    0.9424920127795527
  ],
  "cosinus": [
    0.5171239627593676
  ]
}