{
  "voc_eval_res": {
    "precision": 55.3797,
    "recall": 51.0204,
    "f-score": 53.1108
  },
  "KL_res": {
    "KL divergence": 0.7024650351404642,
    "Euclidean Dist.": 0.04476756840318093,
    "WER": 0.6370757180156658,
    "CER": 0.5425968109339407,
    "Cosine Dist.": 0.02249363979592811
  },
  "occ_eval_res": {
    "precision": 69.8473,
    "recall": 71.671,
    "f-score": 70.7474
  },
  "clean_eval": {
    "f-score": 30.360789652825055,
    "precision": 30.801104972375693,
    "recall": 29.93288590604027,
    "tp": 223,
    "fp": 501,
    "fn": 522
  },
  "jaccard": [
    0.6047008547008547
  ],
  "braycurtis": [
    0.24696356275303644
  ],
  "dice": [
    0.4333843797856049
  ],
  "cosinus": [
    0.020990478018050096
  ]
}