{
  "voc_eval_res": {
    "precision": 77.5,
    "recall": 32.9787,
    "f-score": 46.2687
  },
  "KL_res": {
    "KL divergence": 1.0582025150806207,
    "Euclidean Dist.": 0.09089737241233792,
    "WER": 0.4801110083256244,
    "CER": 0.396748793497587,
    "Cosine Dist.": 0.026833776718115376
  },
  "occ_eval_res": {
    "precision": 85.8711,
    "recall": 57.9093,
    "f-score": 69.1713
  },
  "clean_eval": {
    "f-score": 47.15261958997722,
    "precision": 39.5793499043977,
    "recall": 58.309859154929576,
    "tp": 414,
    "fp": 632,
    "fn": 296
  },
  "jaccard": [
    0.6516634050880626
  ],
  "braycurtis": [
    0.26754832146490337
  ],
  "dice": [
    0.4833091436865022
  ],
  "cosinus": [
    0.03254644968294351
  ]
}