{
  "voc_eval_res": {
    "precision": 80.7692,
    "recall": 34.7826,
    "f-score": 48.6252
  },
  "KL_res": {
    "KL divergence": 1.0825657441020562,
    "Euclidean Dist.": 0.11727276729590251,
    "WER": 0.4748455428067079,
    "CER": 0.38872832369942195,
    "Cosine Dist.": 0.021569363166544675
  },
  "occ_eval_res": {
    "precision": 84.7909,
    "recall": 59.0468,
    "f-score": 69.615
  },
  "clean_eval": {
    "f-score": 48.900804289544226,
    "precision": 41.53005464480874,
    "recall": 59.45241199478487,
    "tp": 456,
    "fp": 642,
    "fn": 311
  },
  "jaccard": [
    0.6392156862745098
  ],
  "braycurtis": [
    0.26461843409316155
  ],
  "dice": [
    0.4697406340057637
  ],
  "cosinus": [
    0.026410933455026875
  ]
}