{
  "voc_eval_res": {
    "precision": 8.8083,
    "recall": 0.771,
    "f-score": 1.4178
  },
  "KL_res": {
    "KL divergence": 3.6212171101243738,
    "Euclidean Dist.": 0.17278670507425326,
    "WER": 0.9946069619218827,
    "CER": 0.8558241480326245,
    "Cosine Dist.": 0.9670481423763395
  },
  "occ_eval_res": {
    "precision": 3.5985,
    "recall": 0.9315,
    "f-score": 1.4799
  },
  "clean_eval": {
    "f-score": 0.11880011880011881,
    "precision": 0.07646721468170523,
    "recall": 0.2661343978709248,
    "tp": 4,
    "fp": 5227,
    "fn": 1499
  },
  "jaccard": [
    0.8458241758241758
  ],
  "braycurtis": [
    0.750963611419612
  ],
  "dice": [
    0.7328382366942778
  ],
  "cosinus": [
    0.4212495997898952
  ]
}