{
  "voc_eval_res": {
    "precision": 10.148,
    "recall": 1.0129,
    "f-score": 1.8419
  },
  "KL_res": {
    "KL divergence": 3.8930191667700837,
    "Euclidean Dist.": 0.30648815540674107,
    "WER": 0.9781973203410474,
    "CER": 0.7914891210075795,
    "Cosine Dist.": 0.7863000685177706
  },
  "occ_eval_res": {
    "precision": 8.0075,
    "recall": 2.5944,
    "f-score": 3.919
  },
  "clean_eval": {
    "f-score": 0.11929615269907544,
    "precision": 0.08011750567498999,
    "recall": 0.23346303501945526,
    "tp": 6,
    "fp": 7483,
    "fn": 2564
  },
  "jaccard": [
    0.784132590680614
  ],
  "braycurtis": [
    0.6827305434576785
  ],
  "dice": [
    0.6449162011173184
  ],
  "cosinus": [
    0.4260160654374797
  ]
}