{
  "voc_eval_res": {
    "precision": 22.5329,
    "recall": 45.753,
    "f-score": 30.1951
  },
  "KL_res": {
    "KL divergence": 0.4360872482081076,
    "Euclidean Dist.": 0.04320841620825163,
    "WER": 0.5370603703297907,
    "CER": 0.1562646114322415,
    "Cosine Dist.": 0.08006960514783468
  },
  "occ_eval_res": {
    "precision": 56.6035,
    "recall": 58.8912,
    "f-score": 57.7247
  },
  "clean_eval": {
    "f-score": 48.69375144496522,
    "precision": 48.46861924686193,
    "recall": 48.920984838886774,
    "tp": 34752,
    "fp": 36948,
    "fn": 36285
  },
  "jaccard": [
    0.6743676859192148
  ],
  "braycurtis": [
    0.17952256089169383
  ],
  "dice": [
    0.5087139765349129
  ],
  "cosinus": [
    0.02769667129169806
  ]
}