{
  "voc_eval_res": {
    "precision": 10.2041,
    "recall": 0.2798,
    "f-score": 0.5447
  },
  "KL_res": {
    "KL divergence": 4.273921814902202,
    "Euclidean Dist.": 0.31123307095947206,
    "WER": 0.9948400412796697,
    "CER": 0.9735890583241629,
    "Cosine Dist.": 0.8440261218051056
  },
  "occ_eval_res": {
    "precision": 12.1212,
    "recall": 0.6192,
    "f-score": 1.1782
  },
  "clean_eval": {
    "f-score": 1.0089686098654709,
    "precision": 0.5334914048606995,
    "recall": 9.278350515463918,
    "tp": 9,
    "fp": 1678,
    "fn": 88
  },
  "jaccard": [
    0.425531914893617
  ],
  "braycurtis": [
    0.9461590960794722
  ],
  "dice": [
    0.2702702702702703
  ],
  "cosinus": [
    0.12843526671303018
  ]
}