{
  "voc_eval_res": {
    "precision": 35.3741,
    "recall": 3.6011,
    "f-score": 6.5368
  },
  "KL_res": {
    "KL divergence": 4.101552406033025,
    "Euclidean Dist.": 0.2210809502882582,
    "WER": 0.9446913580246914,
    "CER": 0.8167885264341957,
    "Cosine Dist.": 0.5944907821902295
  },
  "occ_eval_res": {
    "precision": 32.0574,
    "recall": 6.6173,
    "f-score": 10.9701
  },
  "clean_eval": {
    "f-score": 3.631532329495129,
    "precision": 2.1925133689839575,
    "recall": 10.56701030927835,
    "tp": 41,
    "fp": 1829,
    "fn": 347
  },
  "jaccard": [
    0.963758389261745
  ],
  "braycurtis": [
    0.8876018876018876
  ],
  "dice": [
    0.9300518134715026
  ],
  "cosinus": [
    0.7256546052584334
  ]
}