{
  "voc_eval_res": {
    "precision": 37.766,
    "recall": 3.5323,
    "f-score": 6.4604
  },
  "KL_res": {
    "KL divergence": 3.7959249767011505,
    "Euclidean Dist.": 0.15945609942188335,
    "WER": 0.9492939666238768,
    "CER": 0.8382255468232175,
    "Cosine Dist.": 0.7027550759431866
  },
  "occ_eval_res": {
    "precision": 34.2412,
    "recall": 5.6483,
    "f-score": 9.697
  },
  "clean_eval": {
    "f-score": 2.750951126719345,
    "precision": 1.6151202749140896,
    "recall": 9.270216962524655,
    "tp": 47,
    "fp": 2863,
    "fn": 460
  },
  "jaccard": [
    0.48148148148148145
  ],
  "braycurtis": [
    0.6680588625629416
  ],
  "dice": [
    0.3170731707317073
  ],
  "cosinus": [
    0.0252442157681253
  ]
}