{
  "voc_eval_res": {
    "precision": 28.6154,
    "recall": 3.3357,
    "f-score": 5.9749
  },
  "KL_res": {
    "KL divergence": 3.608632519150691,
    "Euclidean Dist.": 0.28063420485420054,
    "WER": 0.955386289445049,
    "CER": 0.788738319161083,
    "Cosine Dist.": 0.8691166267645392
  },
  "occ_eval_res": {
    "precision": 23.0135,
    "recall": 5.5676,
    "f-score": 8.9661
  },
  "clean_eval": {
    "f-score": 1.5607218338481548,
    "precision": 0.9872480460715755,
    "recall": 3.7238169123351437,
    "tp": 48,
    "fp": 4814,
    "fn": 1241
  },
  "jaccard": [
    0.756200438670491
  ],
  "braycurtis": [
    0.6568999819135467
  ],
  "dice": [
    0.6079761258817146
  ],
  "cosinus": [
    0.3869119681173968
  ]
}