{
  "voc_eval_res": {
    "precision": 31.3559,
    "recall": 2.4262,
    "f-score": 4.504
  },
  "KL_res": {
    "KL divergence": 3.557732813590586,
    "Euclidean Dist.": 0.2158055813901078,
    "WER": 0.9542012927054478,
    "CER": 0.8339445200212929,
    "Cosine Dist.": 0.672187166967657
  },
  "occ_eval_res": {
    "precision": 33.2953,
    "recall": 5.3924,
    "f-score": 9.2816
  },
  "clean_eval": {
    "f-score": 2.088045937010614,
    "precision": 1.2207527975584944,
    "recall": 7.211538461538461,
    "tp": 60,
    "fp": 4855,
    "fn": 772
  },
  "jaccard": [
    0.7948160535117057
  ],
  "braycurtis": [
    0.6998147301556747
  ],
  "dice": [
    0.6594977105591786
  ],
  "cosinus": [
    0.28337302282189747
  ]
}