{
  "voc_eval_res": {
    "precision": 22.2222,
    "recall": 0.2754,
    "f-score": 0.544
  },
  "KL_res": {
    "KL divergence": 3.8810552623362,
    "Euclidean Dist.": 0.4086719086163172,
    "WER": 0.9958391123439667,
    "CER": 0.9794462792495257,
    "Cosine Dist.": 0.8182072996736844
  },
  "occ_eval_res": {
    "precision": 28.0,
    "recall": 0.5825,
    "f-score": 1.1413
  },
  "clean_eval": {
    "f-score": 0.6802721088435374,
    "precision": 0.34672060098237506,
    "recall": 17.91044776119403,
    "tp": 12,
    "fp": 3449,
    "fn": 55
  },
  "jaccard": [
    0.425531914893617
  ],
  "braycurtis": [
    0.9581409664512157
  ],
  "dice": [
    0.2702702702702703
  ],
  "cosinus": [
    0.09166605818464224
  ]
}