{
  "voc_eval_res": {
    "precision": 23.5294,
    "recall": 7.7348,
    "f-score": 11.6424
  },
  "KL_res": {
    "KL divergence": 4.242228210434998,
    "Euclidean Dist.": 0.2112742429140211,
    "WER": 0.9094650205761317,
    "CER": 0.6847767616998386,
    "Cosine Dist.": 0.49277333111738975
  },
  "occ_eval_res": {
    "precision": 23.2258,
    "recall": 14.8148,
    "f-score": 18.0905
  },
  "clean_eval": {
    "f-score": 1.3071895424836604,
    "precision": 1.0638297872340425,
    "recall": 1.694915254237288,
    "tp": 5,
    "fp": 465,
    "fn": 290
  },
  "jaccard": [
    0.2222222222222222
  ],
  "braycurtis": [
    0.20323937081451487
  ],
  "dice": [
    0.125
  ],
  "cosinus": [
    0.043554053207538024
  ]
}