{
  "voc_eval_res": {
    "precision": 70.297,
    "recall": 34.6341,
    "f-score": 46.4052
  },
  "KL_res": {
    "KL divergence": 1.5561075028200042,
    "Euclidean Dist.": 0.10516149037278878,
    "WER": 0.5225988700564972,
    "CER": 0.39894179894179893,
    "Cosine Dist.": 0.04616712068998985
  },
  "occ_eval_res": {
    "precision": 75.6863,
    "recall": 54.5198,
    "f-score": 63.3826
  },
  "clean_eval": {
    "f-score": 37.66666666666666,
    "precision": 32.564841498559076,
    "recall": 44.66403162055336,
    "tp": 113,
    "fp": 234,
    "fn": 140
  },
  "jaccard": [
    0.6784140969162996
  ],
  "braycurtis": [
    0.3354330708661417
  ],
  "dice": [
    0.5133333333333333
  ],
  "cosinus": [
    0.06149047147000497
  ]
}