{
  "voc_eval_res": {
    "precision": 4.9669,
    "recall": 0.3589,
    "f-score": 0.6695
  },
  "KL_res": {
    "KL divergence": 3.23820080714418,
    "Euclidean Dist.": 0.17516874063248686,
    "WER": 0.9954038082731451,
    "CER": 0.8224664727534814,
    "Cosine Dist.": 0.9153447690862033
  },
  "occ_eval_res": {
    "precision": 2.7892,
    "recall": 0.7441,
    "f-score": 1.1748
  },
  "clean_eval": {
    "f-score": 0.14585232452142205,
    "precision": 0.09343611305769679,
    "recall": 0.33222591362126247,
    "tp": 4,
    "fp": 4277,
    "fn": 1200
  },
  "jaccard": [
    0.8111626515038156
  ],
  "braycurtis": [
    0.7133923608353847
  ],
  "dice": [
    0.6823159219634991
  ],
  "cosinus": [
    0.3687547808174221
  ]
}