{
  "voc_eval_res": {
    "precision": 79.845,
    "recall": 15.9196,
    "f-score": 26.5464
  },
  "KL_res": {
    "KL divergence": 3.222754149930272,
    "Euclidean Dist.": 0.31604553187697726,
    "WER": 0.8451443569553806,
    "CER": 0.7344577126677336,
    "Cosine Dist.": 0.7524003973454138
  },
  "occ_eval_res": {
    "precision": 85.9935,
    "recall": 17.3228,
    "f-score": 28.8367
  },
  "clean_eval": {
    "f-score": 14.484679665738161,
    "precision": 8.689839572192513,
    "recall": 43.47826086956522,
    "tp": 130,
    "fp": 1366,
    "fn": 169
  },
  "jaccard": [
    0.8328125
  ],
  "braycurtis": [
    0.6104815864022662
  ],
  "dice": [
    0.713520749665328
  ],
  "cosinus": [
    0.6019813352101193
  ]
}