{
  "voc_eval_res": {
    "precision": 7.3469,
    "recall": 0.4668,
    "f-score": 0.8778
  },
  "KL_res": {
    "KL divergence": 4.057661837220794,
    "Euclidean Dist.": 0.22034715351444834,
    "WER": 0.9906118484946584,
    "CER": 0.8823749665686013,
    "Cosine Dist.": 0.9052184072272198
  },
  "occ_eval_res": {
    "precision": 9.1156,
    "recall": 1.0845,
    "f-score": 1.9384
  },
  "clean_eval": {
    "f-score": 0.27876722936348153,
    "precision": 0.1566579634464752,
    "recall": 1.2640449438202246,
    "tp": 9,
    "fp": 5736,
    "fn": 703
  },
  "jaccard": [
    0.5409836065573771
  ],
  "braycurtis": [
    0.7385085904470631
  ],
  "dice": [
    0.3707865168539326
  ],
  "cosinus": [
    0.0528522358665402
  ]
}