{
  "voc_eval_res": {
    "precision": 76.0,
    "recall": 4.8531,
    "f-score": 9.1236
  },
  "KL_res": {
    "KL divergence": 3.485477539521136,
    "Euclidean Dist.": 0.30680526660179086,
    "WER": 0.8829875518672199,
    "CER": 0.8170188299554406,
    "Cosine Dist.": 0.26743333651892476
  },
  "occ_eval_res": {
    "precision": 88.9503,
    "recall": 13.361,
    "f-score": 23.2323
  },
  "clean_eval": {
    "f-score": 16.718749999999996,
    "precision": 9.511111111111111,
    "recall": 69.03225806451613,
    "tp": 107,
    "fp": 1018,
    "fn": 48
  },
  "jaccard": [
    0.8544717980679339
  ],
  "braycurtis": [
    0.6810548722800378
  ],
  "dice": [
    0.7459194776931447
  ],
  "cosinus": [
    0.2992814029871973
  ]
}