{
  "voc_eval_res": {
    "precision": 60.8696,
    "recall": 25.3623,
    "f-score": 35.8056
  },
  "KL_res": {
    "KL divergence": 2.0000883386128656,
    "Euclidean Dist.": 0.15430314355580715,
    "WER": 0.7535070140280561,
    "CER": 0.6656113005358013,
    "Cosine Dist.": 0.11322595637459298
  },
  "occ_eval_res": {
    "precision": 69.6486,
    "recall": 43.6874,
    "f-score": 53.6946
  },
  "clean_eval": {
    "f-score": 24.744897959183675,
    "precision": 20.12448132780083,
    "recall": 32.11920529801324,
    "tp": 97,
    "fp": 385,
    "fn": 205
  },
  "jaccard": [
    0.5590729225551159
  ],
  "braycurtis": [
    0.3019794612293496
  ],
  "dice": [
    0.387995292271479
  ],
  "cosinus": [
    0.08806214345981589
  ]
}