{
  "voc_eval_res": {
    "precision": 13.7681,
    "recall": 1.8605,
    "f-score": 3.278
  },
  "KL_res": {
    "KL divergence": 3.5915357312045657,
    "Euclidean Dist.": 0.2160312460529427,
    "WER": 0.9824843323156034,
    "CER": 0.7760977963648061,
    "Cosine Dist.": 0.8931234452257891
  },
  "occ_eval_res": {
    "precision": 8.7602,
    "recall": 2.9407,
    "f-score": 4.4033
  },
  "clean_eval": {
    "f-score": 0.2932551319648094,
    "precision": 0.20087655222790357,
    "recall": 0.5429417571569595,
    "tp": 11,
    "fp": 5465,
    "fn": 2015
  },
  "jaccard": [
    0.53125
  ],
  "braycurtis": [
    0.4576638674498002
  ],
  "dice": [
    0.3617021276595745
  ],
  "cosinus": [
    0.03844014285984598
  ]
}