{
  "voc_eval_res": {
    "precision": 21.8241,
    "recall": 5.3344,
    "f-score": 8.5733
  },
  "KL_res": {
    "KL divergence": 3.650613370438199,
    "Euclidean Dist.": 0.22396255874874188,
    "WER": 0.9833729216152018,
    "CER": 0.9164094232331438,
    "Cosine Dist.": 0.665674232169849
  },
  "occ_eval_res": {
    "precision": 9.9626,
    "recall": 9.5012,
    "f-score": 9.7264
  },
  "clean_eval": {
    "f-score": 1.4814814814814816,
    "precision": 1.4285714285714286,
    "recall": 1.5384615384615385,
    "tp": 22,
    "fp": 1518,
    "fn": 1408
  },
  "jaccard": [
    0.35185185185185186
  ],
  "braycurtis": [
    0.13080907565477493
  ],
  "dice": [
    0.21348314606741572
  ],
  "cosinus": [
    0.019758518943171155
  ]
}