{
  "voc_eval_res": {
    "precision": 9.6831,
    "recall": 7.8236,
    "f-score": 8.6546
  },
  "KL_res": {
    "KL divergence": 3.5768499590642797,
    "Euclidean Dist.": 0.13441285722452007,
    "WER": 1.5714285714285714,
    "CER": 1.4043780505842332,
    "Cosine Dist.": 0.2890752093234722
  },
  "occ_eval_res": {
    "precision": 9.1912,
    "recall": 14.881,
    "f-score": 11.3636
  },
  "clean_eval": {
    "f-score": 0.6769825918762089,
    "precision": 0.8782936010037641,
    "recall": 0.5507474429583006,
    "tp": 7,
    "fp": 790,
    "fn": 1264
  },
  "jaccard": [
    0.2564102564102564
  ],
  "braycurtis": [
    0.31424481030780244
  ],
  "dice": [
    0.14705882352941177
  ],
  "cosinus": [
    0.012901676563590425
  ]
}