{
  "voc_eval_res": {
    "precision": 78.5965,
    "recall": 20.7985,
    "f-score": 32.8928
  },
  "KL_res": {
    "KL divergence": 1.6966433745040455,
    "Euclidean Dist.": 0.14065940276675365,
    "WER": 0.6414576802507836,
    "CER": 0.4675109781709413,
    "Cosine Dist.": 0.09900801648662816
  },
  "occ_eval_res": {
    "precision": 83.9779,
    "recall": 41.6928,
    "f-score": 55.7214
  },
  "clean_eval": {
    "f-score": 28.18057455540356,
    "precision": 21.202140798682585,
    "recall": 42.00652528548124,
    "tp": 515,
    "fp": 1914,
    "fn": 711
  },
  "jaccard": [
    0.7845303867403315
  ],
  "braycurtis": [
    0.3861710849959005
  ],
  "dice": [
    0.6454545454545455
  ],
  "cosinus": [
    0.0747864367343023
  ]
}