{
  "voc_eval_res": {
    "precision": 14.0,
    "recall": 0.8055,
    "f-score": 1.5234
  },
  "KL_res": {
    "KL divergence": 4.077931831357791,
    "Euclidean Dist.": 0.24819247200075498,
    "WER": 0.9764976958525345,
    "CER": 0.8913176585843743,
    "Cosine Dist.": 0.48795345797537704
  },
  "occ_eval_res": {
    "precision": 20.712,
    "recall": 2.9493,
    "f-score": 5.1634
  },
  "clean_eval": {
    "f-score": 0.4222972972972973,
    "precision": 0.23923444976076555,
    "recall": 1.7985611510791366,
    "tp": 5,
    "fp": 2085,
    "fn": 273
  },
  "jaccard": [
    0.8368421052631579
  ],
  "braycurtis": [
    0.8103108172948765
  ],
  "dice": [
    0.7194570135746606
  ],
  "cosinus": [
    0.30539187362253606
  ]
}