{
  "voc_eval_res": {
    "precision": 15.8668,
    "recall": 35.1171,
    "f-score": 21.8577
  },
  "KL_res": {
    "KL divergence": 0.47813135929587786,
    "Euclidean Dist.": 0.04938915794981446,
    "WER": 0.943903116006603,
    "CER": 0.6964233454861728,
    "Cosine Dist.": 0.09096428133138468
  },
  "occ_eval_res": {
    "precision": 52.1366,
    "recall": 36.9304,
    "f-score": 43.2355
  },
  "clean_eval": {
    "f-score": 15.188758204484385,
    "precision": 12.708615910833284,
    "recall": 18.871642183155636,
    "tp": 8620,
    "fp": 59208,
    "fn": 37057
  },
  "jaccard": [
    0.8673635072051958
  ],
  "braycurtis": [
    0.5653912687636019
  ],
  "dice": [
    0.7657915957351492
  ],
  "cosinus": [
    0.09260422481295028
  ]
}