{
  "voc_eval_res": {
    "precision": 52.2599,
    "recall": 43.7352,
    "f-score": 47.619
  },
  "KL_res": {
    "KL divergence": 1.0771401323591725,
    "Euclidean Dist.": 0.08453322180453877,
    "WER": 1.044776119402985,
    "CER": 0.9458799331533616,
    "Cosine Dist.": 0.12351648901878609
  },
  "occ_eval_res": {
    "precision": 48.2169,
    "recall": 64.5771,
    "f-score": 55.2105
  },
  "clean_eval": {
    "f-score": 39.08045977011494,
    "precision": 45.426515930113055,
    "recall": 34.29014740108612,
    "tp": 442,
    "fp": 531,
    "fn": 847
  },
  "jaccard": [
    0.6678023850085179
  ],
  "braycurtis": [
    0.42736842105263156
  ],
  "dice": [
    0.5012787723785166
  ],
  "cosinus": [
    0.11021786969661307
  ]
}