{
  "voc_eval_res": {
    "precision": 71.1765,
    "recall": 43.3692,
    "f-score": 53.8976
  },
  "KL_res": {
    "KL divergence": 1.984177649542247,
    "Euclidean Dist.": 0.1603676190137037,
    "WER": 0.5666666666666667,
    "CER": 0.4583333333333333,
    "Cosine Dist.": 0.4107531542843047
  },
  "occ_eval_res": {
    "precision": 71.5942,
    "recall": 48.4314,
    "f-score": 57.7778
  },
  "clean_eval": {
    "f-score": 46.91656590084643,
    "precision": 39.43089430894309,
    "recall": 57.91044776119403,
    "tp": 194,
    "fp": 298,
    "fn": 141
  },
  "jaccard": [
    0.5922619047619048
  ],
  "braycurtis": [
    0.391304347826087
  ],
  "dice": [
    0.42071881606765327
  ],
  "cosinus": [
    0.49048644823387155
  ]
}