{
  "voc_eval_res": {
    "precision": 52.027,
    "recall": 37.561,
    "f-score": 43.6261
  },
  "KL_res": {
    "KL divergence": 1.44773560756631,
    "Euclidean Dist.": 0.11864606660635356,
    "WER": 0.6685082872928176,
    "CER": 0.5478455512031337,
    "Cosine Dist.": 0.03882468593429966
  },
  "occ_eval_res": {
    "precision": 61.3095,
    "recall": 56.9061,
    "f-score": 59.0258
  },
  "clean_eval": {
    "f-score": 30.22222222222222,
    "precision": 29.142857142857142,
    "recall": 31.384615384615383,
    "tp": 102,
    "fp": 248,
    "fn": 223
  },
  "jaccard": [
    0.7
  ],
  "braycurtis": [
    0.400278940027894
  ],
  "dice": [
    0.5384615384615384
  ],
  "cosinus": [
    0.06568090348194622
  ]
}