{
  "voc_eval_res": {
    "precision": 10.1504,
    "recall": 0.7636,
    "f-score": 1.4203
  },
  "KL_res": {
    "KL divergence": 3.8801468926460054,
    "Euclidean Dist.": 0.2113889115055919,
    "WER": 0.9923093356120487,
    "CER": 0.9009253270981543,
    "Cosine Dist.": 0.966005571436656
  },
  "occ_eval_res": {
    "precision": 8.134,
    "recall": 1.0895,
    "f-score": 1.9216
  },
  "clean_eval": {
    "f-score": 0.37926675094816686,
    "precision": 0.21770682148040638,
    "recall": 1.4705882352941175,
    "tp": 9,
    "fp": 4125,
    "fn": 603
  },
  "jaccard": [
    0.9910496338486574
  ],
  "braycurtis": [
    0.975298126064736
  ],
  "dice": [
    0.9822580645161291
  ],
  "cosinus": [
    0.9394434540829655
  ]
}