{
  "voc_eval_res": {
    "precision": 5.2023,
    "recall": 0.3447,
    "f-score": 0.6466
  },
  "KL_res": {
    "KL divergence": 3.8493582592163,
    "Euclidean Dist.": 0.13594620824005685,
    "WER": 0.9967897271268058,
    "CER": 0.8871208755704535,
    "Cosine Dist.": 0.9797276648442349
  },
  "occ_eval_res": {
    "precision": 2.9197,
    "recall": 0.3852,
    "f-score": 0.6807
  },
  "clean_eval": {
    "f-score": 0.30057108506161706,
    "precision": 0.17047391749062393,
    "recall": 1.2690355329949239,
    "tp": 5,
    "fp": 2928,
    "fn": 389
  },
  "jaccard": [
    0.8266960176105663
  ],
  "braycurtis": [
    0.8167172298357569
  ],
  "dice": [
    0.7045880948319972
  ],
  "cosinus": [
    0.34610128209070123
  ]
}