{
  "voc_eval_res": {
    "precision": 14.1388,
    "recall": 0.9379,
    "f-score": 1.7592
  },
  "KL_res": {
    "KL divergence": 3.198452507719356,
    "Euclidean Dist.": 0.3570937213978419,
    "WER": 0.9803620016562167,
    "CER": 0.7864563924456303,
    "Cosine Dist.": 0.9194309675340324
  },
  "occ_eval_res": {
    "precision": 7.7274,
    "recall": 2.6026,
    "f-score": 3.8938
  },
  "clean_eval": {
    "f-score": 0.8264462809917353,
    "precision": 0.5612244897959183,
    "recall": 1.566951566951567,
    "tp": 44,
    "fp": 7796,
    "fn": 2764
  },
  "jaccard": [
    0.9892544222185485
  ],
  "braycurtis": [
    0.9599406528189911
  ],
  "dice": [
    0.9787373241740268
  ],
  "cosinus": [
    0.9638574112841073
  ]
}