{
  "voc_eval_res": {
    "precision": 20.7005,
    "recall": 49.5214,
    "f-score": 29.1966
  },
  "KL_res": {
    "KL divergence": 0.8206105886972225,
    "Euclidean Dist.": 0.12018338164513331,
    "WER": 1.5059787947562753,
    "CER": 0.6697608441380684,
    "Cosine Dist.": 0.4562224147854175
  },
  "occ_eval_res": {
    "precision": 31.6402,
    "recall": 65.7058,
    "f-score": 42.7124
  },
  "clean_eval": {
    "f-score": 33.85094174474017,
    "precision": 55.03513703443429,
    "recall": 24.442502457826812,
    "tp": 15663,
    "fp": 12797,
    "fn": 48418
  },
  "jaccard": [
    0.8031386783388491
  ],
  "braycurtis": [
    0.35170455426420977
  ],
  "dice": [
    0.671037374007671
  ],
  "cosinus": [
    0.12354704616490708
  ]
}