{
  "voc_eval_res": {
    "precision": 21.3675,
    "recall": 3.6711,
    "f-score": 6.2657
  },
  "KL_res": {
    "KL divergence": 4.329432012145458,
    "Euclidean Dist.": 0.26113935858084575,
    "WER": 0.9127382146439318,
    "CER": 0.756231573304744,
    "Cosine Dist.": 0.38517931043180864
  },
  "occ_eval_res": {
    "precision": 32.1321,
    "recall": 10.7322,
    "f-score": 16.0902
  },
  "clean_eval": {
    "f-score": 1.5760441292356184,
    "precision": 1.059322033898305,
    "recall": 3.076923076923077,
    "tp": 10,
    "fp": 934,
    "fn": 315
  },
  "jaccard": [
    0.96569250317662
  ],
  "braycurtis": [
    0.8392987582176772
  ],
  "dice": [
    0.9336609336609336
  ],
  "cosinus": [
    0.49430345099974926
  ]
}