{
  "tesseract0": {
    "camembert-4.41.1": {
      "resultats": -0.17272727272727276,
      "p-value": 0.6115423848512369
    },
    "flair-0.13.1": {
      "resultats": 0.33636363636363636,
      "p-value": 0.31182431390038623
    },
    "spacy-md": {
      "resultats": 0.13636363636363638,
      "p-value": 0.6893090205863619
    },
    "spacy-lg": {
      "resultats": 0.22727272727272727,
      "p-value": 0.501535667604937
    },
    "stanza-fr": {
      "resultats": -0.05454545454545456,
      "p-value": 0.8734465775233149
    },
    "spacy-sm": {
      "resultats": 0.48181818181818187,
      "p-value": 0.1334338382568288
    }
  },
  "lectaurep-kraken4": {
    "camembert-4.41.1": {
      "resultats": 0.6272727272727273,
      "p-value": 0.03884525362035334
    },
    "flair-0.13.1": {
      "resultats": 0.16363636363636366,
      "p-value": 0.6306852146425357
    },
    "spacy-md": {
      "resultats": 0.6363636363636364,
      "p-value": 0.03528698122006228
    },
    "spacy-lg": {
      "resultats": 0.5545454545454546,
      "p-value": 0.07665233333978251
    },
    "stanza-fr": {
      "resultats": 0.7818181818181819,
      "p-value": 0.0044731622527830394
    },
    "spacy-sm": {
      "resultats": 0.5909090909090909,
      "p-value": 0.05557560428877463
    }
  },
  "Kraken-base": {
    "camembert-4.41.1": {
      "resultats": 0.4909090909090909,
      "p-value": 0.12520440713849534
    },
    "flair-0.13.1": {
      "resultats": -0.05454545454545456,
      "p-value": 0.8734465775233149
    },
    "spacy-md": {
      "resultats": 0.06363636363636364,
      "p-value": 0.8525390725425217
    },
    "spacy-lg": {
      "resultats": 0.05454545454545456,
      "p-value": 0.8734465775233149
    },
    "stanza-fr": {
      "resultats": 0.27272727272727276,
      "p-value": 0.41714143714253127
    },
    "spacy-sm": {
      "resultats": 0.3545454545454546,
      "p-value": 0.2846927409558867
    }
  },
  "TesseractFra-PNG": {
    "camembert-4.41.1": {
      "resultats": 0.4272727272727273,
      "p-value": 0.189943724965427
    },
    "flair-0.13.1": {
      "resultats": 0.5545454545454546,
      "p-value": 0.07665233333978251
    },
    "spacy-md": {
      "resultats": 0.4000000000000001,
      "p-value": 0.22286835013352002
    },
    "spacy-lg": {
      "resultats": 0.33636363636363636,
      "p-value": 0.31182431390038623
    },
    "stanza-fr": {
      "resultats": 0.15454545454545454,
      "p-value": 0.65003396549758
    },
    "spacy-sm": {
      "resultats": 0.7545454545454545,
      "p-value": 0.00728204100842914
    }
  },
  "kraken4": {
    "camembert-4.41.1": {
      "resultats": 0.09090909090909091,
      "p-value": 0.7903727377532903
    },
    "flair-0.13.1": {
      "resultats": 0.44545454545454555,
      "p-value": 0.16973260492681172
    },
    "spacy-md": {
      "resultats": 0.009090909090909092,
      "p-value": 0.9788365001441937
    },
    "spacy-lg": {
      "resultats": 0.07272727272727274,
      "p-value": 0.831716405381337
    },
    "stanza-fr": {
      "resultats": 0.24545454545454545,
      "p-value": 0.4669223669820163
    },
    "spacy-sm": {
      "resultats": -0.06363636363636364,
      "p-value": 0.8525390725425217
    }
  }
}