{
  "voc_eval_res": {
    "precision": 10.2273,
    "recall": 0.3619,
    "f-score": 0.699
  },
  "KL_res": {
    "KL divergence": 5.135797037803389,
    "Euclidean Dist.": 0.5075479588150484,
    "WER": 0.9971621916612093,
    "CER": 0.9406585152109502,
    "Cosine Dist.": 0.9907538864525706
  },
  "occ_eval_res": {
    "precision": 7.6923,
    "recall": 0.3056,
    "f-score": 0.5879
  },
  "clean_eval": {
    "f-score": 0.225886604924328,
    "precision": 0.11775788977861518,
    "recall": 2.7624309392265194,
    "tp": 5,
    "fp": 4241,
    "fn": 176
  },
  "jaccard": [
    0.8847624249044238
  ],
  "braycurtis": [
    0.911322339288441
  ],
  "dice": [
    0.7933398628795298
  ],
  "cosinus": [
    0.7325328655871866
  ]
}