{
  "voc_eval_res": {
    "precision": 70.3634,
    "recall": 91.3368,
    "f-score": 79.4899
  },
  "KL_res": {
    "KL divergence": 0.05081350985983239,
    "Euclidean Dist.": 0.016071079581986843,
    "WER": 0.15519982655199827,
    "CER": 0.06995293929967297,
    "Cosine Dist.": 0.009040158895620154
  },
  "occ_eval_res": {
    "precision": 86.9282,
    "recall": 94.7261,
    "f-score": 90.6598
  },
  "clean_eval": {
    "f-score": 83.36660185785266,
    "precision": 87.63216219162156,
    "recall": 79.49702533001532,
    "tp": 48238,
    "fp": 6808,
    "fn": 12441
  },
  "jaccard": [
    0.3231267345050879
  ],
  "braycurtis": [
    0.09214596067457102
  ],
  "dice": [
    0.19269597837480001
  ],
  "cosinus": [
    0.010194887351267057
  ]
}