{
  "voc_eval_res": {
    "precision": 76.8946,
    "recall": 45.0704,
    "f-score": 56.8306
  },
  "KL_res": {
    "KL divergence": 2.271459157427858,
    "Euclidean Dist.": 0.3665036838506366,
    "WER": 0.6487187804086928,
    "CER": 0.4191863050244553,
    "Cosine Dist.": 0.7946084747293991
  },
  "occ_eval_res": {
    "precision": 78.2076,
    "recall": 39.3448,
    "f-score": 52.3522
  },
  "clean_eval": {
    "f-score": 35.62841530054644,
    "precision": 26.844532279314887,
    "recall": 52.956465237166995,
    "tp": 815,
    "fp": 2221,
    "fn": 724
  },
  "jaccard": [
    0.3492063492063492
  ],
  "braycurtis": [
    0.17790250747361358
  ],
  "dice": [
    0.21153846153846154
  ],
  "cosinus": [
    0.061990542137213
  ]
}