{
  "voc_eval_res": {
    "precision": 6.2636,
    "recall": 18.8413,
    "f-score": 9.4017
  },
  "KL_res": {
    "KL divergence": 1.3660071876593984,
    "Euclidean Dist.": 0.1549191557014516,
    "WER": 2.013820670031503,
    "CER": 0.9567603215290048,
    "Cosine Dist.": 0.5979342183021679
  },
  "occ_eval_res": {
    "precision": 16.3442,
    "recall": 36.6824,
    "f-score": 22.6129
  },
  "clean_eval": {
    "f-score": 10.230897766975545,
    "precision": 18.931834153197467,
    "recall": 7.009418743820575,
    "tp": 5388,
    "fp": 23072,
    "fn": 71480
  },
  "jaccard": [
    0.829080815629337
  ],
  "braycurtis": [
    0.48622770747191246
  ],
  "dice": [
    0.7080598103574034
  ],
  "cosinus": [
    0.1887678300877208
  ]
}