{
  "voc_eval_res": {
    "precision": 17.7936,
    "recall": 1.6431,
    "f-score": 3.0084
  },
  "KL_res": {
    "KL divergence": 3.700768632404693,
    "Euclidean Dist.": 0.20207987001064334,
    "WER": 0.974188790560472,
    "CER": 0.8237764072956305,
    "Cosine Dist.": 0.6702274479847092
  },
  "occ_eval_res": {
    "precision": 17.284,
    "recall": 3.4415,
    "f-score": 5.7401
  },
  "clean_eval": {
    "f-score": 0.7051564565888057,
    "precision": 0.42429063908777515,
    "recall": 2.0860495436766624,
    "tp": 16,
    "fp": 3755,
    "fn": 751
  },
  "jaccard": [
    0.7637005387330484
  ],
  "braycurtis": [
    0.6838493373146839
  ],
  "dice": [
    0.6177310293012772
  ],
  "cosinus": [
    0.2720411113475699
  ]
}