{
  "voc_eval_res": {
    "precision": 16.041,
    "recall": 0.7829,
    "f-score": 1.493
  },
  "KL_res": {
    "KL divergence": 3.4916464068265083,
    "Euclidean Dist.": 0.18135029104942427,
    "WER": 0.9847878302642114,
    "CER": 0.9147688672278836,
    "Cosine Dist.": 0.7456966355020684
  },
  "occ_eval_res": {
    "precision": 18.5545,
    "recall": 1.9673,
    "f-score": 3.5574
  },
  "clean_eval": {
    "f-score": 0.48482050098118434,
    "precision": 0.2711076684740511,
    "recall": 2.2900763358778624,
    "tp": 21,
    "fp": 7725,
    "fn": 896
  },
  "jaccard": [
    0.8680213258223519
  ],
  "braycurtis": [
    0.8336814348745529
  ],
  "dice": [
    0.7668177374922243
  ],
  "cosinus": [
    0.22373033135923703
  ]
}