{
  "voc_eval_res": {
    "precision": 2.8893,
    "recall": 11.7724,
    "f-score": 4.6398
  },
  "KL_res": {
    "KL divergence": 1.3016909382625057,
    "Euclidean Dist.": 0.08116865953834249,
    "WER": 0.8910076447976504,
    "CER": 0.5626900021073672,
    "Cosine Dist.": 0.31921953800035185
  },
  "occ_eval_res": {
    "precision": 19.5883,
    "recall": 18.9565,
    "f-score": 19.2672
  },
  "clean_eval": {
    "f-score": 4.445953978092892,
    "precision": 4.374366457620888,
    "recall": 4.519923574503349,
    "tp": 3927,
    "fp": 85846,
    "fn": 82955
  },
  "jaccard": [
    0.9687274715986776
  ],
  "braycurtis": [
    0.7581119196037069
  ],
  "dice": [
    0.9393515728576594
  ],
  "cosinus": [
    0.2970891993325332
  ]
}