{
  "voc_eval_res": {
    "precision": 5.9928,
    "recall": 18.15,
    "f-score": 9.0105
  },
  "KL_res": {
    "KL divergence": 0.8836497202734718,
    "Euclidean Dist.": 0.07584540651704617,
    "WER": 0.8738369395588174,
    "CER": 0.36121978070773125,
    "Cosine Dist.": 0.24889323263927954
  },
  "occ_eval_res": {
    "precision": 30.203,
    "recall": 33.4523,
    "f-score": 31.7447
  },
  "clean_eval": {
    "f-score": 14.268376212163087,
    "precision": 15.29589584603626,
    "recall": 13.370216343627547,
    "tp": 17811,
    "fp": 98632,
    "fn": 115403
  },
  "jaccard": [
    0.7843966383001215
  ],
  "braycurtis": [
    0.3176257001351641
  ],
  "dice": [
    0.645273502043656
  ],
  "cosinus": [
    0.07119992572193956
  ]
}