{
  "voc_eval_res": {
    "precision": 6.1674,
    "recall": 3.4653,
    "f-score": 4.4374
  },
  "KL_res": {
    "KL divergence": 5.154887346668853,
    "Euclidean Dist.": 0.15282196675370366,
    "WER": 1.1442080378250592,
    "CER": 0.8464491362763915,
    "Cosine Dist.": 0.8999577364581548
  },
  "occ_eval_res": {
    "precision": 2.8513,
    "recall": 3.3097,
    "f-score": 3.0635
  },
  "clean_eval": {
    "f-score": 1.3574660633484164,
    "precision": 1.4527845036319613,
    "recall": 1.2738853503184715,
    "tp": 6,
    "fp": 407,
    "fn": 465
  },
  "jaccard": [
    0.3
  ],
  "braycurtis": [
    0.1554617626369209
  ],
  "dice": [
    0.17647058823529413
  ],
  "cosinus": [
    0.04309871210905292
  ]
}