{
  "voc_eval_res": {
    "precision": 13.8298,
    "recall": 1.0984,
    "f-score": 2.0352
  },
  "KL_res": {
    "KL divergence": 4.0058918376407835,
    "Euclidean Dist.": 0.25125356307717894,
    "WER": 0.9831849653808111,
    "CER": 0.829001947007534,
    "Cosine Dist.": 0.7125582788525195
  },
  "occ_eval_res": {
    "precision": 9.8996,
    "recall": 2.275,
    "f-score": 3.6997
  },
  "clean_eval": {
    "f-score": 0.057487783845932734,
    "precision": 0.03579098067287043,
    "recall": 0.145985401459854,
    "tp": 1,
    "fp": 2793,
    "fn": 684
  },
  "jaccard": [
    0.4117647058823529
  ],
  "braycurtis": [
    0.6171668063704946
  ],
  "dice": [
    0.25925925925925924
  ],
  "cosinus": [
    0.05970639888680318
  ]
}