{
  "voc_eval_res": {
    "precision": 30.2211,
    "recall": 3.5787,
    "f-score": 6.3996
  },
  "KL_res": {
    "KL divergence": 3.318495367643238,
    "Euclidean Dist.": 0.2408653081022837,
    "WER": 0.9245315752949341,
    "CER": 0.7773683584928087,
    "Cosine Dist.": 0.411898578638614
  },
  "occ_eval_res": {
    "precision": 38.2014,
    "recall": 8.6225,
    "f-score": 14.0694
  },
  "clean_eval": {
    "f-score": 2.1146686522710354,
    "precision": 1.305387019672734,
    "recall": 5.564263322884012,
    "tp": 71,
    "fp": 5368,
    "fn": 1205
  },
  "jaccard": [
    0.9624827586206897
  ],
  "braycurtis": [
    0.8458828709819463
  ],
  "dice": [
    0.9276788088274395
  ],
  "cosinus": [
    0.535273752476837
  ]
}