{
  "voc_eval_res": {
    "precision": 26.0563,
    "recall": 8.8305,
    "f-score": 13.1907
  },
  "KL_res": {
    "KL divergence": 4.355102633474185,
    "Euclidean Dist.": 0.2751319706622709,
    "WER": 0.924643584521385,
    "CER": 0.7097537878787878,
    "Cosine Dist.": 0.5651868500063382
  },
  "occ_eval_res": {
    "precision": 21.0332,
    "recall": 11.609,
    "f-score": 14.9606
  },
  "clean_eval": {
    "f-score": 1.662049861495845,
    "precision": 1.282051282051282,
    "recall": 2.3622047244094486,
    "tp": 6,
    "fp": 462,
    "fn": 248
  },
  "jaccard": [
    0.2702702702702703
  ],
  "braycurtis": [
    0.31996939556235654
  ],
  "dice": [
    0.15625
  ],
  "cosinus": [
    0.0488953598820141
  ]
}