{
  "voc_eval_res": {
    "precision": 19.7292,
    "recall": 0.5791,
    "f-score": 1.1251
  },
  "KL_res": {
    "KL divergence": 2.3763311989445337,
    "Euclidean Dist.": 0.24791223189070574,
    "WER": 0.9923283151165189,
    "CER": 0.9295303091988257,
    "Cosine Dist.": 0.8174250855489562
  },
  "occ_eval_res": {
    "precision": 20.1671,
    "recall": 1.4931,
    "f-score": 2.7803
  },
  "clean_eval": {
    "f-score": 0.1858210462532822,
    "precision": 0.10003914575268584,
    "recall": 1.3038548752834467,
    "tp": 23,
    "fp": 22968,
    "fn": 1741
  },
  "jaccard": [
    0.5384615384615384
  ],
  "braycurtis": [
    0.8502882483370289
  ],
  "dice": [
    0.3684210526315789
  ],
  "cosinus": [
    0.050021908974316465
  ]
}