{
  "voc_eval_res": {
    "precision": 18.9809,
    "recall": 41.7395,
    "f-score": 26.0951
  },
  "KL_res": {
    "KL divergence": 0.4375264473759462,
    "Euclidean Dist.": 0.045274248194598764,
    "WER": 0.6519451342083481,
    "CER": 0.27413947087158314,
    "Cosine Dist.": 0.08631125136751183
  },
  "occ_eval_res": {
    "precision": 50.8295,
    "recall": 58.6871,
    "f-score": 54.4764
  },
  "clean_eval": {
    "f-score": 42.59453629789406,
    "precision": 44.538644327198035,
    "recall": 40.8130501374767,
    "tp": 22117,
    "fp": 27541,
    "fn": 32074
  },
  "jaccard": [
    0.8359707025951714
  ],
  "braycurtis": [
    0.4380287231949636
  ],
  "dice": [
    0.7181698127864523
  ],
  "cosinus": [
    0.07116174148210563
  ]
}