{
  "voc_eval_res": {
    "precision": 3.0479,
    "recall": 0.4534,
    "f-score": 0.7893
  },
  "KL_res": {
    "KL divergence": 4.001193342769448,
    "Euclidean Dist.": 0.21475888583011957,
    "WER": 0.9978263822850156,
    "CER": 0.7989078327566801,
    "Cosine Dist.": 0.9920022064046005
  },
  "occ_eval_res": {
    "precision": 1.2428,
    "recall": 0.3804,
    "f-score": 0.5825
  },
  "clean_eval": {
    "f-score": 0.13340744858254586,
    "precision": 0.08815750808110491,
    "recall": 0.27409776153494747,
    "tp": 6,
    "fp": 6800,
    "fn": 2183
  },
  "jaccard": [
    0.9961715160796325
  ],
  "braycurtis": [
    0.9915530348738989
  ],
  "dice": [
    0.992372234935164
  ],
  "cosinus": [
    0.9790682688638962
  ]
}