{
  "voc_eval_res": {
    "precision": 4.1549,
    "recall": 1.0845,
    "f-score": 1.7201
  },
  "KL_res": {
    "KL divergence": 4.188998836117483,
    "Euclidean Dist.": 0.2247275750255234,
    "WER": 0.9954000557568999,
    "CER": 0.7579631481216969,
    "Cosine Dist.": 0.9915941278586431
  },
  "occ_eval_res": {
    "precision": 2.3277,
    "recall": 1.0873,
    "f-score": 1.4822
  },
  "clean_eval": {
    "f-score": 0.32378832338358793,
    "precision": 0.24132730015082957,
    "recall": 0.49185367353212417,
    "tp": 16,
    "fp": 6614,
    "fn": 3237
  },
  "jaccard": [
    0.9911699779249448
  ],
  "braycurtis": [
    0.9834748160724391
  ],
  "dice": [
    0.9824945295404814
  ],
  "cosinus": [
    0.9849404393720016
  ]
}