{
  "voc_eval_res": {
    "precision": 46.1538,
    "recall": 17.1429,
    "f-score": 25.0
  },
  "KL_res": {
    "KL divergence": 5.157337940322982,
    "Euclidean Dist.": 0.43399903511513865,
    "WER": 0.7681159420289855,
    "CER": 0.6334056399132321,
    "Cosine Dist.": 0.4744639431387975
  },
  "occ_eval_res": {
    "precision": 57.1429,
    "recall": 23.1884,
    "f-score": 32.9897
  },
  "clean_eval": {
    "f-score": 34.04255319148936,
    "precision": 24.242424242424242,
    "recall": 57.14285714285714,
    "tp": 16,
    "fp": 50,
    "fn": 12
  },
  "jaccard": [
    0.648910411622276
  ],
  "braycurtis": [
    0.5148095909732017
  ],
  "dice": [
    0.48028673835125446
  ],
  "cosinus": [
    0.3935478374906036
  ]
}