{
  "voc_eval_res": {
    "precision": 53.8462,
    "recall": 14.8936,
    "f-score": 23.3333
  },
  "KL_res": {
    "KL divergence": 4.131917529418187,
    "Euclidean Dist.": 0.3492144519036509,
    "WER": 0.734375,
    "CER": 0.6549295774647887,
    "Cosine Dist.": 0.188100969546937
  },
  "occ_eval_res": {
    "precision": 64.2857,
    "recall": 28.125,
    "f-score": 39.1304
  },
  "clean_eval": {
    "f-score": 40.909090909090914,
    "precision": 30.0,
    "recall": 64.28571428571429,
    "tp": 18,
    "fp": 42,
    "fn": 10
  },
  "jaccard": [
    0.6563146997929606
  ],
  "braycurtis": [
    0.46153846153846156
  ],
  "dice": [
    0.4884437596302003
  ],
  "cosinus": [
    0.2562324287982978
  ]
}