{
  "voc_eval_res": {
    "precision": 13.5593,
    "recall": 20.5128,
    "f-score": 16.3265
  },
  "KL_res": {
    "KL divergence": 4.01647195028355,
    "Euclidean Dist.": 0.24269896755374654,
    "WER": 1.8113207547169812,
    "CER": 1.8299492385786802,
    "Cosine Dist.": 0.5551811011366545
  },
  "occ_eval_res": {
    "precision": 13.6364,
    "recall": 28.3019,
    "f-score": 18.4049
  },
  "clean_eval": {
    "f-score": 19.607843137254903,
    "precision": 28.846153846153843,
    "recall": 14.85148514851485,
    "tp": 15,
    "fp": 37,
    "fn": 86
  },
  "jaccard": [
    0.6564673157162726
  ],
  "braycurtis": [
    0.6142131979695431
  ],
  "dice": [
    0.4886128364389234
  ],
  "cosinus": [
    0.3670299072308736
  ]
}