{
  "voc_eval_res": {
    "precision": 53.8462,
    "recall": 20.0,
    "f-score": 29.1667
  },
  "KL_res": {
    "KL divergence": 3.602662222804783,
    "Euclidean Dist.": 0.3327349007428219,
    "WER": 0.6875,
    "CER": 0.5921450151057401,
    "Cosine Dist.": 0.1883798335435345
  },
  "occ_eval_res": {
    "precision": 57.1429,
    "recall": 33.3333,
    "f-score": 42.1053
  },
  "clean_eval": {
    "f-score": 42.10526315789474,
    "precision": 33.33333333333333,
    "recall": 57.14285714285714,
    "tp": 16,
    "fp": 32,
    "fn": 12
  },
  "jaccard": [
    0.6015037593984962
  ],
  "braycurtis": [
    0.4369602763385147
  ],
  "dice": [
    0.43010752688172044
  ],
  "cosinus": [
    0.24905312874939112
  ]
}