{
  "voc_eval_res": {
    "precision": 53.8462,
    "recall": 14.8936,
    "f-score": 23.3333
  },
  "KL_res": {
    "KL divergence": 5.247738901245004,
    "Euclidean Dist.": 0.4469348147888931,
    "WER": 0.8160919540229885,
    "CER": 0.6968698517298187,
    "Cosine Dist.": 0.5177591194642175
  },
  "occ_eval_res": {
    "precision": 60.7143,
    "recall": 19.5402,
    "f-score": 29.5652
  },
  "clean_eval": {
    "f-score": 30.088495575221234,
    "precision": 20.0,
    "recall": 60.71428571428571,
    "tp": 17,
    "fp": 68,
    "fn": 11
  },
  "jaccard": [
    0.6873786407766991
  ],
  "braycurtis": [
    0.552570093457944
  ],
  "dice": [
    0.5236686390532544
  ],
  "cosinus": [
    0.37354183862798207
  ]
}