{
  "voc_eval_res": {
    "precision": 4.4747,
    "recall": 0.4438,
    "f-score": 0.8074
  },
  "KL_res": {
    "KL divergence": 4.289191779185704,
    "Euclidean Dist.": 0.2762031400124062,
    "WER": 0.9956833120769155,
    "CER": 0.8361697565159756,
    "Cosine Dist.": 0.9860247096442812
  },
  "occ_eval_res": {
    "precision": 2.8793,
    "recall": 0.6181,
    "f-score": 1.0177
  },
  "clean_eval": {
    "f-score": 0.10630758327427356,
    "precision": 0.0637551801083838,
    "recall": 0.31965903036760784,
    "tp": 6,
    "fp": 9405,
    "fn": 1871
  },
  "jaccard": [
    0.484375
  ],
  "braycurtis": [
    0.5571749205701461
  ],
  "dice": [
    0.31958762886597936
  ],
  "cosinus": [
    0.13830930981276046
  ]
}