{
  "voc_eval_res": {
    "precision": 4.5788,
    "recall": 0.6619,
    "f-score": 1.1566
  },
  "KL_res": {
    "KL divergence": 4.182924089390586,
    "Euclidean Dist.": 0.2961817641724626,
    "WER": 0.9971186745903116,
    "CER": 0.8065100842481491,
    "Cosine Dist.": 0.9862086788458637
  },
  "occ_eval_res": {
    "precision": 1.4453,
    "recall": 0.5763,
    "f-score": 0.824
  },
  "clean_eval": {
    "f-score": 0.08639308855291578,
    "precision": 0.06310475389145982,
    "recall": 0.13692377909630307,
    "tp": 3,
    "fp": 4751,
    "fn": 2188
  },
  "jaccard": [
    0.484375
  ],
  "braycurtis": [
    0.46606880172979104
  ],
  "dice": [
    0.31958762886597936
  ],
  "cosinus": [
    0.07208058459944655
  ]
}