{
  "voc_eval_res": {
    "precision": 90.9326,
    "recall": 65.0,
    "f-score": 75.8099
  },
  "KL_res": {
    "KL divergence": 1.05558918657331,
    "Euclidean Dist.": 0.13223024921385448,
    "WER": 0.35704125177809387,
    "CER": 0.3119325202815237,
    "Cosine Dist.": 0.24302684612239056
  },
  "occ_eval_res": {
    "precision": 91.5113,
    "recall": 67.4727,
    "f-score": 77.6747
  },
  "clean_eval": {
    "f-score": 63.11681070532479,
    "precision": 54.87154629180805,
    "recall": 74.2782152230971,
    "tp": 1132,
    "fp": 931,
    "fn": 392
  },
  "jaccard": [
    0.26544440015942605
  ],
  "braycurtis": [
    0.16195412168792933
  ],
  "dice": [
    0.15303308823529413
  ],
  "cosinus": [
    0.08504675446423782
  ]
}