{
  "voc_eval_res": {
    "precision": 85.3211,
    "recall": 54.0698,
    "f-score": 66.1922
  },
  "KL_res": {
    "KL divergence": 1.1709641872272691,
    "Euclidean Dist.": 0.31229395653073355,
    "WER": 0.4761142857142857,
    "CER": 0.28684549751396476,
    "Cosine Dist.": 0.26311141255896286
  },
  "occ_eval_res": {
    "precision": 87.6892,
    "recall": 59.5886,
    "f-score": 70.9581
  },
  "clean_eval": {
    "f-score": 49.34563989530238,
    "precision": 41.46793239175735,
    "recall": 60.91836734693877,
    "tp": 1791,
    "fp": 2528,
    "fn": 1149
  },
  "jaccard": [
    0.35194687594325386
  ],
  "braycurtis": [
    0.1231230263581878
  ],
  "dice": [
    0.21355311355311354
  ],
  "cosinus": [
    0.0766487999834613
  ]
}