{
  "voc_eval_res": {
    "precision": 1.2355,
    "recall": 18.8015,
    "f-score": 2.3187
  },
  "KL_res": {
    "KL divergence": 0.7140557724184231,
    "Euclidean Dist.": 0.06591067934005924,
    "WER": 4.656055142191994,
    "CER": 3.979837892267149,
    "Cosine Dist.": 0.19256264583226546
  },
  "occ_eval_res": {
    "precision": 9.7596,
    "recall": 47.0808,
    "f-score": 16.1677
  },
  "clean_eval": {
    "f-score": 0.6185055715097071,
    "precision": 1.7876629982428556,
    "recall": 0.3739420612274508,
    "tp": 1933,
    "fp": 106197,
    "fn": 514992
  },
  "jaccard": [
    0.8261289723099795
  ],
  "braycurtis": [
    0.6974916047123252
  ],
  "dice": [
    0.70376468353228
  ],
  "cosinus": [
    0.08492361153686134
  ]
}