{
    "Precision": 0.32321428571428573,
    "Recall": 0.6104553119730185,
    "F-score": 0.42265032107413897,
    "Total Tokens": 6500,
    "Tokens VP": 362,
    "Tokens FN": 231,
    "Tokens FP": 758,
    "Tokens FP (NA)": {
        "MISC": 151,
        "PER": 273,
        "LOC": 93,
        "ORG": 35
    },
    "Tokens FP (Label Error)": {
        "PER": 102,
        "LOC": 42,
        "ORG": 6,
        "MISC": 56
    }
}