{
    "Precision": 0.7890818858560794,
    "Recall": 0.8238341968911918,
    "F-score": 0.8060836501901141,
    "Total Tokens": 6500,
    "Tokens VP": 636,
    "Tokens FN": 136,
    "Tokens FP": 170,
    "Tokens FP (NA)": {
        "MISC": 64,
        "LOC": 9,
        "PER": 19,
        "ORG": 15
    },
    "Tokens FP (Label Error)": {
        "LOC": 24,
        "PER": 25,
        "MISC": 12,
        "ORG": 2
    }
}