{
  "voc_eval_res": {
    "precision": 21.8069,
    "recall": 1.6,
    "f-score": 2.9813
  },
  "KL_res": {
    "KL divergence": 3.716874527275798,
    "Euclidean Dist.": 0.2020530677414808,
    "WER": 0.9798545895183278,
    "CER": 0.8977811333417223,
    "Cosine Dist.": 0.8351188220310084
  },
  "occ_eval_res": {
    "precision": 25.6039,
    "recall": 2.4084,
    "f-score": 4.4026
  },
  "clean_eval": {
    "f-score": 0.8782201405152225,
    "precision": 0.4815409309791332,
    "recall": 4.983388704318937,
    "tp": 30,
    "fp": 6200,
    "fn": 572
  },
  "jaccard": [
    0.7630788683420262
  ],
  "braycurtis": [
    0.8103820258155712
  ],
  "dice": [
    0.6169179657551751
  ],
  "cosinus": [
    0.26213259346075213
  ]
}