{
  "Cohen's Kappa": 0.7330586320614514,
  "Fleiss's Kappa": 0.7199446099618146,
  "Krippendorf's Alpha": 0.7199650364852972
}