{
  "Cohen's Kappa": 0.723587629381191,
  "Fleiss's Kappa": 0.7134283096945383,
  "Krippendorf's Alpha": 0.7128006021948416
}