{
  "voc_eval_res": {
    "precision": 76.1905,
    "recall": 33.8624,
    "f-score": 46.8864
  },
  "KL_res": {
    "KL divergence": 1.721072579637971,
    "Euclidean Dist.": 0.4066491018845266,
    "WER": 0.6485714285714286,
    "CER": 0.48648007590132825,
    "Cosine Dist.": 0.3030290525857471
  },
  "occ_eval_res": {
    "precision": 89.3333,
    "recall": 38.2857,
    "f-score": 53.6
  },
  "clean_eval": {
    "f-score": 24.69387755102041,
    "precision": 17.63848396501458,
    "recall": 41.156462585034014,
    "tp": 121,
    "fp": 565,
    "fn": 173
  },
  "jaccard": [
    0.1951219512195122
  ],
  "braycurtis": [
    0.27587687902648533
  ],
  "dice": [
    0.10810810810810811
  ],
  "cosinus": [
    0.041981086019338365
  ]
}