{
  "voc_eval_res": {
    "precision": 82.0264,
    "recall": 95.1328,
    "f-score": 88.0948
  },
  "KL_res": {
    "KL divergence": 0.027796821286362107,
    "Euclidean Dist.": 0.009675391870303729,
    "WER": 0.06676240659957673,
    "CER": 0.034669320697475955,
    "Cosine Dist.": 0.0034025886995757704
  },
  "occ_eval_res": {
    "precision": 94.2707,
    "recall": 97.2369,
    "f-score": 95.7308
  },
  "clean_eval": {
    "f-score": 86.58327120094992,
    "precision": 87.31578536976596,
    "recall": 85.86294527450379,
    "tp": 78386,
    "fp": 11387,
    "fn": 12906
  },
  "jaccard": [
    0.21829362029208302
  ],
  "braycurtis": [
    0.041379310344827586
  ],
  "dice": [
    0.12251941328731665
  ],
  "cosinus": [
    0.003999879290884301
  ]
}