{
  "voc_eval_res": {
    "precision": 15.544,
    "recall": 1.8388,
    "f-score": 3.2886
  },
  "KL_res": {
    "KL divergence": 3.324990084100062,
    "Euclidean Dist.": 0.15841164787264744,
    "WER": 0.964312453206888,
    "CER": 0.8080558213343912,
    "Cosine Dist.": 0.47780615713684393
  },
  "occ_eval_res": {
    "precision": 12.5402,
    "recall": 4.8665,
    "f-score": 7.0119
  },
  "clean_eval": {
    "f-score": 0.5503144654088051,
    "precision": 0.3928170594837262,
    "recall": 0.9186351706036745,
    "tp": 14,
    "fp": 3550,
    "fn": 1510
  },
  "jaccard": [
    0.48148148148148145
  ],
  "braycurtis": [
    0.5473931160054624
  ],
  "dice": [
    0.3170731707317073
  ],
  "cosinus": [
    0.07021371763580231
  ]
}