{
  "voc_eval_res": {
    "precision": 84.689,
    "recall": 62.9893,
    "f-score": 72.2449
  },
  "KL_res": {
    "KL divergence": 2.640412996158936,
    "Euclidean Dist.": 0.26483443013838065,
    "WER": 0.5476190476190477,
    "CER": 0.5029303530053155,
    "Cosine Dist.": 0.622108659172836
  },
  "occ_eval_res": {
    "precision": 85.8566,
    "recall": 48.8662,
    "f-score": 62.2832
  },
  "clean_eval": {
    "f-score": 45.639534883720934,
    "precision": 35.72241183162685,
    "recall": 63.17907444668008,
    "tp": 314,
    "fp": 565,
    "fn": 183
  },
  "jaccard": [
    0.3994082840236686
  ],
  "braycurtis": [
    0.3560655737704918
  ],
  "dice": [
    0.24953789279112754
  ],
  "cosinus": [
    0.5029373370108398
  ]
}