{
  "voc_eval_res": {
    "precision": 50.2795,
    "recall": 62.5496,
    "f-score": 55.7474
  },
  "KL_res": {
    "KL divergence": 0.06721095357911815,
    "Euclidean Dist.": 0.014053677371776109,
    "WER": 0.5610615906069175,
    "CER": 0.4987352203416449,
    "Cosine Dist.": 0.0050387577835201425
  },
  "occ_eval_res": {
    "precision": 86.1118,
    "recall": 47.3554,
    "f-score": 61.1065
  },
  "clean_eval": {
    "f-score": 52.27133579034563,
    "precision": 40.60135302098535,
    "recall": 73.3559087884225,
    "tp": 87083,
    "fp": 127400,
    "fn": 31630
  },
  "jaccard": [
    0.6063523526358016
  ],
  "braycurtis": [
    0.3851927362534529
  ],
  "dice": [
    0.4350829664747714
  ],
  "cosinus": [
    0.006573032473560336
  ]
}