{
  "voc_eval_res": {
    "precision": 86.1635,
    "recall": 48.9286,
    "f-score": 62.4146
  },
  "KL_res": {
    "KL divergence": 2.384227420863248,
    "Euclidean Dist.": 0.29126441410519466,
    "WER": 0.5307599517490953,
    "CER": 0.47816222348269993,
    "Cosine Dist.": 0.5933563219299303
  },
  "occ_eval_res": {
    "precision": 83.8384,
    "recall": 50.0603,
    "f-score": 62.6888
  },
  "clean_eval": {
    "f-score": 35.968992248062015,
    "precision": 28.819875776397513,
    "recall": 47.83505154639175,
    "tp": 232,
    "fp": 573,
    "fn": 253
  },
  "jaccard": [
    0.35185185185185186
  ],
  "braycurtis": [
    0.24106596767147226
  ],
  "dice": [
    0.21348314606741572
  ],
  "cosinus": [
    0.05843637559121162
  ]
}