{
  "voc_eval_res": {
    "precision": 82.3864,
    "recall": 58.0,
    "f-score": 68.0751
  },
  "KL_res": {
    "KL divergence": 0.608944686562156,
    "Euclidean Dist.": 0.04705662493648714,
    "WER": 0.3216,
    "CER": 0.23830409356725146,
    "Cosine Dist.": 0.013858030990378523
  },
  "occ_eval_res": {
    "precision": 86.1818,
    "recall": 75.84,
    "f-score": 80.6809
  },
  "clean_eval": {
    "f-score": 71.3787085514834,
    "precision": 67.49174917491749,
    "recall": 75.74074074074075,
    "tp": 409,
    "fp": 197,
    "fn": 131
  },
  "jaccard": [
    0.2608695652173913
  ],
  "braycurtis": [
    0.035595225293042265
  ],
  "dice": [
    0.15
  ],
  "cosinus": [
    0.000876115781813902
  ]
}