{
  "voc_eval_res": {
    "precision": 39.1608,
    "recall": 1.0365,
    "f-score": 2.0195
  },
  "KL_res": {
    "KL divergence": 4.621932200423987,
    "Euclidean Dist.": 0.22848834714580654,
    "WER": 0.98777633289987,
    "CER": 0.9299402233455706,
    "Cosine Dist.": 0.9551289521084229
  },
  "occ_eval_res": {
    "precision": 34.8178,
    "recall": 1.4911,
    "f-score": 2.8598
  },
  "clean_eval": {
    "f-score": 0.0757719265012313,
    "precision": 0.039607881968511734,
    "recall": 0.8714596949891068,
    "tp": 4,
    "fp": 10095,
    "fn": 455
  },
  "jaccard": [
    0.9057672973219998
  ],
  "braycurtis": [
    0.8635579173999965
  ],
  "dice": [
    0.8277647844971601
  ],
  "cosinus": [
    0.4625205334180854
  ]
}