{
  "voc_eval_res": {
    "precision": 31.25,
    "recall": 3.3784,
    "f-score": 6.0976
  },
  "KL_res": {
    "KL divergence": 4.4039379831627805,
    "Euclidean Dist.": 0.4808370004767812,
    "WER": 0.9120135363790186,
    "CER": 0.7675224123879381,
    "Cosine Dist.": 0.46241052187313025
  },
  "occ_eval_res": {
    "precision": 28.1385,
    "recall": 10.9983,
    "f-score": 15.8151
  },
  "clean_eval": {
    "f-score": 1.0217113665389526,
    "precision": 0.7246376811594203,
    "recall": 1.7316017316017316,
    "tp": 4,
    "fp": 548,
    "fn": 227
  },
  "jaccard": [
    0.8361364728495916
  ],
  "braycurtis": [
    0.6328743041312628
  ],
  "dice": [
    0.7184145334434352
  ],
  "cosinus": [
    0.4150694799691098
  ]
}