{
  "voc_eval_res": {
    "precision": 13.5593,
    "recall": 66.6667,
    "f-score": 22.5352
  },
  "KL_res": {
    "KL divergence": 2.5379540190763317,
    "Euclidean Dist.": 0.4377673387474323,
    "WER": 3.357142857142857,
    "CER": 3.848780487804878,
    "Cosine Dist.": 0.5100897032021294
  },
  "occ_eval_res": {
    "precision": 14.5455,
    "recall": 57.1429,
    "f-score": 23.1884
  },
  "clean_eval": {
    "f-score": 24.806201550387595,
    "precision": 57.14285714285714,
    "recall": 15.841584158415841,
    "tp": 16,
    "fp": 12,
    "fn": 85
  },
  "jaccard": [
    0.7308347529812607
  ],
  "braycurtis": [
    0.7165685449957948
  ],
  "dice": [
    0.5758389261744966
  ],
  "cosinus": [
    0.43113261279633674
  ]
}