{
  "voc_eval_res": {
    "precision": 23.0769,
    "recall": 18.75,
    "f-score": 20.6897
  },
  "KL_res": {
    "KL divergence": 3.464357588943514,
    "Euclidean Dist.": 0.2898319097780864,
    "WER": 0.8076923076923077,
    "CER": 0.8633879781420765,
    "Cosine Dist.": 0.19818748128242425
  },
  "occ_eval_res": {
    "precision": 35.7143,
    "recall": 38.4615,
    "f-score": 37.037
  },
  "clean_eval": {
    "f-score": 34.61538461538462,
    "precision": 37.5,
    "recall": 32.142857142857146,
    "tp": 9,
    "fp": 15,
    "fn": 19
  },
  "jaccard": [
    0.7687296416938111
  ],
  "braycurtis": [
    0.5372093023255814
  ],
  "dice": [
    0.6243386243386243
  ],
  "cosinus": [
    0.2845847710402334
  ]
}