{
  "voc_eval_res": {
    "precision": 15.2542,
    "recall": 47.3684,
    "f-score": 23.0769
  },
  "KL_res": {
    "KL divergence": 2.820698824200175,
    "Euclidean Dist.": 0.3522197744495828,
    "WER": 2.878787878787879,
    "CER": 3.7757009345794392,
    "Cosine Dist.": 0.4934201971873472
  },
  "occ_eval_res": {
    "precision": 15.4545,
    "recall": 51.5152,
    "f-score": 23.7762
  },
  "clean_eval": {
    "f-score": 25.563909774436095,
    "precision": 53.125,
    "recall": 16.831683168316832,
    "tp": 17,
    "fp": 15,
    "fn": 84
  },
  "jaccard": [
    0.7045075125208681
  ],
  "braycurtis": [
    0.6936560934891486
  ],
  "dice": [
    0.5438144329896907
  ],
  "cosinus": [
    0.345419350621895
  ]
}