{
  "voc_eval_res": {
    "precision": 18.0723,
    "recall": 7.177,
    "f-score": 10.274
  },
  "KL_res": {
    "KL divergence": 4.268860851558432,
    "Euclidean Dist.": 0.1574842270330472,
    "WER": 0.9011857707509882,
    "CER": 0.6737941322725013,
    "Cosine Dist.": 0.3493729743917524
  },
  "occ_eval_res": {
    "precision": 25.3333,
    "recall": 15.0198,
    "f-score": 18.8586
  },
  "clean_eval": {
    "f-score": 6.185567010309278,
    "precision": 4.938271604938271,
    "recall": 8.275862068965518,
    "tp": 12,
    "fp": 231,
    "fn": 133
  },
  "jaccard": [
    0.6498079385403329
  ],
  "braycurtis": [
    0.44042799305957203
  ],
  "dice": [
    0.48127074442863915
  ],
  "cosinus": [
    0.21550685909152856
  ]
}