{
  "voc_eval_res": {
    "precision": 10.8787,
    "recall": 0.6656,
    "f-score": 1.2545
  },
  "KL_res": {
    "KL divergence": 3.553152935913234,
    "Euclidean Dist.": 0.20607336792510886,
    "WER": 0.9912542238123634,
    "CER": 0.8836493701180864,
    "Cosine Dist.": 0.869445844487326
  },
  "occ_eval_res": {
    "precision": 7.215,
    "recall": 0.9938,
    "f-score": 1.747
  },
  "clean_eval": {
    "f-score": 0.6393380970289583,
    "precision": 0.36701208981001726,
    "recall": 2.478134110787172,
    "tp": 17,
    "fp": 4615,
    "fn": 669
  },
  "jaccard": [
    0.48214285714285715
  ],
  "braycurtis": [
    0.7384375775906823
  ],
  "dice": [
    0.3176470588235294
  ],
  "cosinus": [
    0.054744782065283326
  ]
}