{
  "voc_eval_res": {
    "precision": 66.4733,
    "recall": 91.973,
    "f-score": 77.1712
  },
  "KL_res": {
    "KL divergence": 0.033394700523920254,
    "Euclidean Dist.": 0.008942700588813735,
    "WER": 0.19362093305755276,
    "CER": 0.12227082266899213,
    "Cosine Dist.": 0.0011578119020630995
  },
  "occ_eval_res": {
    "precision": 89.7515,
    "recall": 95.2116,
    "f-score": 92.4009
  },
  "clean_eval": {
    "f-score": 77.99514333571092,
    "precision": 80.4403888117437,
    "recall": 75.69417437971534,
    "tp": 48660,
    "fp": 11832,
    "fn": 15625
  },
  "jaccard": [
    0.5431923773525474
  ],
  "braycurtis": [
    0.08365437925593165
  ],
  "dice": [
    0.37286486486486486
  ],
  "cosinus": [
    0.007754235337159798
  ]
}