{
  "voc_eval_res": {
    "precision": 33.3333,
    "recall": 10.9507,
    "f-score": 16.4855
  },
  "KL_res": {
    "KL divergence": 3.1995066920427497,
    "Euclidean Dist.": 0.12220956661747734,
    "WER": 0.8633928571428572,
    "CER": 0.6453086813303581,
    "Cosine Dist.": 0.3010597483715086
  },
  "occ_eval_res": {
    "precision": 33.125,
    "recall": 18.9286,
    "f-score": 24.0909
  },
  "clean_eval": {
    "f-score": 11.470408785845027,
    "precision": 9.325396825396826,
    "recall": 14.896988906497624,
    "tp": 94,
    "fp": 914,
    "fn": 537
  },
  "jaccard": [
    0.6513101065361359
  ],
  "braycurtis": [
    0.3820203303684879
  ],
  "dice": [
    0.4829205807002562
  ],
  "cosinus": [
    0.1141853725973978
  ]
}