{
  "voc_eval_res": {
    "precision": 74.6493,
    "recall": 93.2702,
    "f-score": 82.9273
  },
  "KL_res": {
    "KL divergence": 0.024818968752709534,
    "Euclidean Dist.": 0.011273643743402523,
    "WER": 0.09988221759614331,
    "CER": 0.04648683365446371,
    "Cosine Dist.": 0.004153027292357003
  },
  "occ_eval_res": {
    "precision": 91.6664,
    "recall": 96.1132,
    "f-score": 93.8372
  },
  "clean_eval": {
    "f-score": 86.03221443501783,
    "precision": 87.82845188284519,
    "recall": 84.30797654430074,
    "tp": 62973,
    "fp": 8727,
    "fn": 11721
  },
  "jaccard": [
    0.2866698068770608
  ],
  "braycurtis": [
    0.05956072627729421
  ],
  "dice": [
    0.16731731456534887
  ],
  "cosinus": [
    0.005240135886815378
  ]
}