{
  "voc_eval_res": {
    "precision": 8.5366,
    "recall": 0.4878,
    "f-score": 0.9229
  },
  "KL_res": {
    "KL divergence": 3.746193506958426,
    "Euclidean Dist.": 0.3135283348129721,
    "WER": 0.9917025199754149,
    "CER": 0.8872435712221901,
    "Cosine Dist.": 0.8696481609626813
  },
  "occ_eval_res": {
    "precision": 7.1882,
    "recall": 1.0449,
    "f-score": 1.8245
  },
  "clean_eval": {
    "f-score": 0.22123893805309736,
    "precision": 0.1271051795360661,
    "recall": 0.8528784648187633,
    "tp": 4,
    "fp": 3143,
    "fn": 465
  },
  "jaccard": [
    0.8282488114104596
  ],
  "braycurtis": [
    0.8058999969077585
  ],
  "dice": [
    0.7068469991546915
  ],
  "cosinus": [
    0.4058087989330156
  ]
}