{
  "voc_eval_res": {
    "precision": 5.8824,
    "recall": 0.4715,
    "f-score": 0.873
  },
  "KL_res": {
    "KL divergence": 3.8412484046503304,
    "Euclidean Dist.": 0.19171439135197335,
    "WER": 0.985014985014985,
    "CER": 0.8472770795930581,
    "Cosine Dist.": 0.6779224910176425
  },
  "occ_eval_res": {
    "precision": 8.4629,
    "recall": 1.6317,
    "f-score": 2.7359
  },
  "clean_eval": {
    "f-score": 0.35398230088495575,
    "precision": 0.2124645892351275,
    "recall": 1.0600706713780919,
    "tp": 6,
    "fp": 2818,
    "fn": 560
  },
  "jaccard": [
    0.9940409683426443
  ],
  "braycurtis": [
    0.9689966178128523
  ],
  "dice": [
    0.9881525360977416
  ],
  "cosinus": [
    0.7430187037106963
  ]
}