{
  "voc_eval_res": {
    "precision": 10.101,
    "recall": 0.708,
    "f-score": 1.3232
  },
  "KL_res": {
    "KL divergence": 3.539821088717468,
    "Euclidean Dist.": 0.1920979543337628,
    "WER": 0.9788494077834179,
    "CER": 0.838108983384962,
    "Cosine Dist.": 0.5334366567660522
  },
  "occ_eval_res": {
    "precision": 15.083,
    "recall": 2.8201,
    "f-score": 4.7517
  },
  "clean_eval": {
    "f-score": 0.4488778054862842,
    "precision": 0.2652519893899204,
    "recall": 1.4586709886547813,
    "tp": 9,
    "fp": 3384,
    "fn": 608
  },
  "jaccard": [
    0.993103448275862
  ],
  "braycurtis": [
    0.9689223057644111
  ],
  "dice": [
    0.9863013698630136
  ],
  "cosinus": [
    0.7186579319346371
  ]
}