{
  "voc_eval_res": {
    "precision": 69.2308,
    "recall": 23.6842,
    "f-score": 35.2941
  },
  "KL_res": {
    "KL divergence": 6.429263010270787,
    "Euclidean Dist.": 0.5631165464608184,
    "WER": 0.84,
    "CER": 0.6746575342465754,
    "Cosine Dist.": 0.743191027141627
  },
  "occ_eval_res": {
    "precision": 71.4286,
    "recall": 16.0,
    "f-score": 26.1438
  },
  "clean_eval": {
    "f-score": 17.218543046357617,
    "precision": 10.569105691056912,
    "recall": 46.42857142857143,
    "tp": 13,
    "fp": 110,
    "fn": 15
  },
  "jaccard": [
    0.6271186440677966
  ],
  "braycurtis": [
    0.5632698768197089
  ],
  "dice": [
    0.4567901234567901
  ],
  "cosinus": [
    0.5736297969155076
  ]
}