{
  "voc_eval_res": {
    "precision": 8.5938,
    "recall": 1.1777,
    "f-score": 2.0716
  },
  "KL_res": {
    "KL divergence": 3.9377384587616153,
    "Euclidean Dist.": 0.27634325912763974,
    "WER": 0.9782144382742418,
    "CER": 0.7883341970403639,
    "Cosine Dist.": 0.8701209110307881
  },
  "occ_eval_res": {
    "precision": 7.9794,
    "recall": 2.6484,
    "f-score": 3.9769
  },
  "clean_eval": {
    "f-score": 1.0745466756212223,
    "precision": 0.7252946509519492,
    "recall": 2.072538860103627,
    "tp": 16,
    "fp": 2190,
    "fn": 756
  },
  "jaccard": [
    0.7579356017355561
  ],
  "braycurtis": [
    0.6938141379451327
  ],
  "dice": [
    0.6102224673653245
  ],
  "cosinus": [
    0.5547567738809352
  ]
}