{
  "voc_eval_res": {
    "precision": 11.6279,
    "recall": 0.3256,
    "f-score": 0.6334
  },
  "KL_res": {
    "KL divergence": 3.4358208021714725,
    "Euclidean Dist.": 0.2809454294111069,
    "WER": 0.9914368898784038,
    "CER": 0.9417232125324548,
    "Cosine Dist.": 0.7362748891922632
  },
  "occ_eval_res": {
    "precision": 16.5165,
    "recall": 0.9419,
    "f-score": 1.7822
  },
  "clean_eval": {
    "f-score": 0.06995452955578874,
    "precision": 0.0370919881305638,
    "recall": 0.6134969325153374,
    "tp": 2,
    "fp": 5390,
    "fn": 324
  },
  "jaccard": [
    0.8510204081632653
  ],
  "braycurtis": [
    0.9035518571138624
  ],
  "dice": [
    0.7406749555950266
  ],
  "cosinus": [
    0.4125893254260852
  ]
}