{
  "voc_eval_res": {
    "precision": 28.4133,
    "recall": 2.0,
    "f-score": 3.737
  },
  "KL_res": {
    "KL divergence": 3.718917106931098,
    "Euclidean Dist.": 0.22304988594519384,
    "WER": 0.9691107137050886,
    "CER": 0.8770657199049833,
    "Cosine Dist.": 0.7206561670060136
  },
  "occ_eval_res": {
    "precision": 37.1105,
    "recall": 4.2595,
    "f-score": 7.6418
  },
  "clean_eval": {
    "f-score": 1.102015113350126,
    "precision": 0.6089074460681976,
    "recall": 5.7947019867549665,
    "tp": 35,
    "fp": 5713,
    "fn": 569
  },
  "jaccard": [
    0.807421713339771
  ],
  "braycurtis": [
    0.7721978021978022
  ],
  "dice": [
    0.6770387507229613
  ],
  "cosinus": [
    0.3293521332037702
  ]
}