{
  "voc_eval_res": {
    "precision": 13.9535,
    "recall": 0.6259,
    "f-score": 1.198
  },
  "KL_res": {
    "KL divergence": 4.876273708905648,
    "Euclidean Dist.": 0.24415388301845112,
    "WER": 0.9938032532920217,
    "CER": 0.925986129172085,
    "Cosine Dist.": 0.9688035618506915
  },
  "occ_eval_res": {
    "precision": 14.0065,
    "recall": 0.8327,
    "f-score": 1.5719
  },
  "clean_eval": {
    "f-score": 0.3922337713277113,
    "precision": 0.20833333333333334,
    "recall": 3.3444816053511706,
    "tp": 10,
    "fp": 4790,
    "fn": 289
  },
  "jaccard": [
    0.8865350666024715
  ],
  "braycurtis": [
    0.8718055733915501
  ],
  "dice": [
    0.7961948688382819
  ],
  "cosinus": [
    0.39843483000481883
  ]
}