{
  "voc_eval_res": {
    "precision": 66.3551,
    "recall": 37.5661,
    "f-score": 47.973
  },
  "KL_res": {
    "KL divergence": 1.6635833835179679,
    "Euclidean Dist.": 0.0970970579237088,
    "WER": 0.5889121338912134,
    "CER": 0.4552117263843648,
    "Cosine Dist.": 0.07785375181364695
  },
  "occ_eval_res": {
    "precision": 73.43,
    "recall": 47.6987,
    "f-score": 57.8313
  },
  "clean_eval": {
    "f-score": 45.026178010471206,
    "precision": 37.14902807775378,
    "recall": 57.14285714285714,
    "tp": 344,
    "fp": 582,
    "fn": 258
  },
  "jaccard": [
    0.6438152011922503
  ],
  "braycurtis": [
    0.36239103362391034
  ],
  "dice": [
    0.4747252747252747
  ],
  "cosinus": [
    0.0690043179993085
  ]
}