{
  "voc_eval_res": {
    "precision": 1.0563,
    "recall": 5.5556,
    "f-score": 1.7751
  },
  "KL_res": {
    "KL divergence": 6.577777981361761,
    "Euclidean Dist.": 0.17382131414862856,
    "WER": 9.018181818181818,
    "CER": 7.793478260869565,
    "Cosine Dist.": 0.9129823979153722
  },
  "occ_eval_res": {
    "precision": 0.8016,
    "recall": 7.2727,
    "f-score": 1.444
  },
  "clean_eval": {
    "f-score": 0.790513833992095,
    "precision": 3.7037037037037033,
    "recall": 0.4424778761061947,
    "tp": 2,
    "fp": 52,
    "fn": 450
  },
  "jaccard": [
    0.8054779206260481
  ],
  "braycurtis": [
    0.8294889190411578
  ],
  "dice": [
    0.6743097800655125
  ],
  "cosinus": [
    0.27023471984853165
  ]
}