{
  "voc_eval_res": {
    "precision": 3.9146,
    "recall": 1.3221,
    "f-score": 1.9766
  },
  "KL_res": {
    "KL divergence": 4.7925160634201625,
    "Euclidean Dist.": 0.17762262065431303,
    "WER": 0.9921414538310412,
    "CER": 0.7677203732070742,
    "Cosine Dist.": 0.9579539131604713
  },
  "occ_eval_res": {
    "precision": 2.4096,
    "recall": 1.3752,
    "f-score": 1.7511
  },
  "clean_eval": {
    "f-score": 0.27416038382453733,
    "precision": 0.22446689113355783,
    "recall": 0.35211267605633806,
    "tp": 2,
    "fp": 889,
    "fn": 566
  },
  "jaccard": [
    0.7534027221777422
  ],
  "braycurtis": [
    0.5756323359232931
  ],
  "dice": [
    0.6043673731535003
  ],
  "cosinus": [
    0.3109410856795005
  ]
}