{
  "voc_eval_res": {
    "precision": 66.6667,
    "recall": 15.3846,
    "f-score": 25.0
  },
  "KL_res": {
    "KL divergence": 8.804572956994559,
    "Euclidean Dist.": 0.8981462390204986,
    "WER": 0.9333333333333333,
    "CER": 0.8654708520179372,
    "Cosine Dist.": 0.8977380014870173
  },
  "occ_eval_res": {
    "precision": 66.6667,
    "recall": 6.6667,
    "f-score": 12.1212
  },
  "clean_eval": {
    "f-score": 12.12121212121212,
    "precision": 6.666666666666667,
    "recall": 66.66666666666666,
    "tp": 2,
    "fp": 28,
    "fn": 1
  },
  "jaccard": [
    0.8051282051282052
  ],
  "braycurtis": [
    0.8235294117647058
  ],
  "dice": [
    0.6738197424892703
  ],
  "cosinus": [
    0.8612347214546081
  ]
}