{
  "voc_eval_res": {
    "precision": 5.7143,
    "recall": 25.0,
    "f-score": 9.3023
  },
  "KL_res": {
    "KL divergence": 10.077448330307034,
    "Euclidean Dist.": 0.8556346284927332,
    "WER": 1.0566037735849056,
    "CER": 0.8294243070362474,
    "Cosine Dist.": 0.9918717317632424
  },
  "occ_eval_res": {
    "precision": 3.5714,
    "recall": 3.7736,
    "f-score": 3.6697
  },
  "clean_eval": {
    "f-score": 1.8867924528301887,
    "precision": 1.8867924528301887,
    "recall": 1.8867924528301887,
    "tp": 1,
    "fp": 52,
    "fn": 52
  },
  "jaccard": [
    0.7995049504950495
  ],
  "braycurtis": [
    0.867570385818561
  ],
  "dice": [
    0.6659793814432989
  ],
  "cosinus": [
    0.8687071215476142
  ]
}