{
  "voc_eval_res": {
    "precision": 66.6667,
    "recall": 50.0,
    "f-score": 57.1429
  },
  "KL_res": {
    "KL divergence": 3.2890308487358006,
    "Euclidean Dist.": 0.5137011669140813,
    "WER": 0.5,
    "CER": 0.47368421052631576,
    "Cosine Dist.": 0.26970325665977846
  },
  "occ_eval_res": {
    "precision": 66.6667,
    "recall": 50.0,
    "f-score": 57.1429
  },
  "clean_eval": {
    "f-score": 57.14285714285715,
    "precision": 50.0,
    "recall": 66.66666666666666,
    "tp": 2,
    "fp": 2,
    "fn": 1
  },
  "jaccard": [
    0.5909090909090909
  ],
  "braycurtis": [
    0.38571428571428573
  ],
  "dice": [
    0.41935483870967744
  ],
  "cosinus": [
    0.310162523810246
  ]
}