{
  "voc_eval_res": {
    "precision": 6.4516,
    "recall": 1.1785,
    "f-score": 1.9929
  },
  "KL_res": {
    "KL divergence": 4.158519987357978,
    "Euclidean Dist.": 0.13521152809417675,
    "WER": 0.9893948845913911,
    "CER": 0.8340300209006271,
    "Cosine Dist.": 0.8541224186538803
  },
  "occ_eval_res": {
    "precision": 8.3544,
    "recall": 2.0586,
    "f-score": 3.3033
  },
  "clean_eval": {
    "f-score": 0.32171581769436997,
    "precision": 0.1989389920424403,
    "recall": 0.8403361344537815,
    "tp": 3,
    "fp": 1505,
    "fn": 354
  },
  "jaccard": [
    0.36363636363636365
  ],
  "braycurtis": [
    0.5397609333619641
  ],
  "dice": [
    0.2222222222222222
  ],
  "cosinus": [
    0.05154918189957447
  ]
}