{
  "voc_eval_res": {
    "precision": 4.1045,
    "recall": 1.5385,
    "f-score": 2.238
  },
  "KL_res": {
    "KL divergence": 4.545796667002282,
    "Euclidean Dist.": 0.23573425985155036,
    "WER": 0.9902912621359223,
    "CER": 0.7991655076495132,
    "Cosine Dist.": 0.9770524754783377
  },
  "occ_eval_res": {
    "precision": 2.1104,
    "recall": 1.5777,
    "f-score": 1.8056
  },
  "clean_eval": {
    "f-score": 0.15267175572519084,
    "precision": 0.14124293785310735,
    "recall": 0.16611295681063123,
    "tp": 1,
    "fp": 707,
    "fn": 601
  },
  "jaccard": [
    0.4528301886792453
  ],
  "braycurtis": [
    0.3421622089500563
  ],
  "dice": [
    0.2926829268292683
  ],
  "cosinus": [
    0.07119891534756384
  ]
}