{
  "voc_eval_res": {
    "precision": 39.1304,
    "recall": 4.1253,
    "f-score": 7.4637
  },
  "KL_res": {
    "KL divergence": 3.5674436206171194,
    "Euclidean Dist.": 0.23422497546192775,
    "WER": 0.9229934924078091,
    "CER": 0.7362322886856983,
    "Cosine Dist.": 0.376775076172563
  },
  "occ_eval_res": {
    "precision": 35.5072,
    "recall": 10.6291,
    "f-score": 16.3606
  },
  "clean_eval": {
    "f-score": 3.149606299212599,
    "precision": 2.0583190394511153,
    "recall": 6.70391061452514,
    "tp": 36,
    "fp": 1713,
    "fn": 501
  },
  "jaccard": [
    0.7958236658932715
  ],
  "braycurtis": [
    0.5650040064102564
  ],
  "dice": [
    0.6608863198458574
  ],
  "cosinus": [
    0.245186449733376
  ]
}