{
  "voc_eval_res": {
    "precision": 60.9231,
    "recall": 56.0907,
    "f-score": 58.4071
  },
  "KL_res": {
    "KL divergence": 0.7804016286581894,
    "Euclidean Dist.": 0.08388236143648528,
    "WER": 0.9508196721311475,
    "CER": 0.8924323617827735,
    "Cosine Dist.": 0.07194516770146764
  },
  "occ_eval_res": {
    "precision": 51.8594,
    "recall": 73.9634,
    "f-score": 60.9698
  },
  "clean_eval": {
    "f-score": 44.869706840390876,
    "precision": 54.71698113207547,
    "recall": 38.02622498274672,
    "tp": 551,
    "fp": 456,
    "fn": 898
  },
  "jaccard": [
    0.5702479338842975
  ],
  "braycurtis": [
    0.36833976833976834
  ],
  "dice": [
    0.3988439306358382
  ],
  "cosinus": [
    0.08454329129221605
  ]
}