{
  "voc_eval_res": {
    "precision": 13.7113,
    "recall": 26.2147,
    "f-score": 18.0052
  },
  "KL_res": {
    "KL divergence": 0.46723909783632234,
    "Euclidean Dist.": 0.04701486078688956,
    "WER": 0.8171394375904979,
    "CER": 0.6311050604277398,
    "Cosine Dist.": 0.07421844861198879
  },
  "occ_eval_res": {
    "precision": 53.3725,
    "recall": 25.4607,
    "f-score": 34.4753
  },
  "clean_eval": {
    "f-score": 25.276507889691786,
    "precision": 18.595399971069,
    "recall": 39.450667485039126,
    "tp": 33423,
    "fp": 146315,
    "fn": 51298
  },
  "jaccard": [
    0.8887801296953383
  ],
  "braycurtis": [
    0.64721033085354
  ],
  "dice": [
    0.7998238273508038
  ],
  "cosinus": [
    0.056299870546946185
  ]
}