{
  "voc_eval_res": {
    "precision": 7.1429,
    "recall": 4.0441,
    "f-score": 5.1643
  },
  "KL_res": {
    "KL divergence": 5.487338577815281,
    "Euclidean Dist.": 0.17546274176559187,
    "WER": 1.0701754385964912,
    "CER": 0.8636741479634248,
    "Cosine Dist.": 0.928765773596052
  },
  "occ_eval_res": {
    "precision": 3.5831,
    "recall": 3.8596,
    "f-score": 3.7162
  },
  "clean_eval": {
    "f-score": 1.4084507042253522,
    "precision": 1.4598540145985401,
    "recall": 1.3605442176870748,
    "tp": 4,
    "fp": 270,
    "fn": 290
  },
  "jaccard": [
    0.9702970297029703
  ],
  "braycurtis": [
    0.9565943238731218
  ],
  "dice": [
    0.9423076923076923
  ],
  "cosinus": [
    0.9536612022864253
  ]
}