{
  "voc_eval_res": {
    "precision": 15.625,
    "recall": 0.6577,
    "f-score": 1.2623
  },
  "KL_res": {
    "KL divergence": 3.69179258279916,
    "Euclidean Dist.": 0.29729704991526185,
    "WER": 0.9931733553992552,
    "CER": 0.9290601368383147,
    "Cosine Dist.": 0.918633197292455
  },
  "occ_eval_res": {
    "precision": 14.0762,
    "recall": 0.993,
    "f-score": 1.8551
  },
  "clean_eval": {
    "f-score": 0.3450506793185249,
    "precision": 0.18591680223100163,
    "recall": 2.3952095808383236,
    "tp": 8,
    "fp": 4295,
    "fn": 326
  },
  "jaccard": [
    0.8365510777881912
  ],
  "braycurtis": [
    0.881625171834428
  ],
  "dice": [
    0.7190269051071371
  ],
  "cosinus": [
    0.4149299778719251
  ]
}