{
  "voc_eval_res": {
    "precision": 10.6061,
    "recall": 0.3627,
    "f-score": 0.7014
  },
  "KL_res": {
    "KL divergence": 4.3830121378945925,
    "Euclidean Dist.": 0.6058539702308746,
    "WER": 0.9806425041186162,
    "CER": 0.9008424786609024,
    "Cosine Dist.": 0.7603429769264396
  },
  "occ_eval_res": {
    "precision": 18.8235,
    "recall": 1.9769,
    "f-score": 3.5781
  },
  "clean_eval": {
    "f-score": 0.23866348448687352,
    "precision": 0.13268465280849182,
    "recall": 1.185770750988142,
    "tp": 3,
    "fp": 2258,
    "fn": 250
  },
  "jaccard": [
    0.9963692946058091
  ],
  "braycurtis": [
    0.9629629629629629
  ],
  "dice": [
    0.992764857881137
  ],
  "cosinus": [
    0.8019928433406515
  ]
}