{
  "voc_eval_res": {
    "precision": 15.1515,
    "recall": 0.841,
    "f-score": 1.5936
  },
  "KL_res": {
    "KL divergence": 4.440206811103364,
    "Euclidean Dist.": 0.4080717678634156,
    "WER": 0.9692307692307692,
    "CER": 0.9087894986128967,
    "Cosine Dist.": 0.4101874627673877
  },
  "occ_eval_res": {
    "precision": 21.0526,
    "recall": 3.5165,
    "f-score": 6.0264
  },
  "clean_eval": {
    "f-score": 0.5517241379310345,
    "precision": 0.32599837000814996,
    "recall": 1.7937219730941705,
    "tp": 4,
    "fp": 1223,
    "fn": 219
  },
  "jaccard": [
    0.9882648784576697
  ],
  "braycurtis": [
    0.9305828421741977
  ],
  "dice": [
    0.9768019884009942
  ],
  "cosinus": [
    0.507633179783529
  ]
}