{
  "voc_eval_res": {
    "precision": 11.4286,
    "recall": 0.5131,
    "f-score": 0.9822
  },
  "KL_res": {
    "KL divergence": 4.347869331469067,
    "Euclidean Dist.": 0.41271855172272504,
    "WER": 0.9791666666666666,
    "CER": 0.9193093485588498,
    "Cosine Dist.": 0.4446495289070701
  },
  "occ_eval_res": {
    "precision": 26.8293,
    "recall": 2.2917,
    "f-score": 4.2226
  },
  "clean_eval": {
    "f-score": 2.553626149131767,
    "precision": 1.3904338153503892,
    "recall": 15.625,
    "tp": 25,
    "fp": 1773,
    "fn": 135
  },
  "jaccard": [
    0.995
  ],
  "braycurtis": [
    0.9564571994062345
  ],
  "dice": [
    0.9900497512437811
  ],
  "cosinus": [
    0.5533486635669153
  ]
}