{
  "voc_eval_res": {
    "precision": 64.5833,
    "recall": 25.3579,
    "f-score": 36.417
  },
  "KL_res": {
    "KL divergence": 1.791121363759512,
    "Euclidean Dist.": 0.1177841778172701,
    "WER": 0.7651139742319127,
    "CER": 0.6982288828337875,
    "Cosine Dist.": 0.10230681241170991
  },
  "occ_eval_res": {
    "precision": 76.8,
    "recall": 38.0575,
    "f-score": 50.8946
  },
  "clean_eval": {
    "f-score": 21.25,
    "precision": 15.937499999999998,
    "recall": 31.874999999999996,
    "tp": 153,
    "fp": 807,
    "fn": 327
  },
  "jaccard": [
    0.18604651162790697
  ],
  "braycurtis": [
    0.3360115212612749
  ],
  "dice": [
    0.10256410256410256
  ],
  "cosinus": [
    0.0059830033517962455
  ]
}