{
  "voc_eval_res": {
    "precision": 22.3022,
    "recall": 0.9767,
    "f-score": 1.8714
  },
  "KL_res": {
    "KL divergence": 3.9052767073778156,
    "Euclidean Dist.": 0.28011619947625843,
    "WER": 0.9819389661615113,
    "CER": 0.9288584395686988,
    "Cosine Dist.": 0.7266241145605992
  },
  "occ_eval_res": {
    "precision": 31.6614,
    "recall": 2.0967,
    "f-score": 3.933
  },
  "clean_eval": {
    "f-score": 0.49792531120331956,
    "precision": 0.2661343978709248,
    "recall": 3.858520900321544,
    "tp": 12,
    "fp": 4497,
    "fn": 299
  },
  "jaccard": [
    0.48148148148148145
  ],
  "braycurtis": [
    0.8535961640916356
  ],
  "dice": [
    0.3170731707317073
  ],
  "cosinus": [
    0.05671008116187981
  ]
}