{
  "voc_eval_res": {
    "precision": 26.3682,
    "recall": 6.9463,
    "f-score": 10.9959
  },
  "KL_res": {
    "KL divergence": 3.3661320882280092,
    "Euclidean Dist.": 0.17712513847023284,
    "WER": 0.8926829268292683,
    "CER": 0.7069115274847996,
    "Cosine Dist.": 0.169175306558768
  },
  "occ_eval_res": {
    "precision": 35.0763,
    "recall": 15.7073,
    "f-score": 21.6981
  },
  "clean_eval": {
    "f-score": 1.951219512195122,
    "precision": 1.4056224899598393,
    "recall": 3.189066059225513,
    "tp": 14,
    "fp": 982,
    "fn": 425
  },
  "jaccard": [
    0.3
  ],
  "braycurtis": [
    0.396015260703688
  ],
  "dice": [
    0.17647058823529413
  ],
  "cosinus": [
    0.02081467706890583
  ]
}