{
  "voc_eval_res": {
    "precision": 37.2951,
    "recall": 3.7666,
    "f-score": 6.8421
  },
  "KL_res": {
    "KL divergence": 3.944133301705306,
    "Euclidean Dist.": 0.18428704969223678,
    "WER": 0.9507677309285888,
    "CER": 0.849400881378155,
    "Cosine Dist.": 0.6364231755325661
  },
  "occ_eval_res": {
    "precision": 41.9861,
    "recall": 5.8738,
    "f-score": 10.3058
  },
  "clean_eval": {
    "f-score": 5.113900511390051,
    "precision": 2.932551319648094,
    "recall": 19.96370235934664,
    "tp": 110,
    "fp": 3641,
    "fn": 441
  },
  "jaccard": [
    0.7386528497409326
  ],
  "braycurtis": [
    0.7227357310637259
  ],
  "dice": [
    0.5856063095629314
  ],
  "cosinus": [
    0.23398939914001238
  ]
}