{
  "voc_eval_res": {
    "precision": 4.9606,
    "recall": 13.6701,
    "f-score": 7.2796
  },
  "KL_res": {
    "KL divergence": 1.0060155315973,
    "Euclidean Dist.": 0.06509330024117448,
    "WER": 0.9455836372143457,
    "CER": 0.6978191288719269,
    "Cosine Dist.": 0.18799886223727513
  },
  "occ_eval_res": {
    "precision": 30.786,
    "recall": 19.872,
    "f-score": 24.1533
  },
  "clean_eval": {
    "f-score": 5.9970622499113615,
    "precision": 4.8734125113191595,
    "recall": 7.794135248354279,
    "tp": 6512,
    "fp": 127111,
    "fn": 77038
  },
  "jaccard": [
    0.7638990126565502
  ],
  "braycurtis": [
    0.4115582015678003
  ],
  "dice": [
    0.617990779457489
  ],
  "cosinus": [
    0.08573031373556339
  ]
}