{
  "voc_eval_res": {
    "precision": 80.2721,
    "recall": 31.6354,
    "f-score": 45.3846
  },
  "KL_res": {
    "KL divergence": 1.8088341943723736,
    "Euclidean Dist.": 0.20859246553708685,
    "WER": 0.5899209486166008,
    "CER": 0.5216207384816469,
    "Cosine Dist.": 0.2522681059949744
  },
  "occ_eval_res": {
    "precision": 81.0065,
    "recall": 49.3083,
    "f-score": 61.3022
  },
  "clean_eval": {
    "f-score": 26.13065326633166,
    "precision": 21.181262729124235,
    "recall": 34.0983606557377,
    "tp": 208,
    "fp": 774,
    "fn": 402
  },
  "jaccard": [
    0.6808510638297872
  ],
  "braycurtis": [
    0.3433553818400481
  ],
  "dice": [
    0.5161290322580645
  ],
  "cosinus": [
    0.2512923076609487
  ]
}