{
  "voc_eval_res": {
    "precision": 73.3945,
    "recall": 31.25,
    "f-score": 43.8356
  },
  "KL_res": {
    "KL divergence": 1.398451796260167,
    "Euclidean Dist.": 0.16927087200301752,
    "WER": 0.550471063257066,
    "CER": 0.42476552942775586,
    "Cosine Dist.": 0.05670405677046042
  },
  "occ_eval_res": {
    "precision": 80.8061,
    "recall": 56.6622,
    "f-score": 66.6139
  },
  "clean_eval": {
    "f-score": 18.316831683168317,
    "precision": 15.589887640449437,
    "recall": 22.2,
    "tp": 111,
    "fp": 601,
    "fn": 389
  },
  "jaccard": [
    0.6666666666666666
  ],
  "braycurtis": [
    0.30139103554868624
  ],
  "dice": [
    0.5
  ],
  "cosinus": [
    0.07273979942821018
  ]
}