{
  "voc_eval_res": {
    "precision": 79.1667,
    "recall": 30.2067,
    "f-score": 43.7284
  },
  "KL_res": {
    "KL divergence": 1.495271350382733,
    "Euclidean Dist.": 0.23244761075624046,
    "WER": 0.5752169720347156,
    "CER": 0.3847906197654941,
    "Cosine Dist.": 0.24938372223019722
  },
  "occ_eval_res": {
    "precision": 81.3344,
    "recall": 49.3732,
    "f-score": 61.4461
  },
  "clean_eval": {
    "f-score": 27.117611212675204,
    "precision": 21.878072763028516,
    "recall": 35.657051282051285,
    "tp": 445,
    "fp": 1589,
    "fn": 803
  },
  "jaccard": [
    0.6970633693972179
  ],
  "braycurtis": [
    0.2643241532130421
  ],
  "dice": [
    0.534994068801898
  ],
  "cosinus": [
    0.03215590174891325
  ]
}