{
  "voc_eval_res": {
    "precision": 24.4828,
    "recall": 0.7427,
    "f-score": 1.4416
  },
  "KL_res": {
    "KL divergence": 2.6356753502688113,
    "Euclidean Dist.": 0.24071954925944805,
    "WER": 0.9828596224777609,
    "CER": 0.9232253047456498,
    "Cosine Dist.": 0.3888267238963631
  },
  "occ_eval_res": {
    "precision": 36.5693,
    "recall": 2.8061,
    "f-score": 5.2123
  },
  "clean_eval": {
    "f-score": 0.043084877208099955,
    "precision": 0.02310536044362292,
    "recall": 0.3184713375796179,
    "tp": 3,
    "fp": 12981,
    "fn": 939
  },
  "jaccard": [
    0.9912962387317377
  ],
  "braycurtis": [
    0.9544334055426906
  ],
  "dice": [
    0.9827426810477657
  ],
  "cosinus": [
    0.41093949080612013
  ]
}