{
  "voc_eval_res": {
    "precision": 19.5,
    "recall": 0.4091,
    "f-score": 0.8014
  },
  "KL_res": {
    "KL divergence": 2.3523712363842515,
    "Euclidean Dist.": 0.32410702816151815,
    "WER": 0.9930317751055189,
    "CER": 0.9423778997901515,
    "Cosine Dist.": 0.8127881457419487
  },
  "occ_eval_res": {
    "precision": 20.8,
    "recall": 1.2423,
    "f-score": 2.3446
  },
  "clean_eval": {
    "f-score": 0.11922266820331437,
    "precision": 0.06334191968244585,
    "recall": 1.0121457489878543,
    "tp": 15,
    "fp": 23666,
    "fn": 1467
  },
  "jaccard": [
    0.9953667140525456
  ],
  "braycurtis": [
    0.9758108423426927
  ],
  "dice": [
    0.9907761647712384
  ],
  "cosinus": [
    0.8244540877809443
  ]
}