{
  "voc_eval_res": {
    "precision": 43.3735,
    "recall": 3.4615,
    "f-score": 6.4114
  },
  "KL_res": {
    "KL divergence": 3.7174461034237103,
    "Euclidean Dist.": 0.20996879180526787,
    "WER": 0.9442633637548892,
    "CER": 0.8341522719213819,
    "Cosine Dist.": 0.6702490350547228
  },
  "occ_eval_res": {
    "precision": 37.6699,
    "recall": 6.3233,
    "f-score": 10.8289
  },
  "clean_eval": {
    "f-score": 5.0245098039215685,
    "precision": 2.9233511586452763,
    "recall": 17.86492374727669,
    "tp": 82,
    "fp": 2723,
    "fn": 377
  },
  "jaccard": [
    0.8144922487371538
  ],
  "braycurtis": [
    0.7112577319587629
  ],
  "dice": [
    0.6870408463120776
  ],
  "cosinus": [
    0.26041366662806986
  ]
}