{
  "voc_eval_res": {
    "precision": 6.2176,
    "recall": 0.6276,
    "f-score": 1.1401
  },
  "KL_res": {
    "KL divergence": 3.4073174605014396,
    "Euclidean Dist.": 0.19061860705590278,
    "WER": 0.992914501653283,
    "CER": 0.8075794272688417,
    "Cosine Dist.": 0.9280638740578312
  },
  "occ_eval_res": {
    "precision": 3.5341,
    "recall": 1.0392,
    "f-score": 1.6061
  },
  "clean_eval": {
    "f-score": 0.30177291588079974,
    "precision": 0.19636720667648502,
    "recall": 0.6514657980456027,
    "tp": 8,
    "fp": 4066,
    "fn": 1220
  },
  "jaccard": [
    0.9925174993965725
  ],
  "braycurtis": [
    0.9792246336486737
  ],
  "dice": [
    0.985146142788692
  ],
  "cosinus": [
    0.9106990927298936
  ]
}