{
  "voc_eval_res": {
    "precision": 23.9819,
    "recall": 15.727,
    "f-score": 18.9964
  },
  "KL_res": {
    "KL divergence": 3.1485433778275014,
    "Euclidean Dist.": 0.0843260019253877,
    "WER": 0.917910447761194,
    "CER": 0.7518551498961116,
    "Cosine Dist.": 0.1862181847801796
  },
  "occ_eval_res": {
    "precision": 31.1927,
    "recall": 25.3731,
    "f-score": 27.9835
  },
  "clean_eval": {
    "f-score": 7.163323782234957,
    "precision": 6.41025641025641,
    "recall": 8.116883116883116,
    "tp": 25,
    "fp": 365,
    "fn": 283
  },
  "jaccard": [
    0.23684210526315788
  ],
  "braycurtis": [
    0.09239046887009993
  ],
  "dice": [
    0.13432835820895522
  ],
  "cosinus": [
    0.00849091810070024
  ]
}