{
  "voc_eval_res": {
    "precision": 13.7143,
    "recall": 3.3195,
    "f-score": 5.3452
  },
  "KL_res": {
    "KL divergence": 4.723336721425654,
    "Euclidean Dist.": 0.2637119027663944,
    "WER": 0.9662556781310837,
    "CER": 0.7600095139934988,
    "Cosine Dist.": 0.8287025751381503
  },
  "occ_eval_res": {
    "precision": 12.5313,
    "recall": 6.4893,
    "f-score": 8.5507
  },
  "clean_eval": {
    "f-score": 0.3476749239461104,
    "precision": 0.2656042496679947,
    "recall": 0.5031446540880503,
    "tp": 4,
    "fp": 1502,
    "fn": 791
  },
  "jaccard": [
    0.7299883990719258
  ],
  "braycurtis": [
    0.6028058530698446
  ],
  "dice": [
    0.5747887645581183
  ],
  "cosinus": [
    0.43254983428886196
  ]
}