{
  "voc_eval_res": {
    "precision": 88.8889,
    "recall": 39.1437,
    "f-score": 54.3524
  },
  "KL_res": {
    "KL divergence": 0.995571683223841,
    "Euclidean Dist.": 0.1455101983533176,
    "WER": 0.4287531806615776,
    "CER": 0.3005301524188204,
    "Cosine Dist.": 0.02074799814819428
  },
  "occ_eval_res": {
    "precision": 89.3382,
    "recall": 61.8321,
    "f-score": 73.0827
  },
  "clean_eval": {
    "f-score": 44.99229583975347,
    "precision": 38.07040417209909,
    "recall": 54.99058380414312,
    "tp": 292,
    "fp": 475,
    "fn": 239
  },
  "jaccard": [
    0.42857142857142855
  ],
  "braycurtis": [
    0.10606198309551941
  ],
  "dice": [
    0.2727272727272727
  ],
  "cosinus": [
    0.006952385502550729
  ]
}