{
  "voc_eval_res": {
    "precision": 84.1772,
    "recall": 37.8917,
    "f-score": 52.2593
  },
  "KL_res": {
    "KL divergence": 1.0994423537691225,
    "Euclidean Dist.": 0.13143184797844265,
    "WER": 0.4594594594594595,
    "CER": 0.32947403241812767,
    "Cosine Dist.": 0.028852637903894585
  },
  "occ_eval_res": {
    "precision": 88.0,
    "recall": 59.4595,
    "f-score": 70.9677
  },
  "clean_eval": {
    "f-score": 48.95209580838324,
    "precision": 40.926157697121404,
    "recall": 60.893854748603346,
    "tp": 327,
    "fp": 472,
    "fn": 210
  },
  "jaccard": [
    0.39285714285714285
  ],
  "braycurtis": [
    0.11825192802056556
  ],
  "dice": [
    0.24444444444444444
  ],
  "cosinus": [
    0.007163001848992212
  ]
}