{
  "voc_eval_res": {
    "precision": 73.2394,
    "recall": 13.2992,
    "f-score": 22.5108
  },
  "KL_res": {
    "KL divergence": 2.6164690263743138,
    "Euclidean Dist.": 0.19810389703713385,
    "WER": 0.7569721115537849,
    "CER": 0.6788747346072187,
    "Cosine Dist.": 0.15316314811502507
  },
  "occ_eval_res": {
    "precision": 78.1775,
    "recall": 25.9761,
    "f-score": 38.9952
  },
  "clean_eval": {
    "f-score": 23.57274401473296,
    "precision": 15.828524319868094,
    "recall": 46.15384615384615,
    "tp": 192,
    "fp": 1021,
    "fn": 224
  },
  "jaccard": [
    0.49230769230769234
  ],
  "braycurtis": [
    0.4286786786786787
  ],
  "dice": [
    0.32653061224489793
  ],
  "cosinus": [
    0.018311457995491054
  ]
}