{
  "voc_eval_res": {
    "precision": 23.9766,
    "recall": 45.1527,
    "f-score": 31.3213
  },
  "KL_res": {
    "KL divergence": 0.4062184723870381,
    "Euclidean Dist.": 0.04619747107680182,
    "WER": 0.5346227076861408,
    "CER": 0.14615910740297916,
    "Cosine Dist.": 0.08538109811912431
  },
  "occ_eval_res": {
    "precision": 56.8527,
    "recall": 60.5071,
    "f-score": 58.623
  },
  "clean_eval": {
    "f-score": 49.71743850569584,
    "precision": 49.67237716000773,
    "recall": 49.76258168232089,
    "tp": 33431,
    "fp": 33872,
    "fn": 33750
  },
  "jaccard": [
    0.7918050941306756
  ],
  "braycurtis": [
    0.3885156737807401
  ],
  "dice": [
    0.6553620531622365
  ],
  "cosinus": [
    0.06508544276969974
  ]
}