{
    "Precision": 0.69775390625,
    "Recall": 0.9558528428093646,
    "F-score": 0.8066610217329946,
    "Total Tokens": 6500,
    "Tokens VP": 1429,
    "Tokens FN": 66,
    "Tokens FP": 619,
    "Tokens FP (NA)": {
        "MISC": 120,
        "PER": 268,
        "LOC": 100,
        "ORG": 34
    },
    "Tokens FP (Label Error)": {
        "MISC": 21,
        "PER": 51,
        "LOC": 21,
        "ORG": 4
    }
}