{
    "Precision": 0.902668759811617,
    "Recall": 0.9965337954939342,
    "F-score": 0.9472817133443163,
    "Total Tokens": 6500,
    "Tokens VP": 575,
    "Tokens FN": 2,
    "Tokens FP": 62,
    "Tokens FP (NA)": {
        "MISC": 30,
        "LOC": 7,
        "PER": 10,
        "ORG": 4
    },
    "Tokens FP (Label Error)": {
        "LOC": 5,
        "MISC": 4,
        "ORG": 1,
        "PER": 1
    }
}