{
  "voc_eval_res": {
    "precision": 76.8272,
    "recall": 94.3655,
    "f-score": 84.698
  },
  "KL_res": {
    "KL divergence": 0.017307359587912317,
    "Euclidean Dist.": 0.00656178726159897,
    "WER": 0.09187517892928715,
    "CER": 0.0462182596383805,
    "Cosine Dist.": 0.0009976370166050463
  },
  "occ_eval_res": {
    "precision": 92.832,
    "recall": 97.2745,
    "f-score": 95.0014
  },
  "clean_eval": {
    "f-score": 85.67820298380127,
    "precision": 88.01489921121824,
    "recall": 83.46237123548323,
    "tp": 76323,
    "fp": 10393,
    "fn": 15123
  },
  "jaccard": [
    0.528718589043234
  ],
  "braycurtis": [
    0.09235687824229169
  ],
  "dice": [
    0.3593592531692569
  ],
  "cosinus": [
    0.011882231993348147
  ]
}