{
  "voc_eval_res": {
    "precision": 69.2308,
    "recall": 10.2273,
    "f-score": 17.8218
  },
  "KL_res": {
    "KL divergence": 3.8820889951634094,
    "Euclidean Dist.": 0.3144415057153607,
    "WER": 0.8079625292740047,
    "CER": 0.6520448548812665,
    "Cosine Dist.": 0.23615317323832885
  },
  "occ_eval_res": {
    "precision": 75.8621,
    "recall": 20.6089,
    "f-score": 32.4125
  },
  "clean_eval": {
    "f-score": 30.46875,
    "precision": 19.5,
    "recall": 69.64285714285714,
    "tp": 78,
    "fp": 322,
    "fn": 34
  },
  "jaccard": [
    0.45098039215686275
  ],
  "braycurtis": [
    0.4359334738814711
  ],
  "dice": [
    0.2911392405063291
  ],
  "cosinus": [
    0.05382094055741582
  ]
}