{
  "voc_eval_res": {
    "precision": 6.4516,
    "recall": 1.956,
    "f-score": 3.0019
  },
  "KL_res": {
    "KL divergence": 4.852295727987576,
    "Euclidean Dist.": 0.2029079657592787,
    "WER": 0.9593147751605996,
    "CER": 0.7238232468780019,
    "Cosine Dist.": 0.5599672242979685
  },
  "occ_eval_res": {
    "precision": 10.3093,
    "recall": 6.424,
    "f-score": 7.9156
  },
  "clean_eval": {
    "f-score": 0.544959128065395,
    "precision": 0.4444444444444444,
    "recall": 0.7042253521126761,
    "tp": 2,
    "fp": 448,
    "fn": 282
  },
  "jaccard": [
    0.9864077669902913
  ],
  "braycurtis": [
    0.9223560910307899
  ],
  "dice": [
    0.9731800766283525
  ],
  "cosinus": [
    0.6864626422706528
  ]
}