{
  "voc_eval_res": {
    "precision": 37.5,
    "recall": 2.439,
    "f-score": 4.5802
  },
  "KL_res": {
    "KL divergence": 5.482425753303733,
    "Euclidean Dist.": 0.32578154998781167,
    "WER": 0.9754661432777233,
    "CER": 0.8681610381949565,
    "Cosine Dist.": 0.9086509858121431
  },
  "occ_eval_res": {
    "precision": 28.0374,
    "recall": 2.9441,
    "f-score": 5.3286
  },
  "clean_eval": {
    "f-score": 3.5398230088495577,
    "precision": 1.9672131147540985,
    "recall": 17.647058823529413,
    "tp": 18,
    "fp": 897,
    "fn": 84
  },
  "jaccard": [
    0.375
  ],
  "braycurtis": [
    0.7249656207025879
  ],
  "dice": [
    0.23076923076923078
  ],
  "cosinus": [
    0.06864802612701215
  ]
}