{
  "voc_eval_res": {
    "precision": 13.6646,
    "recall": 0.6995,
    "f-score": 1.3309
  },
  "KL_res": {
    "KL divergence": 4.014006587473051,
    "Euclidean Dist.": 0.20389452135535918,
    "WER": 0.9912343046671405,
    "CER": 0.9117279666897987,
    "Cosine Dist.": 0.9051261675489036
  },
  "occ_eval_res": {
    "precision": 14.0351,
    "recall": 1.1372,
    "f-score": 2.1039
  },
  "clean_eval": {
    "f-score": 0.23277467411545624,
    "precision": 0.12610340479192939,
    "recall": 1.5105740181268883,
    "tp": 5,
    "fp": 3960,
    "fn": 326
  },
  "jaccard": [
    0.8525773195876288
  ],
  "braycurtis": [
    0.8448435189748644
  ],
  "dice": [
    0.74303683737646
  ],
  "cosinus": [
    0.30575199416975973
  ]
}