{
  "voc_eval_res": {
    "precision": 7.4468,
    "recall": 2.8112,
    "f-score": 4.0816
  },
  "KL_res": {
    "KL divergence": 4.9243525868812625,
    "Euclidean Dist.": 0.20269450318468005,
    "WER": 0.9377162629757786,
    "CER": 0.7096512570965126,
    "Cosine Dist.": 0.374629282730348
  },
  "occ_eval_res": {
    "precision": 12.2807,
    "recall": 9.6886,
    "f-score": 10.8317
  },
  "clean_eval": {
    "f-score": 0.4008016032064128,
    "precision": 0.35335689045936397,
    "recall": 0.4629629629629629,
    "tp": 1,
    "fp": 282,
    "fn": 215
  },
  "jaccard": [
    0.9819277108433735
  ],
  "braycurtis": [
    0.8932806324110671
  ],
  "dice": [
    0.9644970414201184
  ],
  "cosinus": [
    0.5131536022830875
  ]
}