{
  "voc_eval_res": {
    "precision": 31.7829,
    "recall": 1.7241,
    "f-score": 3.2708
  },
  "KL_res": {
    "KL divergence": 4.560037879881223,
    "Euclidean Dist.": 0.27947513117589773,
    "WER": 0.9862376429540609,
    "CER": 0.9140098226920835,
    "Cosine Dist.": 0.9501054036345536
  },
  "occ_eval_res": {
    "precision": 29.9674,
    "recall": 1.7833,
    "f-score": 3.3663
  },
  "clean_eval": {
    "f-score": 0.3888780867198132,
    "precision": 0.20644095788604458,
    "recall": 3.3444816053511706,
    "tp": 10,
    "fp": 4834,
    "fn": 289
  },
  "jaccard": [
    0.8670679277730009
  ],
  "braycurtis": [
    0.8443162188981587
  ],
  "dice": [
    0.765330904675167
  ],
  "cosinus": [
    0.4061868173254728
  ]
}