{
  "voc_eval_res": {
    "precision": 33.8235,
    "recall": 3.1724,
    "f-score": 5.8008
  },
  "KL_res": {
    "KL divergence": 3.799116459265025,
    "Euclidean Dist.": 0.28692760100121084,
    "WER": 0.907679033649698,
    "CER": 0.7168539325842697,
    "Cosine Dist.": 0.3640577900742016
  },
  "occ_eval_res": {
    "precision": 33.9869,
    "recall": 13.4599,
    "f-score": 19.2831
  },
  "clean_eval": {
    "f-score": 1.0702341137123748,
    "precision": 0.7684918347742555,
    "recall": 1.762114537444934,
    "tp": 8,
    "fp": 1033,
    "fn": 446
  },
  "jaccard": [
    0.967828418230563
  ],
  "braycurtis": [
    0.7937766931055522
  ],
  "dice": [
    0.9376623376623376
  ],
  "cosinus": [
    0.5046134955617925
  ]
}