{
  "voc_eval_res": {
    "precision": 18.2482,
    "recall": 0.4165,
    "f-score": 0.8145
  },
  "KL_res": {
    "KL divergence": 2.8400587631124803,
    "Euclidean Dist.": 0.2035609826318248,
    "WER": 0.9889188379754418,
    "CER": 0.9390821067257175,
    "Cosine Dist.": 0.6827973026259102
  },
  "occ_eval_res": {
    "precision": 18.4417,
    "recall": 1.5454,
    "f-score": 2.8518
  },
  "clean_eval": {
    "f-score": 0.08743988507900818,
    "precision": 0.047758750085283484,
    "recall": 0.51698670605613,
    "tp": 7,
    "fp": 14650,
    "fn": 1347
  },
  "jaccard": [
    0.9952670723461798
  ],
  "braycurtis": [
    0.9654487449587672
  ],
  "dice": [
    0.990578734858681
  ],
  "cosinus": [
    0.687575185989362
  ]
}