{
  "voc_eval_res": {
    "precision": 13.0952,
    "recall": 0.7498,
    "f-score": 1.4184
  },
  "KL_res": {
    "KL divergence": 4.476620869335434,
    "Euclidean Dist.": 0.5349359634459826,
    "WER": 0.9749733759318424,
    "CER": 0.8573477730760956,
    "Cosine Dist.": 0.6781365716706149
  },
  "occ_eval_res": {
    "precision": 17.0,
    "recall": 2.7157,
    "f-score": 4.6832
  },
  "clean_eval": {
    "f-score": 0.3900536323744515,
    "precision": 0.22766078542970974,
    "recall": 1.3605442176870748,
    "tp": 4,
    "fp": 1753,
    "fn": 290
  },
  "jaccard": [
    0.991430454845089
  ],
  "braycurtis": [
    0.9491764705882353
  ],
  "dice": [
    0.9830065359477124
  ],
  "cosinus": [
    0.7192190951763635
  ]
}