{
  "voc_eval_res": {
    "precision": 86.5385,
    "recall": 20.6422,
    "f-score": 33.3333
  },
  "KL_res": {
    "KL divergence": 2.820498890165962,
    "Euclidean Dist.": 0.2063348859213429,
    "WER": 0.7228260869565217,
    "CER": 0.5928721174004193,
    "Cosine Dist.": 0.20595206448383596
  },
  "occ_eval_res": {
    "precision": 85.0746,
    "recall": 30.9783,
    "f-score": 45.4183
  },
  "clean_eval": {
    "f-score": 39.91853360488798,
    "precision": 27.37430167597765,
    "recall": 73.68421052631578,
    "tp": 98,
    "fp": 260,
    "fn": 35
  },
  "jaccard": [
    0.7783018867924528
  ],
  "braycurtis": [
    0.48643006263048016
  ],
  "dice": [
    0.637065637065637
  ],
  "cosinus": [
    0.23912855597802884
  ]
}