{
  "voc_eval_res": {
    "precision": 30.6122,
    "recall": 1.503,
    "f-score": 2.8653
  },
  "KL_res": {
    "KL divergence": 4.6427760723260665,
    "Euclidean Dist.": 0.3027837431745585,
    "WER": 0.9785884218873909,
    "CER": 0.9408990011098779,
    "Cosine Dist.": 0.5874926953925135
  },
  "occ_eval_res": {
    "precision": 42.4242,
    "recall": 3.3307,
    "f-score": 6.1765
  },
  "clean_eval": {
    "f-score": 4.091266719118804,
    "precision": 2.2146507666098807,
    "recall": 26.804123711340207,
    "tp": 26,
    "fp": 1148,
    "fn": 71
  },
  "jaccard": [
    0.9852216748768473
  ],
  "braycurtis": [
    0.9323308270676691
  ],
  "dice": [
    0.970873786407767
  ],
  "cosinus": [
    0.6779404034193693
  ]
}