{
  "voc_eval_res": {
    "precision": 33.3333,
    "recall": 1.0318,
    "f-score": 2.0017
  },
  "KL_res": {
    "KL divergence": 4.615015051241621,
    "Euclidean Dist.": 0.40542790521817373,
    "WER": 0.9861548143486469,
    "CER": 0.9538217887805285,
    "Cosine Dist.": 0.6788629658206844
  },
  "occ_eval_res": {
    "precision": 40.0,
    "recall": 1.888,
    "f-score": 3.6058
  },
  "clean_eval": {
    "f-score": 2.155992390615092,
    "precision": 1.1258278145695364,
    "recall": 25.37313432835821,
    "tp": 17,
    "fp": 1493,
    "fn": 50
  },
  "jaccard": [
    0.9905579399141631
  ],
  "braycurtis": [
    0.9680511182108626
  ],
  "dice": [
    0.9812925170068028
  ],
  "cosinus": [
    0.7883246022896957
  ]
}