{
  "voc_eval_res": {
    "precision": 2.8571,
    "recall": 14.2857,
    "f-score": 4.7619
  },
  "KL_res": {
    "KL divergence": 7.007481961866146,
    "Euclidean Dist.": 0.47427441897049005,
    "WER": 5.5,
    "CER": 6.140845070422535,
    "Cosine Dist.": 0.9193522161454488
  },
  "occ_eval_res": {
    "precision": 1.7857,
    "recall": 10.0,
    "f-score": 3.0303
  },
  "clean_eval": {
    "f-score": 3.1746031746031744,
    "precision": 10.0,
    "recall": 1.8867924528301887,
    "tp": 1,
    "fp": 9,
    "fn": 52
  },
  "jaccard": [
    0.9146341463414634
  ],
  "braycurtis": [
    0.8894830659536542
  ],
  "dice": [
    0.8426966292134831
  ],
  "cosinus": [
    0.7484157174000563
  ]
}