{
  "voc_eval_res": {
    "precision": 66.6667,
    "recall": 12.5,
    "f-score": 21.0526
  },
  "KL_res": {
    "KL divergence": 9.930528005046417,
    "Euclidean Dist.": 1.0316372102621973,
    "WER": 0.9655172413793104,
    "CER": 0.9404990403071017,
    "Cosine Dist.": 0.958588670898887
  },
  "occ_eval_res": {
    "precision": 66.6667,
    "recall": 3.4483,
    "f-score": 6.5574
  },
  "clean_eval": {
    "f-score": 6.557377049180328,
    "precision": 3.4482758620689653,
    "recall": 66.66666666666666,
    "tp": 2,
    "fp": 56,
    "fn": 1
  },
  "jaccard": [
    0.811965811965812
  ],
  "braycurtis": [
    0.9061371841155235
  ],
  "dice": [
    0.6834532374100719
  ],
  "cosinus": [
    0.8935065730963013
  ]
}