{
  "voc_eval_res": {
    "precision": 79.2157,
    "recall": 46.5438,
    "f-score": 58.6357
  },
  "KL_res": {
    "KL divergence": 1.0972463316651304,
    "Euclidean Dist.": 0.061030667291977876,
    "WER": 0.5340179717586649,
    "CER": 0.3980284421460892,
    "Cosine Dist.": 0.06040605247252051
  },
  "occ_eval_res": {
    "precision": 79.7101,
    "recall": 56.4827,
    "f-score": 66.1157
  },
  "clean_eval": {
    "f-score": 49.21739130434782,
    "precision": 41.98813056379822,
    "recall": 59.45378151260504,
    "tp": 283,
    "fp": 391,
    "fn": 193
  },
  "jaccard": [
    0.4
  ],
  "braycurtis": [
    0.138648968088008
  ],
  "dice": [
    0.25
  ],
  "cosinus": [
    0.002215400207810747
  ]
}