{
  "voc_eval_res": {
    "precision": 56.5611,
    "recall": 46.2963,
    "f-score": 50.9165
  },
  "KL_res": {
    "KL divergence": 1.3944687399971585,
    "Euclidean Dist.": 0.05848589004103066,
    "WER": 0.6816976127320955,
    "CER": 0.5593926763917833,
    "Cosine Dist.": 0.07831773610168391
  },
  "occ_eval_res": {
    "precision": 63.3028,
    "recall": 54.9072,
    "f-score": 58.8068
  },
  "clean_eval": {
    "f-score": 45.07462686567164,
    "precision": 41.71270718232044,
    "recall": 49.02597402597403,
    "tp": 151,
    "fp": 211,
    "fn": 157
  },
  "jaccard": [
    0.075
  ],
  "braycurtis": [
    0.04313000616142945
  ],
  "dice": [
    0.03896103896103896
  ],
  "cosinus": [
    0.0014411217479058935
  ]
}