{
  "voc_eval_res": {
    "precision": 74.5098,
    "recall": 44.7717,
    "f-score": 55.9338
  },
  "KL_res": {
    "KL divergence": 1.2902731719308906,
    "Euclidean Dist.": 0.17087567685986443,
    "WER": 0.6113602391629297,
    "CER": 0.4897538761791174,
    "Cosine Dist.": 0.3746199274448677
  },
  "occ_eval_res": {
    "precision": 79.5226,
    "recall": 47.3094,
    "f-score": 59.3252
  },
  "clean_eval": {
    "f-score": 47.31800766283526,
    "precision": 37.796480489671005,
    "recall": 63.25224071702945,
    "tp": 494,
    "fp": 813,
    "fn": 287
  },
  "jaccard": [
    0.3333333333333333
  ],
  "braycurtis": [
    0.17618664521319388
  ],
  "dice": [
    0.2
  ],
  "cosinus": [
    0.011937250098503882
  ]
}