{
  "voc_eval_res": {
    "precision": 4.0837,
    "recall": 12.1009,
    "f-score": 6.1066
  },
  "KL_res": {
    "KL divergence": 1.2701576701110213,
    "Euclidean Dist.": 0.07214914896836899,
    "WER": 0.8922605644865685,
    "CER": 0.5093809586189831,
    "Cosine Dist.": 0.23522166162163605
  },
  "occ_eval_res": {
    "precision": 22.4494,
    "recall": 23.1659,
    "f-score": 22.8021
  },
  "clean_eval": {
    "f-score": 6.001662729780018,
    "precision": 6.081514762516046,
    "recall": 5.9238804803709595,
    "tp": 2274,
    "fp": 35118,
    "fn": 36113
  },
  "jaccard": [
    0.7549436795994994
  ],
  "braycurtis": [
    0.37790742215340184
  ],
  "dice": [
    0.6063530357860877
  ],
  "cosinus": [
    0.09831093838785632
  ]
}