{
  "voc_eval_res": {
    "precision": 2.6477,
    "recall": 4.5614,
    "f-score": 3.3505
  },
  "KL_res": {
    "KL divergence": 4.694210818624479,
    "Euclidean Dist.": 0.18783822425018956,
    "WER": 4.55448717948718,
    "CER": 3.7190936354548483,
    "Cosine Dist.": 0.5467100224179873
  },
  "occ_eval_res": {
    "precision": 2.279,
    "recall": 10.5769,
    "f-score": 3.75
  },
  "clean_eval": {
    "f-score": 0.8378216636744463,
    "precision": 2.341137123745819,
    "recall": 0.5102040816326531,
    "tp": 7,
    "fp": 292,
    "fn": 1365
  },
  "jaccard": [
    0.3
  ],
  "braycurtis": [
    0.6304133858267716
  ],
  "dice": [
    0.17647058823529413
  ],
  "cosinus": [
    0.05582291489752533
  ]
}