{
  "voc_eval_res": {
    "precision": 76.2136,
    "recall": 36.3426,
    "f-score": 49.2163
  },
  "KL_res": {
    "KL divergence": 1.831906058330572,
    "Euclidean Dist.": 0.08802132907112956,
    "WER": 0.6130500758725341,
    "CER": 0.5431472081218274,
    "Cosine Dist.": 0.14914947550049318
  },
  "occ_eval_res": {
    "precision": 79.3011,
    "recall": 44.7648,
    "f-score": 57.226
  },
  "clean_eval": {
    "f-score": 42.71457085828344,
    "precision": 33.594976452119305,
    "recall": 58.63013698630137,
    "tp": 214,
    "fp": 423,
    "fn": 151
  },
  "jaccard": [
    0.4946889226100152
  ],
  "braycurtis": [
    0.3161699429296132
  ],
  "dice": [
    0.3286290322580645
  ],
  "cosinus": [
    0.0722677391364458
  ]
}