{
  "voc_eval_res": {
    "precision": 19.1883,
    "recall": 41.8308,
    "f-score": 26.3085
  },
  "KL_res": {
    "KL divergence": 0.5468781233046667,
    "Euclidean Dist.": 0.0584949229925944,
    "WER": 0.7137303954584817,
    "CER": 0.24794122874577879,
    "Cosine Dist.": 0.15631302757691312
  },
  "occ_eval_res": {
    "precision": 47.7284,
    "recall": 56.2417,
    "f-score": 51.6365
  },
  "clean_eval": {
    "f-score": 41.269673230291474,
    "precision": 45.50229554120302,
    "recall": 37.757474010460385,
    "tp": 23390,
    "fp": 28014,
    "fn": 38558
  },
  "jaccard": [
    0.7586074491232561
  ],
  "braycurtis": [
    0.23589457589733306
  ],
  "dice": [
    0.6110939272089906
  ],
  "cosinus": [
    0.045382119826661294
  ]
}