{
  "voc_eval_res": {
    "precision": 60.0,
    "recall": 51.3158,
    "f-score": 55.3191
  },
  "KL_res": {
    "KL divergence": 0.7940234031936477,
    "Euclidean Dist.": 0.07558319015860569,
    "WER": 1.0077519379844961,
    "CER": 0.9296863603209337,
    "Cosine Dist.": 0.057300198634811284
  },
  "occ_eval_res": {
    "precision": 50.9969,
    "recall": 73.6434,
    "f-score": 60.2628
  },
  "clean_eval": {
    "f-score": 33.79989631933644,
    "precision": 41.475826972010175,
    "recall": 28.521434820647418,
    "tp": 326,
    "fp": 460,
    "fn": 817
  },
  "jaccard": [
    0.3786549707602339
  ],
  "braycurtis": [
    0.2808574392070992
  ],
  "dice": [
    0.23354373309287646
  ],
  "cosinus": [
    0.039554781145743845
  ]
}