{
  "voc_eval_res": {
    "precision": 45.2381,
    "recall": 25.8699,
    "f-score": 32.9163
  },
  "KL_res": {
    "KL divergence": 1.9367309004493014,
    "Euclidean Dist.": 0.247182991313985,
    "WER": 1.4716157205240175,
    "CER": 1.3936099400931883,
    "Cosine Dist.": 0.4819475736944526
  },
  "occ_eval_res": {
    "precision": 28.4607,
    "recall": 44.8908,
    "f-score": 34.8356
  },
  "clean_eval": {
    "f-score": 24.579831932773107,
    "precision": 31.65013525698828,
    "recall": 20.091585575271896,
    "tp": 351,
    "fp": 758,
    "fn": 1396
  },
  "jaccard": [
    0.7784222737819025
  ],
  "braycurtis": [
    0.612924071082391
  ],
  "dice": [
    0.6372269705603039
  ],
  "cosinus": [
    0.4815700838269452
  ]
}