{
  "voc_eval_res": {
    "precision": 40.4011,
    "recall": 5.392,
    "f-score": 9.5142
  },
  "KL_res": {
    "KL divergence": 3.33396479974372,
    "Euclidean Dist.": 0.19638671025116008,
    "WER": 0.9113378684807256,
    "CER": 0.7245558463021622,
    "Cosine Dist.": 0.4861622254796253
  },
  "occ_eval_res": {
    "precision": 42.9075,
    "recall": 11.0431,
    "f-score": 17.5654
  },
  "clean_eval": {
    "f-score": 6.336381033382946,
    "precision": 4.07103825136612,
    "recall": 14.285714285714285,
    "tp": 149,
    "fp": 3511,
    "fn": 894
  },
  "jaccard": [
    0.9383712399119589
  ],
  "braycurtis": [
    0.7832552454675087
  ],
  "dice": [
    0.8838977194194886
  ],
  "cosinus": [
    0.33140077908066345
  ]
}