{
  "voc_eval_res": {
    "precision": 20.5479,
    "recall": 12.215,
    "f-score": 15.3218
  },
  "KL_res": {
    "KL divergence": 3.3130125413278706,
    "Euclidean Dist.": 0.1449964944906153,
    "WER": 0.928150765606596,
    "CER": 0.7221151198017075,
    "Cosine Dist.": 0.4157877600853803
  },
  "occ_eval_res": {
    "precision": 23.4483,
    "recall": 20.0236,
    "f-score": 21.601
  },
  "clean_eval": {
    "f-score": 6.129247168554297,
    "precision": 5.686032138442522,
    "recall": 6.6473988439306355,
    "tp": 46,
    "fp": 763,
    "fn": 646
  },
  "jaccard": [
    0.9014557670772676
  ],
  "braycurtis": [
    0.7606415792720543
  ],
  "dice": [
    0.8205912334352702
  ],
  "cosinus": [
    0.47943483244420393
  ]
}