{
    "petite-Jeanne": {
        "REF": {
            "precision": 0.8183716075156576,
            "recall": 0.7701375245579568,
            "f_score": 0.7935222672064777,
            "FN": 117,
            "FP": 87,
            "VP": 392
        },
        "Tesseract": {
            "precision": 0.8741197183098591,
            "recall": 0.8664921465968587,
            "f_score": 0.8702892199824716,
            "FN": 153,
            "FP": 143,
            "VP": 993
        },
        "Kraken": {
            "precision": 0.866681118577932,
            "recall": 0.9523582658408766,
            "f_score": 0.9075019861536716,
            "FN": 200,
            "FP": 615,
            "VP": 3998
        }
    },
    "petit-chose": {
        "REF": {
            "precision": 0.933456561922366,
            "recall": 0.8930150309460654,
            "f_score": 0.9127880704925441,
            "FN": 121,
            "FP": 72,
            "VP": 1010
        },
        "Tesseract": {
            "precision": 0.9097356544165055,
            "recall": 0.9162337662337663,
            "f_score": 0.9129731478485928,
            "FN": 129,
            "FP": 140,
            "VP": 1411
        },
        "Kraken": {
            "precision": 0.9120065789473685,
            "recall": 0.9418259023354565,
            "f_score": 0.9266764152914143,
            "FN": 137,
            "FP": 214,
            "VP": 2218
        }
    }
}