{
    "REF": {
        "precision": 0.8981422165278667,
        "recall": 0.8548780487804878,
        "f_score": 0.8759762574195563,
        "FN": 238,
        "FP": 159,
        "VP": 1402
    },
    "Tesseract": {
        "precision": 0.8946780796427243,
        "recall": 0.8950111690245719,
        "f_score": 0.8948445933370557,
        "FN": 282,
        "FP": 283,
        "VP": 2404
    },
    "Kraken": {
        "precision": 0.8823278921220724,
        "recall": 0.9485731725927057,
        "f_score": 0.9142520958964554,
        "FN": 337,
        "FP": 829,
        "VP": 6216
    }
}