{
  "voc_eval_res": {
    "precision": 23.0594,
    "recall": 4.1326,
    "f-score": 7.009
  },
  "KL_res": {
    "KL divergence": 3.2749612470532368,
    "Euclidean Dist.": 0.1814169713394108,
    "WER": 0.9405633802816902,
    "CER": 0.7309408702119747,
    "Cosine Dist.": 0.5243158958238866
  },
  "occ_eval_res": {
    "precision": 21.5909,
    "recall": 9.6338,
    "f-score": 13.3229
  },
  "clean_eval": {
    "f-score": 3.8651315789473686,
    "precision": 2.8202820282028203,
    "recall": 6.139777922926192,
    "tp": 94,
    "fp": 3239,
    "fn": 1437
  },
  "jaccard": [
    0.687015503875969
  ],
  "braycurtis": [
    0.4665622589467287
  ],
  "dice": [
    0.5232472324723247
  ],
  "cosinus": [
    0.1902971397178661
  ]
}