{
  "voc_eval_res": {
    "precision": 12.9412,
    "recall": 0.898,
    "f-score": 1.6794
  },
  "KL_res": {
    "KL divergence": 4.415495871782633,
    "Euclidean Dist.": 0.23039413902521416,
    "WER": 0.9847383720930233,
    "CER": 0.8948490014612762,
    "Cosine Dist.": 0.8735848823248591
  },
  "occ_eval_res": {
    "precision": 7.6923,
    "recall": 1.7442,
    "f-score": 2.8436
  },
  "clean_eval": {
    "f-score": 0.6596306068601583,
    "precision": 0.4142502071251036,
    "recall": 1.6181229773462782,
    "tp": 5,
    "fp": 1202,
    "fn": 304
  },
  "jaccard": [
    0.8689192427510185
  ],
  "braycurtis": [
    0.8073249247981423
  ],
  "dice": [
    0.7682203389830509
  ],
  "cosinus": [
    0.37658501355678076
  ]
}