{
    "Precision": 0.008238928939237899,
    "Recall": 0.26666666666666666,
    "F-score": 0.015984015984015984,
    "Total Tokens": 6500,
    "Tokens VP": 8,
    "Tokens FN": 22,
    "Tokens FP": 963,
    "Tokens FP (NA)": {
        "MISC": 37,
        "PER": 27,
        "LOC": 9,
        "ORG": 3
    },
    "Tokens FP (Label Error)": {
        "MISC": 342,
        "PER": 340,
        "LOC": 150,
        "ORG": 55
    }
}