{
    "Precision": 0.0022026431718061676,
    "Recall": 0.07142857142857142,
    "F-score": 0.004273504273504274,
    "Total Tokens": 5227,
    "Tokens VP": 1,
    "Tokens FN": 13,
    "Tokens FP": 453,
    "Tokens FP (NA)": {
        "PER": 9,
        "MISC": 34,
        "LOC": 2,
        "ORG": 1
    },
    "Tokens FP (Label Error)": {
        "PER": 116,
        "LOC": 63,
        "MISC": 220,
        "ORG": 8
    }
}