{
    "Precision": 0.8028731045490822,
    "Recall": 0.9766990291262136,
    "F-score": 0.8812965396408236,
    "Total Tokens": 6500,
    "Tokens VP": 1006,
    "Tokens FN": 24,
    "Tokens FP": 247,
    "Tokens FP (NA)": {
        "PER": 51,
        "MISC": 63,
        "LOC": 31,
        "ORG": 26
    },
    "Tokens FP (Label Error)": {
        "LOC": 25,
        "PER": 29,
        "MISC": 11
    }
}
