{
    "Precision": 0.7987730061349694,
    "Recall": 0.9774774774774775,
    "F-score": 0.8791357191087105,
    "Total Tokens": 6500,
    "Tokens VP": 651,
    "Tokens FN": 15,
    "Tokens FP": 164,
    "Tokens FP (NA)": {
        "MISC": 64,
        "LOC": 12,
        "PER": 22,
        "ORG": 15
    },
    "Tokens FP (Label Error)": {
        "LOC": 21,
        "PER": 20,
        "MISC": 8,
        "ORG": 2
    }
}