{
    "Precision": 0.8417818740399385,
    "Recall": 0.9664902998236331,
    "F-score": 0.8998357963875205,
    "Total Tokens": 6500,
    "Tokens VP": 548,
    "Tokens FN": 19,
    "Tokens FP": 103,
    "Tokens FP (NA)": {
        "MISC": 29,
        "PER": 8,
        "LOC": 4,
        "ORG": 4
    },
    "Tokens FP (Label Error)": {
        "LOC": 20,
        "PER": 19,
        "MISC": 18,
        "ORG": 1
    }
}