{
  "voc_eval_res": {
    "precision": 30.0578,
    "recall": 2.5704,
    "f-score": 4.7359
  },
  "KL_res": {
    "KL divergence": 4.226373228910521,
    "Euclidean Dist.": 0.16565668434288133,
    "WER": 0.9761990623873061,
    "CER": 0.8597848834379714,
    "Cosine Dist.": 0.9098493074756892
  },
  "occ_eval_res": {
    "precision": 20.9246,
    "recall": 3.1013,
    "f-score": 5.402
  },
  "clean_eval": {
    "f-score": 2.550335570469799,
    "precision": 1.4694508894044858,
    "recall": 9.644670050761421,
    "tp": 38,
    "fp": 2548,
    "fn": 356
  },
  "jaccard": [
    0.9732313575525813
  ],
  "braycurtis": [
    0.9393530997304582
  ],
  "dice": [
    0.9478584729981379
  ],
  "cosinus": [
    0.9078790366171293
  ]
}