{
  "voc_eval_res": {
    "precision": 10.0,
    "recall": 0.8403,
    "f-score": 1.5504
  },
  "KL_res": {
    "KL divergence": 4.35930164769489,
    "Euclidean Dist.": 0.18365565532074196,
    "WER": 0.9903481558083419,
    "CER": 0.8423128164135358,
    "Cosine Dist.": 0.9599547725937284
  },
  "occ_eval_res": {
    "precision": 7.2,
    "recall": 1.241,
    "f-score": 2.117
  },
  "clean_eval": {
    "f-score": 0.3226847370119393,
    "precision": 0.19157088122605362,
    "recall": 1.0224948875255624,
    "tp": 5,
    "fp": 2605,
    "fn": 484
  },
  "jaccard": [
    0.9896177442189712
  ],
  "braycurtis": [
    0.9717533585945574
  ],
  "dice": [
    0.9794488556749182
  ],
  "cosinus": [
    0.946335233137844
  ]
}