{
  "voc_eval_res": {
    "precision": 13.2075,
    "recall": 0.9119,
    "f-score": 1.7059
  },
  "KL_res": {
    "KL divergence": 4.203023465193862,
    "Euclidean Dist.": 0.179338571319586,
    "WER": 0.9895678092399404,
    "CER": 0.8577496652661711,
    "Cosine Dist.": 0.9500440393495299
  },
  "occ_eval_res": {
    "precision": 8.8889,
    "recall": 1.3115,
    "f-score": 2.2857
  },
  "clean_eval": {
    "f-score": 0.3999999999999999,
    "precision": 0.23217247097844113,
    "recall": 1.443298969072165,
    "tp": 7,
    "fp": 3008,
    "fn": 478
  },
  "jaccard": [
    0.9904524699045247
  ],
  "braycurtis": [
    0.9735815070549385
  ],
  "dice": [
    0.9810855263157895
  ],
  "cosinus": [
    0.9550266573939087
  ]
}