{
  "voc_eval_res": {
    "precision": 37.037,
    "recall": 2.4845,
    "f-score": 4.6566
  },
  "KL_res": {
    "KL divergence": 4.022463466016346,
    "Euclidean Dist.": 0.34330705998947586,
    "WER": 0.9559965487489215,
    "CER": 0.8430322064166512,
    "Cosine Dist.": 0.5440935093280701
  },
  "occ_eval_res": {
    "precision": 31.738,
    "recall": 5.4357,
    "f-score": 9.2818
  },
  "clean_eval": {
    "f-score": 1.9857029388403495,
    "precision": 1.1764705882352942,
    "recall": 6.361323155216285,
    "tp": 25,
    "fp": 2100,
    "fn": 368
  },
  "jaccard": [
    0.9780353874313605
  ],
  "braycurtis": [
    0.9188191881918819
  ],
  "dice": [
    0.9570149253731344
  ],
  "cosinus": [
    0.6252556876021353
  ]
}