{
  "voc_eval_res": {
    "precision": 20.9667,
    "recall": 36.9903,
    "f-score": 26.7634
  },
  "KL_res": {
    "KL divergence": 0.37631940448997997,
    "Euclidean Dist.": 0.03756150558242991,
    "WER": 0.8348496438836365,
    "CER": 0.5982529178130824,
    "Cosine Dist.": 0.057594771044295445
  },
  "occ_eval_res": {
    "precision": 61.2806,
    "recall": 40.4524,
    "f-score": 48.7344
  },
  "clean_eval": {
    "f-score": 32.25684712423084,
    "precision": 26.22602396294051,
    "recall": 41.889598125702264,
    "tp": 35044,
    "fp": 98579,
    "fn": 48614
  },
  "jaccard": [
    0.827495655531956
  ],
  "braycurtis": [
    0.49349507231414835
  ],
  "dice": [
    0.7057506093142745
  ],
  "cosinus": [
    0.0440272899641051
  ]
}