{
  "voc_eval_res": {
    "precision": 4.6783,
    "recall": 13.4269,
    "f-score": 6.9389
  },
  "KL_res": {
    "KL divergence": 1.1701592177467703,
    "Euclidean Dist.": 0.06907398274108438,
    "WER": 0.8977499233363999,
    "CER": 0.4623969634308699,
    "Cosine Dist.": 0.24464582834498072
  },
  "occ_eval_res": {
    "precision": 24.2458,
    "recall": 25.1552,
    "f-score": 24.6922
  },
  "clean_eval": {
    "f-score": 7.1140355121196,
    "precision": 7.171423554887922,
    "recall": 7.057558652996966,
    "tp": 3676,
    "fp": 47583,
    "fn": 48410
  },
  "jaccard": [
    0.9499242369579335
  ],
  "braycurtis": [
    0.6998242530755712
  ],
  "dice": [
    0.9046244760530475
  ],
  "cosinus": [
    0.2091352102386641
  ]
}