{
  "voc_eval_res": {
    "precision": 17.6471,
    "recall": 0.8351,
    "f-score": 1.5948
  },
  "KL_res": {
    "KL divergence": 3.7630064959736576,
    "Euclidean Dist.": 0.38854836915378893,
    "WER": 0.9824604743083004,
    "CER": 0.848413960887059,
    "Cosine Dist.": 0.5673019714955494
  },
  "occ_eval_res": {
    "precision": 10.7673,
    "recall": 2.1492,
    "f-score": 3.5832
  },
  "clean_eval": {
    "f-score": 0.3535130357931948,
    "precision": 0.21424745581146223,
    "recall": 1.0101010101010102,
    "tp": 8,
    "fp": 3726,
    "fn": 784
  },
  "jaccard": [
    0.9911746804625685
  ],
  "braycurtis": [
    0.9619932432432432
  ],
  "dice": [
    0.9825037707390648
  ],
  "cosinus": [
    0.6030831488545441
  ]
}