{
  "voc_eval_res": {
    "precision": 21.2121,
    "recall": 0.4425,
    "f-score": 0.8669
  },
  "KL_res": {
    "KL divergence": 4.588614057358269,
    "Euclidean Dist.": 0.5986608354343953,
    "WER": 0.983224603914259,
    "CER": 0.9565449569454643,
    "Cosine Dist.": 0.6854099202463385
  },
  "occ_eval_res": {
    "precision": 39.7959,
    "recall": 1.8173,
    "f-score": 3.4759
  },
  "clean_eval": {
    "f-score": 3.0942334739803097,
    "precision": 1.6184404119666502,
    "recall": 35.1063829787234,
    "tp": 33,
    "fp": 2006,
    "fn": 61
  },
  "jaccard": [
    0.46808510638297873
  ],
  "braycurtis": [
    0.9118764244112434
  ],
  "dice": [
    0.3055555555555556
  ],
  "cosinus": [
    0.11588454026851314
  ]
}