{
  "voc_eval_res": {
    "precision": 21.8978,
    "recall": 8.2645,
    "f-score": 12.0
  },
  "KL_res": {
    "KL divergence": 3.7911940839059435,
    "Euclidean Dist.": 0.2149706577178367,
    "WER": 0.9288990825688074,
    "CER": 0.7078624078624078,
    "Cosine Dist.": 0.31261335913672283
  },
  "occ_eval_res": {
    "precision": 22.3188,
    "recall": 17.6606,
    "f-score": 19.7183
  },
  "clean_eval": {
    "f-score": 1.8567639257294428,
    "precision": 1.6548463356973995,
    "recall": 2.1148036253776437,
    "tp": 7,
    "fp": 416,
    "fn": 324
  },
  "jaccard": [
    0.24324324324324326
  ],
  "braycurtis": [
    0.15661664392905866
  ],
  "dice": [
    0.13846153846153847
  ],
  "cosinus": [
    0.017265954583296717
  ]
}