{
  "voc_eval_res": {
    "precision": 39.4737,
    "recall": 3.9267,
    "f-score": 7.1429
  },
  "KL_res": {
    "KL divergence": 4.340945293452779,
    "Euclidean Dist.": 0.2268152583777055,
    "WER": 0.9479277364505845,
    "CER": 0.8284587131002584,
    "Cosine Dist.": 0.5318534610170514
  },
  "occ_eval_res": {
    "precision": 34.4186,
    "recall": 7.864,
    "f-score": 12.8028
  },
  "clean_eval": {
    "f-score": 5.823475887170155,
    "precision": 3.535911602209945,
    "recall": 16.49484536082474,
    "tp": 32,
    "fp": 873,
    "fn": 162
  },
  "jaccard": [
    0.3541666666666667
  ],
  "braycurtis": [
    0.624780316344464
  ],
  "dice": [
    0.21518987341772153
  ],
  "cosinus": [
    0.0313321428628357
  ]
}