{
  "voc_eval_res": {
    "precision": 5.4129,
    "recall": 16.994,
    "f-score": 8.2106
  },
  "KL_res": {
    "KL divergence": 1.050501147957393,
    "Euclidean Dist.": 0.0788542509016028,
    "WER": 0.8810305363828315,
    "CER": 0.40638951720863364,
    "Cosine Dist.": 0.2147819810286019
  },
  "occ_eval_res": {
    "precision": 28.0458,
    "recall": 30.5648,
    "f-score": 29.2511
  },
  "clean_eval": {
    "f-score": 11.30324828123299,
    "precision": 12.43505177433025,
    "recall": 10.360284297622155,
    "tp": 6749,
    "fp": 47525,
    "fn": 58394
  },
  "jaccard": [
    0.9441559940002308
  ],
  "braycurtis": [
    0.6654340880936636
  ],
  "dice": [
    0.8942192110151896
  ],
  "cosinus": [
    0.1728891612364143
  ]
}