{
  "voc_eval_res": {
    "precision": 75.4098,
    "recall": 11.5288,
    "f-score": 20.0
  },
  "KL_res": {
    "KL divergence": 4.443538674183578,
    "Euclidean Dist.": 0.28179660847184324,
    "WER": 0.9035714285714286,
    "CER": 0.8441241143415588,
    "Cosine Dist.": 0.4407138893946224
  },
  "occ_eval_res": {
    "precision": 76.6667,
    "recall": 12.3214,
    "f-score": 21.2308
  },
  "clean_eval": {
    "f-score": 19.713831478537358,
    "precision": 11.460258780036968,
    "recall": 70.45454545454545,
    "tp": 62,
    "fp": 479,
    "fn": 26
  },
  "jaccard": [
    0.45
  ],
  "braycurtis": [
    0.6741162129215766
  ],
  "dice": [
    0.2903225806451613
  ],
  "cosinus": [
    0.02959174145180332
  ]
}