{
  "voc_eval_res": {
    "precision": 37.7483,
    "recall": 36.7742,
    "f-score": 37.2549
  },
  "KL_res": {
    "KL divergence": 2.4309176032954847,
    "Euclidean Dist.": 0.25585388831063827,
    "WER": 1.0728862973760933,
    "CER": 0.7903000697836706,
    "Cosine Dist.": 0.34640444556540373
  },
  "occ_eval_res": {
    "precision": 38.4793,
    "recall": 48.688,
    "f-score": 42.9858
  },
  "clean_eval": {
    "f-score": 14.964028776978417,
    "precision": 16.828478964401295,
    "recall": 13.471502590673575,
    "tp": 52,
    "fp": 257,
    "fn": 334
  },
  "jaccard": [
    0.5033457249070632
  ],
  "braycurtis": [
    0.24620390455531455
  ],
  "dice": [
    0.3363139592647789
  ],
  "cosinus": [
    0.06946601409948638
  ]
}