{
  "voc_eval_res": {
    "precision": 81.9444,
    "recall": 11.0075,
    "f-score": 19.4079
  },
  "KL_res": {
    "KL divergence": 3.061341391740501,
    "Euclidean Dist.": 0.2763744278568394,
    "WER": 0.791812865497076,
    "CER": 0.6851549755301795,
    "Cosine Dist.": 0.11873613404701333
  },
  "occ_eval_res": {
    "precision": 86.8085,
    "recall": 23.8596,
    "f-score": 37.4312
  },
  "clean_eval": {
    "f-score": 15.693779904306224,
    "precision": 10.012210012210012,
    "recall": 36.283185840707965,
    "tp": 82,
    "fp": 737,
    "fn": 144
  },
  "jaccard": [
    0.784156976744186
  ],
  "braycurtis": [
    0.487503288608261
  ],
  "dice": [
    0.6449491930663479
  ],
  "cosinus": [
    0.13583679963573847
  ]
}