{
  "voc_eval_res": {
    "precision": 18.2342,
    "recall": 49.5518,
    "f-score": 26.6585
  },
  "KL_res": {
    "KL divergence": 0.8326128282412767,
    "Euclidean Dist.": 0.14219772889428753,
    "WER": 1.8428567630088544,
    "CER": 0.8431895581879546,
    "Cosine Dist.": 0.5205803418589027
  },
  "occ_eval_res": {
    "precision": 27.9344,
    "recall": 66.8297,
    "f-score": 39.3999
  },
  "clean_eval": {
    "f-score": 28.533745230387282,
    "precision": 54.95544446859378,
    "recall": 19.26934984520124,
    "tp": 20228,
    "fp": 16580,
    "fn": 84747
  },
  "jaccard": [
    0.8244812592877979
  ],
  "braycurtis": [
    0.4819448272937385
  ],
  "dice": [
    0.7013765333832755
  ],
  "cosinus": [
    0.12689812420065538
  ]
}