{
  "voc_eval_res": {
    "precision": 61.1317,
    "recall": 88.8515,
    "f-score": 72.43
  },
  "KL_res": {
    "KL divergence": 0.03454728702320244,
    "Euclidean Dist.": 0.013813454018046688,
    "WER": 0.16768606434826508,
    "CER": 0.0727858328762519,
    "Cosine Dist.": 0.005142119153574765
  },
  "occ_eval_res": {
    "precision": 88.478,
    "recall": 92.4827,
    "f-score": 90.436
  },
  "clean_eval": {
    "f-score": 82.70578259123165,
    "precision": 84.41068102680379,
    "recall": 81.0683906090507,
    "tp": 83391,
    "fp": 15401,
    "fn": 19474
  },
  "jaccard": [
    0.4174854622017245
  ],
  "braycurtis": [
    0.09209908762229936
  ],
  "dice": [
    0.2638114546376077
  ],
  "cosinus": [
    0.006057918439786314
  ]
}