{
  "voc_eval_res": {
    "precision": 8.8123,
    "recall": 0.7842,
    "f-score": 1.4402
  },
  "KL_res": {
    "KL divergence": 4.023547934471091,
    "Euclidean Dist.": 0.28549316458497365,
    "WER": 0.9870794734275963,
    "CER": 0.7934680134680134,
    "Cosine Dist.": 0.9195920875071575
  },
  "occ_eval_res": {
    "precision": 5.4122,
    "recall": 1.5846,
    "f-score": 2.4514
  },
  "clean_eval": {
    "f-score": 0.6403842305383229,
    "precision": 0.4220522289633343,
    "recall": 1.3266998341625207,
    "tp": 16,
    "fp": 3775,
    "fn": 1190
  },
  "jaccard": [
    0.9890357949048694
  ],
  "braycurtis": [
    0.9701379701379701
  ],
  "dice": [
    0.9783094098883572
  ],
  "cosinus": [
    0.9340232391534686
  ]
}