{
  "voc_eval_res": {
    "precision": 82.0862,
    "recall": 18.4037,
    "f-score": 30.0664
  },
  "KL_res": {
    "KL divergence": 1.829969526472767,
    "Euclidean Dist.": 0.2274099889800828,
    "WER": 0.824304958440814,
    "CER": 0.6969125014563672,
    "Cosine Dist.": 0.6298099712354996
  },
  "occ_eval_res": {
    "precision": 87.5669,
    "recall": 21.0949,
    "f-score": 33.9993
  },
  "clean_eval": {
    "f-score": 11.19659131258137,
    "precision": 6.942609716718039,
    "recall": 28.9119804400978,
    "tp": 473,
    "fp": 6340,
    "fn": 1163
  },
  "jaccard": [
    0.5
  ],
  "braycurtis": [
    0.5105963279550857
  ],
  "dice": [
    0.3333333333333333
  ],
  "cosinus": [
    0.03278526985147934
  ]
}