{
  "voc_eval_res": {
    "precision": 25.0444,
    "recall": 12.1867,
    "f-score": 16.3953
  },
  "KL_res": {
    "KL divergence": 1.7264669022224284,
    "Euclidean Dist.": 0.10793148454951156,
    "WER": 0.8700102354145343,
    "CER": 0.6811108299595142,
    "Cosine Dist.": 0.05334565903108801
  },
  "occ_eval_res": {
    "precision": 40.1934,
    "recall": 38.2805,
    "f-score": 39.2136
  },
  "clean_eval": {
    "f-score": 4.250681198910082,
    "precision": 4.113924050632911,
    "recall": 4.3968432919954905,
    "tp": 78,
    "fp": 1818,
    "fn": 1696
  },
  "jaccard": [
    0.9101486748545572
  ],
  "braycurtis": [
    0.6029567053854277
  ],
  "dice": [
    0.8351126927639383
  ],
  "cosinus": [
    0.06948196540466478
  ]
}