{
  "voc_eval_res": {
    "precision": 27.0588,
    "recall": 1.552,
    "f-score": 2.9355
  },
  "KL_res": {
    "KL divergence": 4.489467860906752,
    "Euclidean Dist.": 0.6301616067492597,
    "WER": 0.9687337154768109,
    "CER": 0.8314098998887653,
    "Cosine Dist.": 0.7445149569444237
  },
  "occ_eval_res": {
    "precision": 17.8841,
    "recall": 3.6998,
    "f-score": 6.1313
  },
  "clean_eval": {
    "f-score": 0.27100271002710025,
    "precision": 0.16429353778751368,
    "recall": 0.7731958762886598,
    "tp": 3,
    "fp": 1823,
    "fn": 385
  },
  "jaccard": [
    0.984778292521509
  ],
  "braycurtis": [
    0.934056007226739
  ],
  "dice": [
    0.970013037809648
  ],
  "cosinus": [
    0.7711528548195126
  ]
}