{
  "voc_eval_res": {
    "precision": 26.25,
    "recall": 1.4851,
    "f-score": 2.8112
  },
  "KL_res": {
    "KL divergence": 4.441752257890105,
    "Euclidean Dist.": 0.42894089441382394,
    "WER": 0.9707950243374798,
    "CER": 0.8278820768553828,
    "Cosine Dist.": 0.7945929855333841
  },
  "occ_eval_res": {
    "precision": 17.9625,
    "recall": 3.6236,
    "f-score": 6.0306
  },
  "clean_eval": {
    "f-score": 0.5698005698005698,
    "precision": 0.3444316877152698,
    "recall": 1.6483516483516485,
    "tp": 6,
    "fp": 1736,
    "fn": 358
  },
  "jaccard": [
    0.9845288326300985
  ],
  "braycurtis": [
    0.9324774132192106
  ],
  "dice": [
    0.9695290858725761
  ],
  "cosinus": [
    0.8036857687106129
  ]
}