{
  "voc_eval_res": {
    "precision": 37.1094,
    "recall": 3.619,
    "f-score": 6.5949
  },
  "KL_res": {
    "KL divergence": 3.2562958685793344,
    "Euclidean Dist.": 0.21059693812070843,
    "WER": 0.9180993314231136,
    "CER": 0.7875678489106996,
    "Cosine Dist.": 0.40599525785589274
  },
  "occ_eval_res": {
    "precision": 44.246,
    "recall": 10.6495,
    "f-score": 17.1671
  },
  "clean_eval": {
    "f-score": 4.6481601032924456,
    "precision": 2.829447209850668,
    "recall": 13.012048192771083,
    "tp": 108,
    "fp": 3709,
    "fn": 722
  },
  "jaccard": [
    0.42857142857142855
  ],
  "braycurtis": [
    0.5672159335148302
  ],
  "dice": [
    0.2727272727272727
  ],
  "cosinus": [
    0.045347119773728184
  ]
}