{
  "voc_eval_res": {
    "precision": 23.2877,
    "recall": 1.526,
    "f-score": 2.8644
  },
  "KL_res": {
    "KL divergence": 4.493001174674349,
    "Euclidean Dist.": 0.23177620453104625,
    "WER": 0.9842032967032966,
    "CER": 0.9032960788028036,
    "Cosine Dist.": 0.771381612303323
  },
  "occ_eval_res": {
    "precision": 21.6783,
    "recall": 2.1291,
    "f-score": 3.8774
  },
  "clean_eval": {
    "f-score": 1.7484868863483523,
    "precision": 0.9643916913946587,
    "recall": 9.352517985611511,
    "tp": 13,
    "fp": 1335,
    "fn": 126
  },
  "jaccard": [
    0.8448225286007627
  ],
  "braycurtis": [
    0.8352593842260649
  ],
  "dice": [
    0.7313357034027425
  ],
  "cosinus": [
    0.3288475006854994
  ]
}