{
  "voc_eval_res": {
    "precision": 17.4825,
    "recall": 0.5673,
    "f-score": 1.0989
  },
  "KL_res": {
    "KL divergence": 3.6595484859003338,
    "Euclidean Dist.": 0.21162706040661802,
    "WER": 0.9885180745694278,
    "CER": 0.9291489064731209,
    "Cosine Dist.": 0.8533515182564967
  },
  "occ_eval_res": {
    "precision": 26.1634,
    "recall": 1.5961,
    "f-score": 3.0087
  },
  "clean_eval": {
    "f-score": 0.33457727448204866,
    "precision": 0.17758349839491838,
    "recall": 2.885682574916759,
    "tp": 26,
    "fp": 14615,
    "fn": 875
  },
  "jaccard": [
    0.423728813559322
  ],
  "braycurtis": [
    0.8491267474731828
  ],
  "dice": [
    0.26881720430107525
  ],
  "cosinus": [
    0.05014766179313701
  ]
}