{
  "voc_eval_res": {
    "precision": 45.4545,
    "recall": 16.129,
    "f-score": 23.8095
  },
  "KL_res": {
    "KL divergence": 4.967164184744621,
    "Euclidean Dist.": 0.41201203991922264,
    "WER": 0.7906976744186046,
    "CER": 0.6279863481228669,
    "Cosine Dist.": 0.3598419167568827
  },
  "occ_eval_res": {
    "precision": 50.0,
    "recall": 23.2558,
    "f-score": 31.746
  },
  "clean_eval": {
    "f-score": 31.746031746031743,
    "precision": 23.25581395348837,
    "recall": 50.0,
    "tp": 10,
    "fp": 33,
    "fn": 10
  },
  "jaccard": [
    0.6685714285714286
  ],
  "braycurtis": [
    0.4898876404494382
  ],
  "dice": [
    0.5021459227467812
  ],
  "cosinus": [
    0.3095030313550007
  ]
}