{
  "voc_eval_res": {
    "precision": 45.4545,
    "recall": 12.1951,
    "f-score": 19.2308
  },
  "KL_res": {
    "KL divergence": 6.197029641971644,
    "Euclidean Dist.": 0.4860360070896522,
    "WER": 0.863013698630137,
    "CER": 0.7570281124497992,
    "Cosine Dist.": 0.6156376744994668
  },
  "occ_eval_res": {
    "precision": 50.0,
    "recall": 13.6986,
    "f-score": 21.5054
  },
  "clean_eval": {
    "f-score": 21.978021978021978,
    "precision": 14.084507042253522,
    "recall": 50.0,
    "tp": 10,
    "fp": 61,
    "fn": 10
  },
  "jaccard": [
    0.7494407158836689
  ],
  "braycurtis": [
    0.6513056835637481
  ],
  "dice": [
    0.5992844364937389
  ],
  "cosinus": [
    0.5385404317963965
  ]
}