{
  "voc_eval_res": {
    "precision": 54.5455,
    "recall": 13.9535,
    "f-score": 22.2222
  },
  "KL_res": {
    "KL divergence": 4.901135433848067,
    "Euclidean Dist.": 0.41785677017274875,
    "WER": 0.7966101694915254,
    "CER": 0.6831168831168831,
    "Cosine Dist.": 0.29115371610821594
  },
  "occ_eval_res": {
    "precision": 65.0,
    "recall": 22.0339,
    "f-score": 32.9114
  },
  "clean_eval": {
    "f-score": 32.0,
    "precision": 21.818181818181817,
    "recall": 60.0,
    "tp": 12,
    "fp": 43,
    "fn": 8
  },
  "jaccard": [
    0.728735632183908
  ],
  "braycurtis": [
    0.5324675324675324
  ],
  "dice": [
    0.5732368896925859
  ],
  "cosinus": [
    0.3053767247694895
  ]
}