{
  "voc_eval_res": {
    "precision": 37.6569,
    "recall": 8.8496,
    "f-score": 14.3312
  },
  "KL_res": {
    "KL divergence": 3.2427001300727767,
    "Euclidean Dist.": 0.18239174164990568,
    "WER": 0.87374749498998,
    "CER": 0.6897940913160251,
    "Cosine Dist.": 0.2523299219154579
  },
  "occ_eval_res": {
    "precision": 41.3081,
    "recall": 16.0321,
    "f-score": 23.0991
  },
  "clean_eval": {
    "f-score": 10.564102564102566,
    "precision": 7.452966714905933,
    "recall": 18.133802816901408,
    "tp": 103,
    "fp": 1279,
    "fn": 465
  },
  "jaccard": [
    0.673463687150838
  ],
  "braycurtis": [
    0.478693967902601
  ],
  "dice": [
    0.5076858285954938
  ],
  "cosinus": [
    0.13039266681835637
  ]
}