{
  "voc_eval_res": {
    "precision": 18.1818,
    "recall": 0.3557,
    "f-score": 0.6978
  },
  "KL_res": {
    "KL divergence": 4.113995636173503,
    "Euclidean Dist.": 0.42244462635610336,
    "WER": 0.9874520738933427,
    "CER": 0.9584372793598493,
    "Cosine Dist.": 0.6938267970515575
  },
  "occ_eval_res": {
    "precision": 29.078,
    "recall": 1.4291,
    "f-score": 2.7243
  },
  "clean_eval": {
    "f-score": 0.663716814159292,
    "precision": 0.3499222395023328,
    "recall": 6.428571428571428,
    "tp": 9,
    "fp": 2563,
    "fn": 131
  },
  "jaccard": [
    0.9968383017163505
  ],
  "braycurtis": [
    0.976073187895848
  ],
  "dice": [
    0.9936965330932013
  ],
  "cosinus": [
    0.7746072704958005
  ]
}