{
  "voc_eval_res": {
    "precision": 83.6788,
    "recall": 40.527,
    "f-score": 54.6069
  },
  "KL_res": {
    "KL divergence": 0.9106584056113735,
    "Euclidean Dist.": 0.07759835793226408,
    "WER": 0.4262295081967213,
    "CER": 0.3073487119867833,
    "Cosine Dist.": 0.0356279818662637
  },
  "occ_eval_res": {
    "precision": 84.5328,
    "recall": 62.7166,
    "f-score": 72.0086
  },
  "clean_eval": {
    "f-score": 57.54904748365084,
    "precision": 50.24826216484608,
    "recall": 67.33200266134398,
    "tp": 1012,
    "fp": 1002,
    "fn": 491
  },
  "jaccard": [
    0.6009615384615384
  ],
  "braycurtis": [
    0.2696690179055887
  ],
  "dice": [
    0.42955326460481097
  ],
  "cosinus": [
    0.05770340122720552
  ]
}