{
  "voc_eval_res": {
    "precision": 6.383,
    "recall": 0.1243,
    "f-score": 0.2439
  },
  "KL_res": {
    "KL divergence": 4.018881337824282,
    "Euclidean Dist.": 0.6400689549807915,
    "WER": 0.9925750928113398,
    "CER": 0.90640856180446,
    "Cosine Dist.": 0.9420090475893754
  },
  "occ_eval_res": {
    "precision": 6.6092,
    "recall": 0.7762,
    "f-score": 1.3893
  },
  "clean_eval": {
    "f-score": 0.06317119393556538,
    "precision": 0.035486160397444996,
    "recall": 0.28735632183908044,
    "tp": 1,
    "fp": 2817,
    "fn": 347
  },
  "jaccard": [
    0.9079457364341085
  ],
  "braycurtis": [
    0.8951211164771647
  ],
  "dice": [
    0.831410825199645
  ],
  "cosinus": [
    0.7031567130861408
  ]
}