{
  "voc_eval_res": {
    "precision": 19.0012,
    "recall": 39.2865,
    "f-score": 25.614
  },
  "KL_res": {
    "KL divergence": 0.6613339702654853,
    "Euclidean Dist.": 0.053422784485470436,
    "WER": 0.6843733883445074,
    "CER": 0.23427415708166505,
    "Cosine Dist.": 0.1280812681006238
  },
  "occ_eval_res": {
    "precision": 45.1989,
    "recall": 50.3399,
    "f-score": 47.6311
  },
  "clean_eval": {
    "f-score": 36.25816806144675,
    "precision": 37.64879535282354,
    "recall": 34.966612125768364,
    "tp": 7907,
    "fp": 13095,
    "fn": 14706
  },
  "jaccard": [
    0.6841966405769062
  ],
  "braycurtis": [
    0.23161497014708024
  ],
  "dice": [
    0.5199839593637214
  ],
  "cosinus": [
    0.05174346418784814
  ]
}