{
  "voc_eval_res": {
    "precision": 35.443,
    "recall": 10.6061,
    "f-score": 16.3265
  },
  "KL_res": {
    "KL divergence": 4.464552434460641,
    "Euclidean Dist.": 0.30049472709298264,
    "WER": 0.8853932584269663,
    "CER": 0.6374901133667282,
    "Cosine Dist.": 0.5228245960069806
  },
  "occ_eval_res": {
    "precision": 25.5034,
    "recall": 17.0787,
    "f-score": 20.4576
  },
  "clean_eval": {
    "f-score": 2.0,
    "precision": 1.7241379310344827,
    "recall": 2.380952380952381,
    "tp": 7,
    "fp": 399,
    "fn": 287
  },
  "jaccard": [
    0.9067524115755627
  ],
  "braycurtis": [
    0.7831325301204819
  ],
  "dice": [
    0.8294117647058824
  ],
  "cosinus": [
    0.6632086177554812
  ]
}