{
  "voc_eval_res": {
    "precision": 80.0957,
    "recall": 93.5761,
    "f-score": 86.3127
  },
  "KL_res": {
    "KL divergence": 0.027738699404548397,
    "Euclidean Dist.": 0.007949840145874906,
    "WER": 0.08741949334478318,
    "CER": 0.042160147499058304,
    "Cosine Dist.": 0.0016544297629945692
  },
  "occ_eval_res": {
    "precision": 92.3489,
    "recall": 96.5758,
    "f-score": 94.4151
  },
  "clean_eval": {
    "f-score": 88.48126024211027,
    "precision": 90.37406591507926,
    "recall": 86.66611436737568,
    "tp": 41845,
    "fp": 4457,
    "fn": 6438
  },
  "jaccard": [
    0.24601126231816048
  ],
  "braycurtis": [
    0.05607108711546032
  ],
  "dice": [
    0.14025817671058793
  ],
  "cosinus": [
    0.00216689146477711
  ]
}