{
  "voc_eval_res": {
    "precision": 11.2382,
    "recall": 31.547,
    "f-score": 16.5726
  },
  "KL_res": {
    "KL divergence": 0.6702976506618191,
    "Euclidean Dist.": 0.06997588053771783,
    "WER": 0.9295909517959096,
    "CER": 0.3713707426018984,
    "Cosine Dist.": 0.23683591611984856
  },
  "occ_eval_res": {
    "precision": 35.6782,
    "recall": 45.9005,
    "f-score": 40.1489
  },
  "clean_eval": {
    "f-score": 26.606262865697712,
    "precision": 30.99407768048541,
    "recall": 23.30674025299855,
    "tp": 17061,
    "fp": 37985,
    "fn": 56141
  },
  "jaccard": [
    0.7837375465432223
  ],
  "braycurtis": [
    0.3163034493823659
  ],
  "dice": [
    0.6443819295052127
  ],
  "cosinus": [
    0.07361495874850355
  ]
}