{
  "voc_eval_res": {
    "precision": 5.792,
    "recall": 20.5054,
    "f-score": 9.0326
  },
  "KL_res": {
    "KL divergence": 0.9043335317795784,
    "Euclidean Dist.": 0.06395056150944468,
    "WER": 1.0356028482278583,
    "CER": 0.5741285813710706,
    "Cosine Dist.": 0.1533275323943274
  },
  "occ_eval_res": {
    "precision": 29.1291,
    "recall": 37.329,
    "f-score": 32.7232
  },
  "clean_eval": {
    "f-score": 10.310361061818709,
    "precision": 11.528649524195181,
    "recall": 9.324948413088336,
    "tp": 5694,
    "fp": 43696,
    "fn": 55368
  },
  "jaccard": [
    0.9391279526154286
  ],
  "braycurtis": [
    0.6297271376723019
  ],
  "dice": [
    0.885241490649805
  ],
  "cosinus": [
    0.10934098931773983
  ]
}