{
  "voc_eval_res": {
    "precision": 25.2632,
    "recall": 1.7155,
    "f-score": 3.2129
  },
  "KL_res": {
    "KL divergence": 4.296933125192615,
    "Euclidean Dist.": 0.24663937324557303,
    "WER": 0.9762979683972912,
    "CER": 0.8620012091898428,
    "Cosine Dist.": 0.815125166349595
  },
  "occ_eval_res": {
    "precision": 21.7054,
    "recall": 3.1603,
    "f-score": 5.5172
  },
  "clean_eval": {
    "f-score": 1.694915254237288,
    "precision": 0.9773976786805132,
    "recall": 6.374501992031872,
    "tp": 16,
    "fp": 1621,
    "fn": 235
  },
  "jaccard": [
    0.9831932773109243
  ],
  "braycurtis": [
    0.9453441295546559
  ],
  "dice": [
    0.9669421487603306
  ],
  "cosinus": [
    0.8901523048305164
  ]
}