{
  "voc_eval_res": {
    "precision": 19.8198,
    "recall": 2.2763,
    "f-score": 4.0835
  },
  "KL_res": {
    "KL divergence": 4.027819459701426,
    "Euclidean Dist.": 0.12005158152271717,
    "WER": 0.9791411042944785,
    "CER": 0.8712024437656206,
    "Cosine Dist.": 0.893120901281548
  },
  "occ_eval_res": {
    "precision": 15.285,
    "recall": 2.4131,
    "f-score": 4.1681
  },
  "clean_eval": {
    "f-score": 1.7470565894417016,
    "precision": 1.0213143872113677,
    "recall": 6.036745406824147,
    "tp": 23,
    "fp": 2229,
    "fn": 358
  },
  "jaccard": [
    0.7578589634664401
  ],
  "braycurtis": [
    0.7623047520173659
  ],
  "dice": [
    0.6101231190150479
  ],
  "cosinus": [
    0.266626204459423
  ]
}