{
  "voc_eval_res": {
    "precision": 43.0868,
    "recall": 26.07,
    "f-score": 32.4848
  },
  "KL_res": {
    "KL divergence": 1.3035399544606987,
    "Euclidean Dist.": 0.12085527743739148,
    "WER": 1.1758010118043845,
    "CER": 0.9785944843988901,
    "Cosine Dist.": 0.0860442980559396
  },
  "occ_eval_res": {
    "precision": 39.2566,
    "recall": 50.7589,
    "f-score": 44.2728
  },
  "clean_eval": {
    "f-score": 22.42219722534683,
    "precision": 25.75366063738157,
    "recall": 19.8539176626826,
    "tp": 598,
    "fp": 1724,
    "fn": 2414
  },
  "jaccard": [
    0.7713864306784661
  ],
  "braycurtis": [
    0.52839810093195
  ],
  "dice": [
    0.6278511404561825
  ],
  "cosinus": [
    0.06773666180291626
  ]
}