{
  "voc_eval_res": {
    "precision": 18.5941,
    "recall": 0.7724,
    "f-score": 1.4832
  },
  "KL_res": {
    "KL divergence": 3.1233748237676338,
    "Euclidean Dist.": 0.1768942380000249,
    "WER": 0.9880164346039717,
    "CER": 0.9065390801688453,
    "Cosine Dist.": 0.8298543305171626
  },
  "occ_eval_res": {
    "precision": 19.4527,
    "recall": 1.866,
    "f-score": 3.4054
  },
  "clean_eval": {
    "f-score": 0.22148394241417496,
    "precision": 0.12177301509985387,
    "recall": 1.2224938875305624,
    "tp": 20,
    "fp": 16404,
    "fn": 1616
  },
  "jaccard": [
    0.8308229644182493
  ],
  "braycurtis": [
    0.8344622620413051
  ],
  "dice": [
    0.7106049290515309
  ],
  "cosinus": [
    0.26333654787774263
  ]
}