{
  "voc_eval_res": {
    "precision": 22.3881,
    "recall": 0.595,
    "f-score": 1.1592
  },
  "KL_res": {
    "KL divergence": 4.848731205156996,
    "Euclidean Dist.": 0.2848659715618729,
    "WER": 0.9947009841029523,
    "CER": 0.9555455031459473,
    "Cosine Dist.": 0.9556531272697802
  },
  "occ_eval_res": {
    "precision": 24.8447,
    "recall": 0.757,
    "f-score": 1.4692
  },
  "clean_eval": {
    "f-score": 0.15757337010045305,
    "precision": 0.08111944838775097,
    "recall": 2.73972602739726,
    "tp": 4,
    "fp": 4927,
    "fn": 142
  },
  "jaccard": [
    0.9947559499798305
  ],
  "braycurtis": [
    0.984635761589404
  ],
  "dice": [
    0.9895666131621188
  ],
  "cosinus": [
    0.9425299681190544
  ]
}