{
  "voc_eval_res": {
    "precision": 48.4962,
    "recall": 40.9524,
    "f-score": 44.4062
  },
  "KL_res": {
    "KL divergence": 0.9401340325033917,
    "Euclidean Dist.": 0.053136305904775284,
    "WER": 0.662873399715505,
    "CER": 0.5430116075687709,
    "Cosine Dist.": 0.03184181273260589
  },
  "occ_eval_res": {
    "precision": 70.4688,
    "recall": 64.1536,
    "f-score": 67.1631
  },
  "clean_eval": {
    "f-score": 27.193675889328063,
    "precision": 26.021180030257185,
    "recall": 28.47682119205298,
    "tp": 172,
    "fp": 489,
    "fn": 432
  },
  "jaccard": [
    0.3605509099852435
  ],
  "braycurtis": [
    0.12775225724695075
  ],
  "dice": [
    0.21992199219921993
  ],
  "cosinus": [
    0.011619265227284736
  ]
}