{
  "voc_eval_res": {
    "precision": 74.8428,
    "recall": 33.6158,
    "f-score": 46.3938
  },
  "KL_res": {
    "KL divergence": 1.0950739298798546,
    "Euclidean Dist.": 0.1456427690821321,
    "WER": 0.5261437908496732,
    "CER": 0.39780684370458447,
    "Cosine Dist.": 0.041883689900759635
  },
  "occ_eval_res": {
    "precision": 73.7401,
    "recall": 60.5664,
    "f-score": 66.5072
  },
  "clean_eval": {
    "f-score": 30.806257521058967,
    "precision": 28.07017543859649,
    "recall": 34.13333333333333,
    "tp": 256,
    "fp": 656,
    "fn": 494
  },
  "jaccard": [
    0.4797830374753452
  ],
  "braycurtis": [
    0.16695340995113894
  ],
  "dice": [
    0.31560168666882904
  ],
  "cosinus": [
    0.03392921501065482
  ]
}