{
  "voc_eval_res": {
    "precision": 69.4737,
    "recall": 50.0,
    "f-score": 58.1498
  },
  "KL_res": {
    "KL divergence": 3.984002961709319,
    "Euclidean Dist.": 0.42917522606480973,
    "WER": 0.6692708333333334,
    "CER": 0.697294880393472,
    "Cosine Dist.": 0.7635135330730506
  },
  "occ_eval_res": {
    "precision": 75.8427,
    "recall": 35.1562,
    "f-score": 48.0427
  },
  "clean_eval": {
    "f-score": 41.681901279707496,
    "precision": 30.07915567282322,
    "recall": 67.85714285714286,
    "tp": 114,
    "fp": 265,
    "fn": 54
  },
  "jaccard": [
    0.41505042668735453
  ],
  "braycurtis": [
    0.5512003919647231
  ],
  "dice": [
    0.26186979931473325
  ],
  "cosinus": [
    0.5024411619199055
  ]
}