{
  "voc_eval_res": {
    "precision": 6.2137,
    "recall": 21.4271,
    "f-score": 9.6337
  },
  "KL_res": {
    "KL divergence": 0.9551344525289306,
    "Euclidean Dist.": 0.07973577105608795,
    "WER": 1.2238648726023476,
    "CER": 0.8371021003766237,
    "Cosine Dist.": 0.25095879847113944
  },
  "occ_eval_res": {
    "precision": 29.919,
    "recall": 38.6808,
    "f-score": 33.7404
  },
  "clean_eval": {
    "f-score": 7.674357038504152,
    "precision": 9.026015960145763,
    "recall": 6.674796609302246,
    "tp": 7827,
    "fp": 78889,
    "fn": 109435
  },
  "jaccard": [
    0.941123047381805
  ],
  "braycurtis": [
    0.6368814405698076
  ],
  "dice": [
    0.8887935893351631
  ],
  "cosinus": [
    0.1452719325337638
  ]
}