{
  "voc_eval_res": {
    "precision": 85.2113,
    "recall": 39.0323,
    "f-score": 53.5398
  },
  "KL_res": {
    "KL divergence": 1.4797111027325718,
    "Euclidean Dist.": 0.11343613112456466,
    "WER": 0.6415929203539823,
    "CER": 0.5677442789683981,
    "Cosine Dist.": 0.11469441052678164
  },
  "occ_eval_res": {
    "precision": 90.3226,
    "recall": 41.2979,
    "f-score": 56.6802
  },
  "clean_eval": {
    "f-score": 47.42268041237113,
    "precision": 34.69079939668175,
    "recall": 74.9185667752443,
    "tp": 230,
    "fp": 433,
    "fn": 77
  },
  "jaccard": [
    0.2708333333333333
  ],
  "braycurtis": [
    0.33172438759502837
  ],
  "dice": [
    0.1566265060240964
  ],
  "cosinus": [
    0.005895535131626994
  ]
}