{
  "voc_eval_res": {
    "precision": 3.0612,
    "recall": 4.4444,
    "f-score": 3.6254
  },
  "KL_res": {
    "KL divergence": 5.626045621429679,
    "Euclidean Dist.": 0.15354508092207192,
    "WER": 3.007142857142857,
    "CER": 2.630653266331658,
    "Cosine Dist.": 0.758090332558535
  },
  "occ_eval_res": {
    "precision": 2.5581,
    "recall": 7.8571,
    "f-score": 3.8596
  },
  "clean_eval": {
    "f-score": 1.1009174311926606,
    "precision": 2.2058823529411766,
    "recall": 0.7334963325183375,
    "tp": 3,
    "fp": 133,
    "fn": 406
  },
  "jaccard": [
    0.9876160990712074
  ],
  "braycurtis": [
    0.9680851063829787
  ],
  "dice": [
    0.9755351681957186
  ],
  "cosinus": [
    0.8634859297230186
  ]
}