{
  "voc_eval_res": {
    "precision": 6.5359,
    "recall": 1.1848,
    "f-score": 2.006
  },
  "KL_res": {
    "KL divergence": 4.689789729734536,
    "Euclidean Dist.": 0.16870338707023355,
    "WER": 0.9863481228668942,
    "CER": 0.8411967779056386,
    "Cosine Dist.": 0.8563423134304509
  },
  "occ_eval_res": {
    "precision": 3.268,
    "recall": 1.7065,
    "f-score": 2.2422
  },
  "clean_eval": {
    "f-score": 0.6451612903225806,
    "precision": 0.5082592121982211,
    "recall": 0.8830022075055187,
    "tp": 4,
    "fp": 783,
    "fn": 449
  },
  "jaccard": [
    0.987434554973822
  ],
  "braycurtis": [
    0.9729119638826185
  ],
  "dice": [
    0.9751809720785936
  ],
  "cosinus": [
    0.904074523402841
  ]
}