{
  "voc_eval_res": {
    "precision": 71.4286,
    "recall": 10.0,
    "f-score": 17.5439
  },
  "KL_res": {
    "KL divergence": 4.3319637957383135,
    "Euclidean Dist.": 0.29168028590298817,
    "WER": 0.9010067114093959,
    "CER": 0.8578066914498141,
    "Cosine Dist.": 0.4839439342888454
  },
  "occ_eval_res": {
    "precision": 77.7778,
    "recall": 11.745,
    "f-score": 20.4082
  },
  "clean_eval": {
    "f-score": 18.072289156626507,
    "precision": 10.416666666666668,
    "recall": 68.18181818181817,
    "tp": 60,
    "fp": 516,
    "fn": 28
  },
  "jaccard": [
    0.7759963353183692
  ],
  "braycurtis": [
    0.730807183737912
  ],
  "dice": [
    0.6339820359281437
  ],
  "cosinus": [
    0.29682431035630163
  ]
}