{
  "voc_eval_res": {
    "precision": 33.5404,
    "recall": 1.3706,
    "f-score": 2.6335
  },
  "KL_res": {
    "KL divergence": 4.083403180058545,
    "Euclidean Dist.": 0.3315481293470619,
    "WER": 0.9814691374483402,
    "CER": 0.9112205211213776,
    "Cosine Dist.": 0.9624870386385252
  },
  "occ_eval_res": {
    "precision": 27.9661,
    "recall": 2.1997,
    "f-score": 4.0786
  },
  "clean_eval": {
    "f-score": 1.096892138939671,
    "precision": 0.5937234944868532,
    "recall": 7.191780821917808,
    "tp": 42,
    "fp": 7032,
    "fn": 542
  },
  "jaccard": [
    0.44642857142857145
  ],
  "braycurtis": [
    0.8043082584955097
  ],
  "dice": [
    0.28735632183908044
  ],
  "cosinus": [
    0.051119731064738105
  ]
}