{
    "Precision": 0.7040998217468806,
    "Recall": 0.8681318681318682,
    "F-score": 0.7775590551181102,
    "Total Tokens": 6500,
    "Tokens VP": 395,
    "Tokens FN": 60,
    "Tokens FP": 166,
    "Tokens FP (NA)": {
        "PER": 27,
        "LOC": 10,
        "MISC": 68,
        "ORG": 2
    },
    "Tokens FP (Label Error)": {
        "LOC": 5,
        "PER": 31,
        "MISC": 23
    }
}