{
  "voc_eval_res": {
    "precision": 81.4286,
    "recall": 10.775,
    "f-score": 19.0317
  },
  "KL_res": {
    "KL divergence": 3.5633064792313167,
    "Euclidean Dist.": 0.2607317308924022,
    "WER": 0.8270401948842875,
    "CER": 0.7429814155792803,
    "Cosine Dist.": 0.2679307171018517
  },
  "occ_eval_res": {
    "precision": 86.1272,
    "recall": 18.1486,
    "f-score": 29.9799
  },
  "clean_eval": {
    "f-score": 27.57894736842105,
    "precision": 16.666666666666664,
    "recall": 79.8780487804878,
    "tp": 131,
    "fp": 655,
    "fn": 33
  },
  "jaccard": [
    0.5555555555555556
  ],
  "braycurtis": [
    0.5639810426540285
  ],
  "dice": [
    0.38461538461538464
  ],
  "cosinus": [
    0.03755054472389485
  ]
}