{
  "voc_eval_res": {
    "precision": 86.2559,
    "recall": 36.6935,
    "f-score": 51.4851
  },
  "KL_res": {
    "KL divergence": 1.8424347660812765,
    "Euclidean Dist.": 0.2272333462332418,
    "WER": 0.7260812581913499,
    "CER": 0.6169886261057953,
    "Cosine Dist.": 0.35318595709179446
  },
  "occ_eval_res": {
    "precision": 90.2703,
    "recall": 32.8309,
    "f-score": 48.1499
  },
  "clean_eval": {
    "f-score": 33.268671193016495,
    "precision": 22.70019854401059,
    "recall": 62.25045372050817,
    "tp": 343,
    "fp": 1168,
    "fn": 208
  },
  "jaccard": [
    0.6186770428015564
  ],
  "braycurtis": [
    0.40816326530612246
  ],
  "dice": [
    0.447887323943662
  ],
  "cosinus": [
    0.0800846695484928
  ]
}