{
  "voc_eval_res": {
    "precision": 21.9949,
    "recall": 7.6106,
    "f-score": 11.3083
  },
  "KL_res": {
    "KL divergence": 3.3369562188236888,
    "Euclidean Dist.": 0.13084775235415474,
    "WER": 0.9290399522957663,
    "CER": 0.7754356960804574,
    "Cosine Dist.": 0.3979565878292721
  },
  "occ_eval_res": {
    "precision": 20.6456,
    "recall": 16.3983,
    "f-score": 18.2785
  },
  "clean_eval": {
    "f-score": 5.272285813388831,
    "precision": 4.791929382093317,
    "recall": 5.859676175790286,
    "tp": 76,
    "fp": 1510,
    "fn": 1221
  },
  "jaccard": [
    0.6419085095917364
  ],
  "braycurtis": [
    0.34747510668563303
  ],
  "dice": [
    0.472654835204636
  ],
  "cosinus": [
    0.11305092622993651
  ]
}