{
  "voc_eval_res": {
    "precision": 42.0826,
    "recall": 93.4835,
    "f-score": 58.0386
  },
  "KL_res": {
    "KL divergence": 0.1295182618170382,
    "Euclidean Dist.": 0.02210728592533963,
    "WER": 1.6550157401096939,
    "CER": 1.572063707135901,
    "Cosine Dist.": 0.014230693134042016
  },
  "occ_eval_res": {
    "precision": 37.8399,
    "recall": 97.9457,
    "f-score": 54.5899
  },
  "clean_eval": {
    "f-score": 46.48733541518289,
    "precision": 84.89861259338313,
    "recall": 32.00643749842835,
    "tp": 25456,
    "fp": 4528,
    "fn": 54078
  },
  "jaccard": [
    0.6641147709727226
  ],
  "braycurtis": [
    0.4604411321284085
  ],
  "dice": [
    0.4971346014928967
  ],
  "cosinus": [
    0.015102659030365562
  ]
}