{
  "voc_eval_res": {
    "precision": 76.7442,
    "recall": 25.0,
    "f-score": 37.7143
  },
  "KL_res": {
    "KL divergence": 2.09590950926193,
    "Euclidean Dist.": 0.17903792084254705,
    "WER": 0.6261261261261262,
    "CER": 0.505853855470327,
    "Cosine Dist.": 0.059417860933509536
  },
  "occ_eval_res": {
    "precision": 80.1802,
    "recall": 40.0901,
    "f-score": 53.4535
  },
  "clean_eval": {
    "f-score": 33.29907502569373,
    "precision": 25.0386398763524,
    "recall": 49.693251533742334,
    "tp": 162,
    "fp": 485,
    "fn": 164
  },
  "jaccard": [
    0.7494145199063232
  ],
  "braycurtis": [
    0.42748091603053434
  ],
  "dice": [
    0.599250936329588
  ],
  "cosinus": [
    0.07510832111589427
  ]
}