{
  "voc_eval_res": {
    "precision": 74.0,
    "recall": 43.2749,
    "f-score": 54.6125
  },
  "KL_res": {
    "KL divergence": 2.0982200654922507,
    "Euclidean Dist.": 0.23449306564854114,
    "WER": 0.5571095571095571,
    "CER": 0.43507080445917445,
    "Cosine Dist.": 0.2248646632667961
  },
  "occ_eval_res": {
    "precision": 80.0766,
    "recall": 48.7179,
    "f-score": 60.5797
  },
  "clean_eval": {
    "f-score": 36.450079239302696,
    "precision": 28.967254408060455,
    "recall": 49.14529914529914,
    "tp": 115,
    "fp": 282,
    "fn": 119
  },
  "jaccard": [
    0.6064814814814815
  ],
  "braycurtis": [
    0.36400541271989173
  ],
  "dice": [
    0.43521594684385384
  ],
  "cosinus": [
    0.25969683629258844
  ]
}