{
  "voc_eval_res": {
    "precision": 16.8508,
    "recall": 1.4663,
    "f-score": 2.6979
  },
  "KL_res": {
    "KL divergence": 3.6860356584820906,
    "Euclidean Dist.": 0.28202561044972313,
    "WER": 0.9840073812086729,
    "CER": 0.8622047244094488,
    "Cosine Dist.": 0.8752056020412313
  },
  "occ_eval_res": {
    "precision": 13.327,
    "recall": 2.1682,
    "f-score": 3.7297
  },
  "clean_eval": {
    "f-score": 0.7548265350558863,
    "precision": 0.44376173408431474,
    "recall": 2.524271844660194,
    "tp": 26,
    "fp": 5833,
    "fn": 1004
  },
  "jaccard": [
    0.7526182737450343
  ],
  "braycurtis": [
    0.7640539582439315
  ],
  "dice": [
    0.603358425014476
  ],
  "cosinus": [
    0.3830137522565641
  ]
}