{
  "voc_eval_res": {
    "precision": 6.4516,
    "recall": 2.3697,
    "f-score": 3.4662
  },
  "KL_res": {
    "KL divergence": 5.238071689022582,
    "Euclidean Dist.": 0.28045899688470266,
    "WER": 0.977728285077951,
    "CER": 0.7099132023755139,
    "Cosine Dist.": 0.8284906471255822
  },
  "occ_eval_res": {
    "precision": 5.6225,
    "recall": 3.118,
    "f-score": 4.0115
  },
  "clean_eval": {
    "f-score": 0.8915304606240713,
    "precision": 0.6960556844547563,
    "recall": 1.2396694214876034,
    "tp": 3,
    "fp": 428,
    "fn": 239
  },
  "jaccard": [
    0.6913063691306369
  ],
  "braycurtis": [
    0.4990583804143126
  ],
  "dice": [
    0.5282415630550622
  ],
  "cosinus": [
    0.19980752351849762
  ]
}