{
  "voc_eval_res": {
    "precision": 8.7591,
    "recall": 0.3571,
    "f-score": 0.6863
  },
  "KL_res": {
    "KL divergence": 3.7617796050507746,
    "Euclidean Dist.": 0.14990973779377212,
    "WER": 0.9954880075991451,
    "CER": 0.9434652082156764,
    "Cosine Dist.": 0.9160357314151598
  },
  "occ_eval_res": {
    "precision": 9.7561,
    "recall": 0.5699,
    "f-score": 1.077
  },
  "clean_eval": {
    "f-score": 0.09694619486185167,
    "precision": 0.051546391752577324,
    "recall": 0.8130081300813009,
    "tp": 2,
    "fp": 3878,
    "fn": 244
  },
  "jaccard": [
    0.8355085974725502
  ],
  "braycurtis": [
    0.8996440687392248
  ],
  "dice": [
    0.7174879914605942
  ],
  "cosinus": [
    0.26783550994418115
  ]
}