{
  "voc_eval_res": {
    "precision": 10.4575,
    "recall": 0.4031,
    "f-score": 0.7763
  },
  "KL_res": {
    "KL divergence": 3.6288378563256534,
    "Euclidean Dist.": 0.15378839020743873,
    "WER": 0.9956297179181566,
    "CER": 0.9513970475558052,
    "Cosine Dist.": 0.9200493299120136
  },
  "occ_eval_res": {
    "precision": 12.2951,
    "recall": 0.5959,
    "f-score": 1.1368
  },
  "clean_eval": {
    "f-score": 0.08131734092295181,
    "precision": 0.0427715996578272,
    "recall": 0.823045267489712,
    "tp": 2,
    "fp": 4674,
    "fn": 241
  },
  "jaccard": [
    0.8314868804664723
  ],
  "braycurtis": [
    0.9147402675665903
  ],
  "dice": [
    0.7115768463073853
  ],
  "cosinus": [
    0.2647640158981375
  ]
}