{
  "voc_eval_res": {
    "precision": 5.618,
    "recall": 0.3175,
    "f-score": 0.601
  },
  "KL_res": {
    "KL divergence": 4.574027007370802,
    "Euclidean Dist.": 0.2943853971523551,
    "WER": 0.9892525647288715,
    "CER": 0.9228340751475003,
    "Cosine Dist.": 0.8569167360327317
  },
  "occ_eval_res": {
    "precision": 10.084,
    "recall": 1.1724,
    "f-score": 2.1007
  },
  "clean_eval": {
    "f-score": 0.19166267369429807,
    "precision": 0.10799136069114472,
    "recall": 0.851063829787234,
    "tp": 2,
    "fp": 1850,
    "fn": 233
  },
  "jaccard": [
    0.4807692307692308
  ],
  "braycurtis": [
    0.8394889013243798
  ],
  "dice": [
    0.31645569620253167
  ],
  "cosinus": [
    0.05389188363479214
  ]
}