{
  "voc_eval_res": {
    "precision": 12.6582,
    "recall": 0.8292,
    "f-score": 1.5564
  },
  "KL_res": {
    "KL divergence": 4.484046716073457,
    "Euclidean Dist.": 0.21396694902409785,
    "WER": 0.9885550786838341,
    "CER": 0.9131135793622358,
    "Cosine Dist.": 0.8293741883087926
  },
  "occ_eval_res": {
    "precision": 12.2093,
    "recall": 1.5021,
    "f-score": 2.6752
  },
  "clean_eval": {
    "f-score": 0.8026755852842808,
    "precision": 0.44576523031203563,
    "recall": 4.026845637583892,
    "tp": 6,
    "fp": 1340,
    "fn": 143
  },
  "jaccard": [
    0.9934372436423298
  ],
  "braycurtis": [
    0.986130374479889
  ],
  "dice": [
    0.986960065199674
  ],
  "cosinus": [
    0.9835956662478489
  ]
}