{
  "voc_eval_res": {
    "precision": 3.6697,
    "recall": 2.963,
    "f-score": 3.2787
  },
  "KL_res": {
    "KL divergence": 6.224493465339243,
    "Euclidean Dist.": 0.1528354610674542,
    "WER": 1.1323529411764706,
    "CER": 0.9201995012468828,
    "Cosine Dist.": 0.9666405944426311
  },
  "occ_eval_res": {
    "precision": 2.5478,
    "recall": 2.9412,
    "f-score": 2.7304
  },
  "clean_eval": {
    "f-score": 2.135231316725979,
    "precision": 2.2556390977443606,
    "recall": 2.027027027027027,
    "tp": 3,
    "fp": 130,
    "fn": 145
  },
  "jaccard": [
    0.9836065573770492
  ],
  "braycurtis": [
    0.9746031746031746
  ],
  "dice": [
    0.967741935483871
  ],
  "cosinus": [
    0.9851021883743558
  ]
}