{
  "voc_eval_res": {
    "precision": 9.0,
    "recall": 0.5545,
    "f-score": 1.0447
  },
  "KL_res": {
    "KL divergence": 4.263281067881479,
    "Euclidean Dist.": 0.18149122098472384,
    "WER": 0.9961873638344226,
    "CER": 0.897624313333809,
    "Cosine Dist.": 0.9811053334344658
  },
  "occ_eval_res": {
    "precision": 4.6083,
    "recall": 0.5447,
    "f-score": 0.9742
  },
  "clean_eval": {
    "f-score": 0.5235602094240838,
    "precision": 0.29222676797194624,
    "recall": 2.512562814070352,
    "tp": 5,
    "fp": 1706,
    "fn": 194
  },
  "jaccard": [
    0.992818671454219
  ],
  "braycurtis": [
    0.9853085210577864
  ],
  "dice": [
    0.9857397504456328
  ],
  "cosinus": [
    0.9837757567166303
  ]
}