{
  "voc_eval_res": {
    "precision": 8.2569,
    "recall": 0.6598,
    "f-score": 1.222
  },
  "KL_res": {
    "KL divergence": 4.430382647459844,
    "Euclidean Dist.": 0.21717474485386623,
    "WER": 0.994750656167979,
    "CER": 0.8765614727153189,
    "Cosine Dist.": 0.9681970042506337
  },
  "occ_eval_res": {
    "precision": 4.065,
    "recall": 0.6562,
    "f-score": 1.1299
  },
  "clean_eval": {
    "f-score": 0.4898958971218616,
    "precision": 0.28328611898017,
    "recall": 1.809954751131222,
    "tp": 4,
    "fp": 1408,
    "fn": 217
  },
  "jaccard": [
    0.9938144329896907
  ],
  "braycurtis": [
    0.9865244244806288
  ],
  "dice": [
    0.9877049180327869
  ],
  "cosinus": [
    0.9802702579148945
  ]
}