{
  "voc_eval_res": {
    "precision": 17.4603,
    "recall": 1.2749,
    "f-score": 2.3762
  },
  "KL_res": {
    "KL divergence": 3.2724295394568923,
    "Euclidean Dist.": 0.15964706076634463,
    "WER": 0.9810286677908938,
    "CER": 0.8691535260203886,
    "Cosine Dist.": 0.760664766209642
  },
  "occ_eval_res": {
    "precision": 16.0,
    "recall": 2.3047,
    "f-score": 4.029
  },
  "clean_eval": {
    "f-score": 0.300998768641401,
    "precision": 0.17440938639606784,
    "recall": 1.097804391217565,
    "tp": 11,
    "fp": 6296,
    "fn": 991
  },
  "jaccard": [
    0.4915254237288136
  ],
  "braycurtis": [
    0.7078034682080925
  ],
  "dice": [
    0.3258426966292135
  ],
  "cosinus": [
    0.056625986544541096
  ]
}