{
  "voc_eval_res": {
    "precision": 19.5592,
    "recall": 1.8085,
    "f-score": 3.3108
  },
  "KL_res": {
    "KL divergence": 3.156216170679958,
    "Euclidean Dist.": 0.1845711251592325,
    "WER": 0.9665483087273407,
    "CER": 0.8356503475521329,
    "Cosine Dist.": 0.5634004889262763
  },
  "occ_eval_res": {
    "precision": 22.8625,
    "recall": 4.5973,
    "f-score": 7.6552
  },
  "clean_eval": {
    "f-score": 1.043875387375632,
    "precision": 0.6178798995945163,
    "recall": 3.361344537815126,
    "tp": 32,
    "fp": 5147,
    "fn": 920
  },
  "jaccard": [
    0.4426229508196721
  ],
  "braycurtis": [
    0.6441147701336811
  ],
  "dice": [
    0.28421052631578947
  ],
  "cosinus": [
    0.04906454729670251
  ]
}