{
  "voc_eval_res": {
    "precision": 15.8965,
    "recall": 1.7562,
    "f-score": 3.1629
  },
  "KL_res": {
    "KL divergence": 3.3337649453269806,
    "Euclidean Dist.": 0.13319695292615638,
    "WER": 0.977291841883936,
    "CER": 0.8245493190584902,
    "Cosine Dist.": 0.7561099542609229
  },
  "occ_eval_res": {
    "precision": 14.1844,
    "recall": 3.0838,
    "f-score": 5.0662
  },
  "clean_eval": {
    "f-score": 0.2520478890989288,
    "precision": 0.15634771732332708,
    "recall": 0.649772579597141,
    "tp": 10,
    "fp": 6386,
    "fn": 1529
  },
  "jaccard": [
    0.5161290322580645
  ],
  "braycurtis": [
    0.6005423060331546
  ],
  "dice": [
    0.34782608695652173
  ],
  "cosinus": [
    0.04606084445019121
  ]
}