{
  "voc_eval_res": {
    "precision": 29.1139,
    "recall": 3.0065,
    "f-score": 5.4502
  },
  "KL_res": {
    "KL divergence": 4.211680286545224,
    "Euclidean Dist.": 0.32728626334497046,
    "WER": 0.9552301255230126,
    "CER": 0.8192221110555278,
    "Cosine Dist.": 0.6516094011551617
  },
  "occ_eval_res": {
    "precision": 27.7405,
    "recall": 5.1883,
    "f-score": 8.7416
  },
  "clean_eval": {
    "f-score": 2.9657794676806084,
    "precision": 1.7832647462277091,
    "recall": 8.803611738148984,
    "tp": 39,
    "fp": 2148,
    "fn": 404
  },
  "jaccard": [
    0.49122807017543857
  ],
  "braycurtis": [
    0.6280740260388088
  ],
  "dice": [
    0.32558139534883723
  ],
  "cosinus": [
    0.0452414940911936
  ]
}