{
  "voc_eval_res": {
    "precision": 30.7692,
    "recall": 7.6046,
    "f-score": 12.1951
  },
  "KL_res": {
    "KL divergence": 4.498839660657122,
    "Euclidean Dist.": 0.16589186467798986,
    "WER": 0.9315960912052117,
    "CER": 0.772972972972973,
    "Cosine Dist.": 0.5504247594106053
  },
  "occ_eval_res": {
    "precision": 32.6531,
    "recall": 10.4235,
    "f-score": 15.8025
  },
  "clean_eval": {
    "f-score": 5.128205128205129,
    "precision": 3.3783783783783785,
    "recall": 10.638297872340425,
    "tp": 10,
    "fp": 286,
    "fn": 84
  },
  "jaccard": [
    0.2777777777777778
  ],
  "braycurtis": [
    0.5317955112219451
  ],
  "dice": [
    0.16129032258064516
  ],
  "cosinus": [
    0.03742644336677392
  ]
}