{
  "voc_eval_res": {
    "precision": 26.7943,
    "recall": 3.0922,
    "f-score": 5.5446
  },
  "KL_res": {
    "KL divergence": 3.9799162850320915,
    "Euclidean Dist.": 0.21244521998742205,
    "WER": 0.9743303571428571,
    "CER": 0.8251011696878985,
    "Cosine Dist.": 0.9388374151521862
  },
  "occ_eval_res": {
    "precision": 18.2342,
    "recall": 3.5342,
    "f-score": 5.9208
  },
  "clean_eval": {
    "f-score": 2.2864828513786146,
    "precision": 1.37875101378751,
    "recall": 6.692913385826772,
    "tp": 34,
    "fp": 2432,
    "fn": 474
  },
  "jaccard": [
    0.4642857142857143
  ],
  "braycurtis": [
    0.6120007038535985
  ],
  "dice": [
    0.3023255813953488
  ],
  "cosinus": [
    0.031359432751346006
  ]
}