{
  "voc_eval_res": {
    "precision": 46.1153,
    "recall": 27.0987,
    "f-score": 34.1373
  },
  "KL_res": {
    "KL divergence": 2.017720685072699,
    "Euclidean Dist.": 0.24489977429821413,
    "WER": 1.3866559485530547,
    "CER": 1.3018027141989061,
    "Cosine Dist.": 0.474419806117648
  },
  "occ_eval_res": {
    "precision": 29.7619,
    "recall": 44.2122,
    "f-score": 35.5757
  },
  "clean_eval": {
    "f-score": 23.37228714524207,
    "precision": 28.92561983471074,
    "recall": 19.607843137254903,
    "tp": 350,
    "fp": 860,
    "fn": 1435
  },
  "jaccard": [
    0.5276158756591729
  ],
  "braycurtis": [
    0.4289679351398729
  ],
  "dice": [
    0.3583411875589067
  ],
  "cosinus": [
    0.21614095751452977
  ]
}