{
  "voc_eval_res": {
    "precision": 11.1111,
    "recall": 0.527,
    "f-score": 1.0063
  },
  "KL_res": {
    "KL divergence": 5.07869767326139,
    "Euclidean Dist.": 0.23655514252556156,
    "WER": 0.997179125528914,
    "CER": 0.903545481937795,
    "Cosine Dist.": 0.9965337406502458
  },
  "occ_eval_res": {
    "precision": 5.0,
    "recall": 0.3526,
    "f-score": 0.6588
  },
  "clean_eval": {
    "f-score": 0.24479804161566704,
    "precision": 0.13145539906103285,
    "recall": 1.7766497461928936,
    "tp": 7,
    "fp": 5318,
    "fn": 387
  },
  "jaccard": [
    0.49122807017543857
  ],
  "braycurtis": [
    0.7774177683918188
  ],
  "dice": [
    0.32558139534883723
  ],
  "cosinus": [
    0.10741002311928305
  ]
}