{
  "voc_eval_res": {
    "precision": 11.9497,
    "recall": 0.4541,
    "f-score": 0.875
  },
  "KL_res": {
    "KL divergence": 4.421038599119327,
    "Euclidean Dist.": 0.2295062352155851,
    "WER": 0.9976971010566242,
    "CER": 0.9158344170981277,
    "Cosine Dist.": 0.9945987104694026
  },
  "occ_eval_res": {
    "precision": 4.5455,
    "recall": 0.3522,
    "f-score": 0.6538
  },
  "clean_eval": {
    "f-score": 0.11552346570397112,
    "precision": 0.06290297216543482,
    "recall": 0.7067137809187279,
    "tp": 4,
    "fp": 6355,
    "fn": 562
  },
  "jaccard": [
    0.5
  ],
  "braycurtis": [
    0.798050403183359
  ],
  "dice": [
    0.3333333333333333
  ],
  "cosinus": [
    0.10605257868598439
  ]
}