{
  "voc_eval_res": {
    "precision": 18.5279,
    "recall": 1.0584,
    "f-score": 2.0025
  },
  "KL_res": {
    "KL divergence": 3.1134942223365654,
    "Euclidean Dist.": 0.23881658553447355,
    "WER": 0.9797989468645285,
    "CER": 0.8563922942206655,
    "Cosine Dist.": 0.7764352945033001
  },
  "occ_eval_res": {
    "precision": 17.0718,
    "recall": 2.8243,
    "f-score": 4.8468
  },
  "clean_eval": {
    "f-score": 0.5722708748807769,
    "precision": 0.3313253012048193,
    "recall": 2.097902097902098,
    "tp": 33,
    "fp": 9927,
    "fn": 1540
  },
  "jaccard": [
    0.45614035087719296
  ],
  "braycurtis": [
    0.6867937654992875
  ],
  "dice": [
    0.29545454545454547
  ],
  "cosinus": [
    0.054561553371355265
  ]
}