{
  "voc_eval_res": {
    "precision": 22.905,
    "recall": 3.6315,
    "f-score": 6.2691
  },
  "KL_res": {
    "KL divergence": 3.6122336372500374,
    "Euclidean Dist.": 0.17457197352281809,
    "WER": 0.9558929862617498,
    "CER": 0.7973552850512304,
    "Cosine Dist.": 0.30198859611258455
  },
  "occ_eval_res": {
    "precision": 31.7829,
    "recall": 8.8937,
    "f-score": 13.8983
  },
  "clean_eval": {
    "f-score": 2.3378141437755695,
    "precision": 1.4903129657228018,
    "recall": 5.420054200542006,
    "tp": 20,
    "fp": 1322,
    "fn": 349
  },
  "jaccard": [
    0.9646869983948636
  ],
  "braycurtis": [
    0.8575466365178067
  ],
  "dice": [
    0.931782945736434
  ],
  "cosinus": [
    0.39653696863883714
  ]
}