{
  "voc_eval_res": {
    "precision": 22.963,
    "recall": 2.2545,
    "f-score": 4.106
  },
  "KL_res": {
    "KL divergence": 3.712640201201596,
    "Euclidean Dist.": 0.18862382975426867,
    "WER": 0.9600704638872578,
    "CER": 0.8467863608931805,
    "Cosine Dist.": 0.2945545483701443
  },
  "occ_eval_res": {
    "precision": 33.5548,
    "recall": 5.9307,
    "f-score": 10.0798
  },
  "clean_eval": {
    "f-score": 0.20822488287350338,
    "precision": 0.12113870381586916,
    "recall": 0.7407407407407408,
    "tp": 2,
    "fp": 1649,
    "fn": 268
  },
  "jaccard": [
    0.974500344589938
  ],
  "braycurtis": [
    0.9078051335777895
  ],
  "dice": [
    0.9502688172043011
  ],
  "cosinus": [
    0.4736458392926478
  ]
}