{
  "voc_eval_res": {
    "precision": 33.4192,
    "recall": 69.1351,
    "f-score": 45.0579
  },
  "KL_res": {
    "KL divergence": 0.11643214664791515,
    "Euclidean Dist.": 0.035813185155957494,
    "WER": 0.46455820019563093,
    "CER": 0.22104908327263145,
    "Cosine Dist.": 0.023728931112079965
  },
  "occ_eval_res": {
    "precision": 69.474,
    "recall": 70.8814,
    "f-score": 70.1706
  },
  "clean_eval": {
    "f-score": 51.648002105932825,
    "precision": 52.69707686109495,
    "recall": 50.639881272449614,
    "tp": 47088,
    "fp": 42268,
    "fn": 45898
  },
  "jaccard": [
    0.7376319946786397
  ],
  "braycurtis": [
    0.14004528242745157
  ],
  "dice": [
    0.5843240573028158
  ],
  "cosinus": [
    0.01719302385862065
  ]
}