{
  "voc_eval_res": {
    "precision": 29.7297,
    "recall": 0.3895,
    "f-score": 0.769
  },
  "KL_res": {
    "KL divergence": 4.515250931705555,
    "Euclidean Dist.": 0.4280323884526067,
    "WER": 0.9914933837429112,
    "CER": 0.9452316276338008,
    "Cosine Dist.": 0.9183729540284943
  },
  "occ_eval_res": {
    "precision": 19.0244,
    "recall": 0.9216,
    "f-score": 1.7579
  },
  "clean_eval": {
    "f-score": 0.1938454082868912,
    "precision": 0.10196278358399186,
    "recall": 1.9607843137254901,
    "tp": 4,
    "fp": 3919,
    "fn": 200
  },
  "jaccard": [
    0.9435375456116766
  ],
  "braycurtis": [
    0.9121013900245298
  ],
  "dice": [
    0.8931103435738956
  ],
  "cosinus": [
    0.5582404152308692
  ]
}