{
  "voc_eval_res": {
    "precision": 76.8966,
    "recall": 11.2173,
    "f-score": 19.5786
  },
  "KL_res": {
    "KL divergence": 1.8868734569015162,
    "Euclidean Dist.": 0.16224142036250513,
    "WER": 0.7412922766279657,
    "CER": 0.7203467414315958,
    "Cosine Dist.": 0.0778009632625305
  },
  "occ_eval_res": {
    "precision": 83.6461,
    "recall": 31.4992,
    "f-score": 45.7646
  },
  "clean_eval": {
    "f-score": 24.834983498349835,
    "precision": 17.078014184397166,
    "recall": 45.5026455026455,
    "tp": 602,
    "fp": 2923,
    "fn": 721
  },
  "jaccard": [
    0.7376025686764182
  ],
  "braycurtis": [
    0.5122204777867357
  ],
  "dice": [
    0.5842871273138336
  ],
  "cosinus": [
    0.2619393189521153
  ]
}