{
  "voc_eval_res": {
    "precision": 81.875,
    "recall": 20.4209,
    "f-score": 32.6887
  },
  "KL_res": {
    "KL divergence": 1.5940010237490194,
    "Euclidean Dist.": 0.1594210627434414,
    "WER": 0.5995093529592149,
    "CER": 0.5825154763702249,
    "Cosine Dist.": 0.12937394021237425
  },
  "occ_eval_res": {
    "precision": 88.0461,
    "recall": 44.4956,
    "f-score": 59.1159
  },
  "clean_eval": {
    "f-score": 33.41815097540289,
    "precision": 25.394779245891076,
    "recall": 48.85306881587105,
    "tp": 788,
    "fp": 2315,
    "fn": 825
  },
  "jaccard": [
    0.6515927823568723
  ],
  "braycurtis": [
    0.361343690103904
  ],
  "dice": [
    0.48323145547662316
  ],
  "cosinus": [
    0.1834414145542369
  ]
}