{
  "voc_eval_res": {
    "precision": 54.4444,
    "recall": 39.8374,
    "f-score": 46.0094
  },
  "KL_res": {
    "KL divergence": 1.3743611317218303,
    "Euclidean Dist.": 0.10527439540201147,
    "WER": 0.5700934579439252,
    "CER": 0.5011668611435239,
    "Cosine Dist.": 0.041125323834585115
  },
  "occ_eval_res": {
    "precision": 67.6471,
    "recall": 53.7383,
    "f-score": 59.8958
  },
  "clean_eval": {
    "f-score": 51.55807365439094,
    "precision": 46.192893401015226,
    "recall": 58.333333333333336,
    "tp": 91,
    "fp": 106,
    "fn": 65
  },
  "jaccard": [
    0.6993464052287581
  ],
  "braycurtis": [
    0.3945945945945946
  ],
  "dice": [
    0.5376884422110553
  ],
  "cosinus": [
    0.06053790632418843
  ]
}