{
  "voc_eval_res": {
    "precision": 79.4326,
    "recall": 36.6013,
    "f-score": 50.1119
  },
  "KL_res": {
    "KL divergence": 1.6026462260383039,
    "Euclidean Dist.": 0.1942112192170323,
    "WER": 0.5481012658227848,
    "CER": 0.3933990895295903,
    "Cosine Dist.": 0.0699750819031063
  },
  "occ_eval_res": {
    "precision": 87.0564,
    "recall": 52.7848,
    "f-score": 65.721
  },
  "clean_eval": {
    "f-score": 30.940988835725676,
    "precision": 24.967824967824967,
    "recall": 40.670859538784065,
    "tp": 194,
    "fp": 583,
    "fn": 283
  },
  "jaccard": [
    0.37735849056603776
  ],
  "braycurtis": [
    0.14201120862852915
  ],
  "dice": [
    0.23255813953488372
  ],
  "cosinus": [
    0.013015555571343373
  ]
}