{
  "voc_eval_res": {
    "precision": 23.7624,
    "recall": 10.1266,
    "f-score": 14.2012
  },
  "KL_res": {
    "KL divergence": 3.4862208408841737,
    "Euclidean Dist.": 0.1367550803744748,
    "WER": 0.8766233766233766,
    "CER": 0.6610776186887717,
    "Cosine Dist.": 0.2520915664357579
  },
  "occ_eval_res": {
    "precision": 30.5556,
    "recall": 19.6429,
    "f-score": 23.913
  },
  "clean_eval": {
    "f-score": 3.2719836400818,
    "precision": 2.6622296173044924,
    "recall": 4.244031830238726,
    "tp": 16,
    "fp": 585,
    "fn": 361
  },
  "jaccard": [
    0.5943600867678959
  ],
  "braycurtis": [
    0.3961794958743077
  ],
  "dice": [
    0.4228395061728395
  ],
  "cosinus": [
    0.13300231993133615
  ]
}