{
  "voc_eval_res": {
    "precision": 29.2685,
    "recall": 57.5737,
    "f-score": 38.8083
  },
  "KL_res": {
    "KL divergence": 0.27426540920503123,
    "Euclidean Dist.": 0.026970990919899653,
    "WER": 1.4186501741323405,
    "CER": 1.0520700039653195,
    "Cosine Dist.": 0.022874806342188525
  },
  "occ_eval_res": {
    "precision": 52.0516,
    "recall": 79.4332,
    "f-score": 62.8913
  },
  "clean_eval": {
    "f-score": 0.6678656491518009,
    "precision": 0.8522938739051683,
    "recall": 0.5490553371055912,
    "tp": 687,
    "fp": 79919,
    "fn": 124437
  },
  "jaccard": [
    0.7494619799139168
  ],
  "braycurtis": [
    0.37846937476123776
  ],
  "dice": [
    0.5993116305750753
  ],
  "cosinus": [
    0.03195571990868695
  ]
}