{
  "voc_eval_res": {
    "precision": 19.1136,
    "recall": 41.0372,
    "f-score": 26.0801
  },
  "KL_res": {
    "KL divergence": 0.5058127405658391,
    "Euclidean Dist.": 0.06574709206854834,
    "WER": 0.5981829606744515,
    "CER": 0.19890446317239907,
    "Cosine Dist.": 0.18003694846107476
  },
  "occ_eval_res": {
    "precision": 50.9224,
    "recall": 54.1289,
    "f-score": 52.4767
  },
  "clean_eval": {
    "f-score": 41.57188799121499,
    "precision": 42.52246469833119,
    "recall": 40.66288169403099,
    "tp": 15900,
    "fp": 21492,
    "fn": 23202
  },
  "jaccard": [
    0.8316536020903322
  ],
  "braycurtis": [
    0.4391918073623028
  ],
  "dice": [
    0.7118210862619808
  ],
  "cosinus": [
    0.06054271375734965
  ]
}