{
  "voc_eval_res": {
    "precision": 18.0488,
    "recall": 2.1216,
    "f-score": 3.7968
  },
  "KL_res": {
    "KL divergence": 3.8684068305419306,
    "Euclidean Dist.": 0.15209015746465054,
    "WER": 0.9777043765483072,
    "CER": 0.8485229039588565,
    "Cosine Dist.": 0.8416290281510073
  },
  "occ_eval_res": {
    "precision": 18.0628,
    "recall": 2.8489,
    "f-score": 4.9215
  },
  "clean_eval": {
    "f-score": 0.8464794151596767,
    "precision": 0.492831541218638,
    "recall": 2.997275204359673,
    "tp": 11,
    "fp": 2221,
    "fn": 356
  },
  "jaccard": [
    0.7534362444491436
  ],
  "braycurtis": [
    0.7132443481258928
  ],
  "dice": [
    0.6044105173876166
  ],
  "cosinus": [
    0.25805956723296297
  ]
}