{
  "voc_eval_res": {
    "precision": 80.5369,
    "recall": 23.8569,
    "f-score": 36.8098
  },
  "KL_res": {
    "KL divergence": 0.944956371787383,
    "Euclidean Dist.": 0.1254371902740874,
    "WER": 0.631935047361299,
    "CER": 0.5590434782608695,
    "Cosine Dist.": 0.0268767451997457
  },
  "occ_eval_res": {
    "precision": 90.1796,
    "recall": 50.9472,
    "f-score": 65.1102
  },
  "clean_eval": {
    "f-score": 18.274111675126903,
    "precision": 14.084507042253522,
    "recall": 26.011560693641616,
    "tp": 180,
    "fp": 1098,
    "fn": 512
  },
  "jaccard": [
    0.46774193548387094
  ],
  "braycurtis": [
    0.2967622882066767
  ],
  "dice": [
    0.30526315789473685
  ],
  "cosinus": [
    0.006086802322046392
  ]
}