{
  "voc_eval_res": {
    "precision": 80.8511,
    "recall": 29.9803,
    "f-score": 43.741
  },
  "KL_res": {
    "KL divergence": 2.239466815890333,
    "Euclidean Dist.": 0.22582289170358733,
    "WER": 0.6925525143220879,
    "CER": 0.5577659475109741,
    "Cosine Dist.": 0.3841139624903521
  },
  "occ_eval_res": {
    "precision": 87.5179,
    "recall": 38.8288,
    "f-score": 53.7919
  },
  "clean_eval": {
    "f-score": 25.056129321957794,
    "precision": 18.09338521400778,
    "recall": 40.729927007299274,
    "tp": 279,
    "fp": 1263,
    "fn": 406
  },
  "jaccard": [
    0.3076923076923077
  ],
  "braycurtis": [
    0.2978686131386861
  ],
  "dice": [
    0.18181818181818182
  ],
  "cosinus": [
    0.027180989673490696
  ]
}