{
  "voc_eval_res": {
    "precision": 25.0,
    "recall": 0.6912,
    "f-score": 1.3453
  },
  "KL_res": {
    "KL divergence": 4.1123152113420165,
    "Euclidean Dist.": 0.49987123139200645,
    "WER": 0.9752179899036255,
    "CER": 0.9369493557087204,
    "Cosine Dist.": 0.32442421850928826
  },
  "occ_eval_res": {
    "precision": 44.7368,
    "recall": 3.1207,
    "f-score": 5.8344
  },
  "clean_eval": {
    "f-score": 1.432408236347359,
    "precision": 0.7626310772163966,
    "recall": 11.76470588235294,
    "tp": 16,
    "fp": 2082,
    "fn": 120
  },
  "jaccard": [
    0.8969744392279604
  ],
  "braycurtis": [
    0.8849552572706935
  ],
  "dice": [
    0.8131946086545283
  ],
  "cosinus": [
    0.4396092588775311
  ]
}