{
  "voc_eval_res": {
    "precision": 40.9091,
    "recall": 0.3783,
    "f-score": 0.7497
  },
  "KL_res": {
    "KL divergence": 5.457299794497226,
    "Euclidean Dist.": 0.5244805040921491,
    "WER": 0.9897569793131151,
    "CER": 0.9394636367818207,
    "Cosine Dist.": 0.9259510365466699
  },
  "occ_eval_res": {
    "precision": 29.6875,
    "recall": 1.1448,
    "f-score": 2.2046
  },
  "clean_eval": {
    "f-score": 1.4495936745003295,
    "precision": 0.7568807339449541,
    "recall": 17.098445595854923,
    "tp": 33,
    "fp": 4327,
    "fn": 160
  },
  "jaccard": [
    0.9703630175836642
  ],
  "braycurtis": [
    0.8914339762306206
  ],
  "dice": [
    0.9424321718771519
  ],
  "cosinus": [
    0.6250274942790865
  ]
}