{
  "voc_eval_res": {
    "precision": 5.3513,
    "recall": 16.5324,
    "f-score": 8.0854
  },
  "KL_res": {
    "KL divergence": 1.0624606472073945,
    "Euclidean Dist.": 0.08662174592197552,
    "WER": 1.0622786731227867,
    "CER": 0.49223631384435407,
    "Cosine Dist.": 0.33749103728386054
  },
  "occ_eval_res": {
    "precision": 25.0308,
    "recall": 31.199,
    "f-score": 27.7766
  },
  "clean_eval": {
    "f-score": 10.089463603006223,
    "precision": 11.91367220143153,
    "recall": 8.749716481434538,
    "tp": 6558,
    "fp": 48488,
    "fn": 68393
  },
  "jaccard": [
    0.9487436212131
  ],
  "braycurtis": [
    0.6896207674537757
  ],
  "dice": [
    0.90248548342499
  ],
  "cosinus": [
    0.1705086098598465
  ]
}