{
  "voc_eval_res": {
    "precision": 77.931,
    "recall": 40.5018,
    "f-score": 53.3019
  },
  "KL_res": {
    "KL divergence": 1.0765083844153223,
    "Euclidean Dist.": 0.09091385852496263,
    "WER": 0.4524959742351047,
    "CER": 0.3549151204105803,
    "Cosine Dist.": 0.04928712217714781
  },
  "occ_eval_res": {
    "precision": 83.7778,
    "recall": 60.7085,
    "f-score": 70.4015
  },
  "clean_eval": {
    "f-score": 47.826086956521735,
    "precision": 41.20521172638437,
    "recall": 56.981981981981974,
    "tp": 253,
    "fp": 361,
    "fn": 191
  },
  "jaccard": [
    0.6059602649006622
  ],
  "braycurtis": [
    0.2619718309859155
  ],
  "dice": [
    0.4346793349168646
  ],
  "cosinus": [
    0.0520978849924979
  ]
}