{
  "voc_eval_res": {
    "precision": 74.1784,
    "recall": 39.6985,
    "f-score": 51.7185
  },
  "KL_res": {
    "KL divergence": 1.7998387911602036,
    "Euclidean Dist.": 0.389204481379823,
    "WER": 0.6286919831223629,
    "CER": 0.4483605550779811,
    "Cosine Dist.": 0.4436816374701902
  },
  "occ_eval_res": {
    "precision": 80.5229,
    "recall": 43.3193,
    "f-score": 56.3329
  },
  "clean_eval": {
    "f-score": 29.364705882352943,
    "precision": 22.4622030237581,
    "recall": 42.391304347826086,
    "tp": 312,
    "fp": 1077,
    "fn": 424
  },
  "jaccard": [
    0.42857142857142855
  ],
  "braycurtis": [
    0.2575644251036921
  ],
  "dice": [
    0.2727272727272727
  ],
  "cosinus": [
    0.25244605654672225
  ]
}