{
  "voc_eval_res": {
    "precision": 14.9733,
    "recall": 0.9564,
    "f-score": 1.798
  },
  "KL_res": {
    "KL divergence": 3.3853663703456585,
    "Euclidean Dist.": 0.2097876201544864,
    "WER": 0.9848024316109423,
    "CER": 0.876550888794317,
    "Cosine Dist.": 0.8721062063124209
  },
  "occ_eval_res": {
    "precision": 14.9903,
    "recall": 1.812,
    "f-score": 3.2332
  },
  "clean_eval": {
    "f-score": 0.6751251309509952,
    "precision": 0.38304054946506405,
    "recall": 2.843137254901961,
    "tp": 29,
    "fp": 7542,
    "fn": 991
  },
  "jaccard": [
    0.988812823509768
  ],
  "braycurtis": [
    0.9608865710560626
  ],
  "dice": [
    0.9778731836195509
  ],
  "cosinus": [
    0.8855804507671479
  ]
}