{
  "voc_eval_res": {
    "precision": 20.6304,
    "recall": 1.3262,
    "f-score": 2.4922
  },
  "KL_res": {
    "KL divergence": 3.294084297911843,
    "Euclidean Dist.": 0.21560874953872652,
    "WER": 0.9797279958942776,
    "CER": 0.8640029583714869,
    "Cosine Dist.": 0.8333994380352091
  },
  "occ_eval_res": {
    "precision": 18.5022,
    "recall": 2.6944,
    "f-score": 4.7038
  },
  "clean_eval": {
    "f-score": 0.4307765944717004,
    "precision": 0.2461033634126333,
    "recall": 1.725790987535954,
    "tp": 18,
    "fp": 7296,
    "fn": 1025
  },
  "jaccard": [
    0.9851121076233184
  ],
  "braycurtis": [
    0.9472641743005694
  ],
  "dice": [
    0.9706610109579357
  ],
  "cosinus": [
    0.8064637241307497
  ]
}