{
  "voc_eval_res": {
    "precision": 31.6327,
    "recall": 5.004,
    "f-score": 8.6411
  },
  "KL_res": {
    "KL divergence": 4.229619135510326,
    "Euclidean Dist.": 0.17050072322706827,
    "WER": 0.9396929824561403,
    "CER": 0.7753415691728708,
    "Cosine Dist.": 0.7141043177584295
  },
  "occ_eval_res": {
    "precision": 29.8851,
    "recall": 7.1272,
    "f-score": 11.5095
  },
  "clean_eval": {
    "f-score": 4.298974108451392,
    "precision": 2.704363859864782,
    "recall": 10.476190476190476,
    "tp": 44,
    "fp": 1583,
    "fn": 376
  },
  "jaccard": [
    0.7013574660633484
  ],
  "braycurtis": [
    0.5992159790927758
  ],
  "dice": [
    0.5400696864111498
  ],
  "cosinus": [
    0.16553660358889188
  ]
}