{
  "voc_eval_res": {
    "precision": 9.8976,
    "recall": 0.259,
    "f-score": 0.5048
  },
  "KL_res": {
    "KL divergence": 2.5476128745982383,
    "Euclidean Dist.": 0.21996310687698936,
    "WER": 0.9885984642829442,
    "CER": 0.9572531039471088,
    "Cosine Dist.": 0.3678530098128836
  },
  "occ_eval_res": {
    "precision": 21.8852,
    "recall": 1.5667,
    "f-score": 2.9241
  },
  "clean_eval": {
    "f-score": 0.01631720649424819,
    "precision": 0.008819119851838787,
    "recall": 0.10893246187363835,
    "tp": 1,
    "fp": 11338,
    "fn": 917
  },
  "jaccard": [
    0.882243816254417
  ],
  "braycurtis": [
    0.9207640969763007
  ],
  "dice": [
    0.7892989804789378
  ],
  "cosinus": [
    0.3669077889833041
  ]
}