{
  "voc_eval_res": {
    "precision": 10.25,
    "recall": 0.2169,
    "f-score": 0.4247
  },
  "KL_res": {
    "KL divergence": 2.115467134398159,
    "Euclidean Dist.": 0.24827261233182762,
    "WER": 0.9939635242743385,
    "CER": 0.9397767256878796,
    "Cosine Dist.": 0.787812626842448
  },
  "occ_eval_res": {
    "precision": 13.0667,
    "recall": 0.8391,
    "f-score": 1.577
  },
  "clean_eval": {
    "f-score": 0.06923709377298887,
    "precision": 0.03699079853886346,
    "recall": 0.5398110661268556,
    "tp": 8,
    "fp": 21619,
    "fn": 1474
  },
  "jaccard": [
    0.8451178451178452
  ],
  "braycurtis": [
    0.8992488483459804
  ],
  "dice": [
    0.7317784256559767
  ],
  "cosinus": [
    0.4262578298001982
  ]
}