{
  "voc_eval_res": {
    "precision": 15.5172,
    "recall": 0.2574,
    "f-score": 0.5064
  },
  "KL_res": {
    "KL divergence": 2.3939244829070043,
    "Euclidean Dist.": 0.23543168660725458,
    "WER": 0.9913824493263745,
    "CER": 0.9567798885151673,
    "Cosine Dist.": 0.6248940812301071
  },
  "occ_eval_res": {
    "precision": 30.443,
    "recall": 1.3068,
    "f-score": 2.506
  },
  "clean_eval": {
    "f-score": 0.11359026369168357,
    "precision": 0.0590517968618188,
    "recall": 1.48619957537155,
    "tp": 14,
    "fp": 23694,
    "fn": 928
  },
  "jaccard": [
    0.8710859136502399
  ],
  "braycurtis": [
    0.9207701499402539
  ],
  "dice": [
    0.7716139998454763
  ],
  "cosinus": [
    0.4092014938526378
  ]
}