{
  "voc_eval_res": {
    "precision": 78.7879,
    "recall": 10.4,
    "f-score": 18.3746
  },
  "KL_res": {
    "KL divergence": 3.7830951764891276,
    "Euclidean Dist.": 0.28430244257016135,
    "WER": 0.8411910669975186,
    "CER": 0.6953055801594331,
    "Cosine Dist.": 0.2888895022860586
  },
  "occ_eval_res": {
    "precision": 79.3478,
    "recall": 18.1141,
    "f-score": 29.4949
  },
  "clean_eval": {
    "f-score": 22.269807280513923,
    "precision": 13.684210526315791,
    "recall": 59.77011494252874,
    "tp": 52,
    "fp": 328,
    "fn": 35
  },
  "jaccard": [
    0.42857142857142855
  ],
  "braycurtis": [
    0.48121761658031087
  ],
  "dice": [
    0.2727272727272727
  ],
  "cosinus": [
    0.05220564615726342
  ]
}