{
  "voc_eval_res": {
    "precision": 5.4725,
    "recall": 6.0774,
    "f-score": 5.7591
  },
  "KL_res": {
    "KL divergence": 1.3262765202509068,
    "Euclidean Dist.": 0.11244975142227324,
    "WER": 0.9681005581802125,
    "CER": 0.8700068683801467,
    "Cosine Dist.": 0.42991307885971486
  },
  "occ_eval_res": {
    "precision": 30.3821,
    "recall": 5.7704,
    "f-score": 9.6988
  },
  "clean_eval": {
    "f-score": 2.0431503552099897,
    "precision": 1.2323540901907923,
    "recall": 5.972809770742358,
    "tp": 7003,
    "fp": 561259,
    "fn": 110245
  },
  "jaccard": [
    0.9658148025224029
  ],
  "braycurtis": [
    0.9051958043507856
  ],
  "dice": [
    0.9338896020539152
  ],
  "cosinus": [
    0.24564034239764576
  ]
}