{
  "voc_eval_res": {
    "precision": 24.5342,
    "recall": 2.9913,
    "f-score": 5.3324
  },
  "KL_res": {
    "KL divergence": 3.648762051702697,
    "Euclidean Dist.": 0.3060806867049876,
    "WER": 0.9592015792937048,
    "CER": 0.7680394941502672,
    "Cosine Dist.": 0.8720463628369377
  },
  "occ_eval_res": {
    "precision": 16.3934,
    "recall": 5.045,
    "f-score": 7.7155
  },
  "clean_eval": {
    "f-score": 1.0824022346368718,
    "precision": 0.71149873766353,
    "recall": 2.261123267687819,
    "tp": 31,
    "fp": 4326,
    "fn": 1340
  },
  "jaccard": [
    0.43137254901960786
  ],
  "braycurtis": [
    0.48820238384821213
  ],
  "dice": [
    0.275
  ],
  "cosinus": [
    0.08121560368065217
  ]
}