{
  "voc_eval_res": {
    "precision": 19.3038,
    "recall": 7.6345,
    "f-score": 10.9417
  },
  "KL_res": {
    "KL divergence": 3.962756511877103,
    "Euclidean Dist.": 0.16325101610585915,
    "WER": 0.9468186134852802,
    "CER": 0.6897321428571429,
    "Cosine Dist.": 0.7507992851901895
  },
  "occ_eval_res": {
    "precision": 12.8499,
    "recall": 9.5916,
    "f-score": 10.9842
  },
  "clean_eval": {
    "f-score": 1.6055045871559634,
    "precision": 1.4014014014014013,
    "recall": 1.8791946308724832,
    "tp": 14,
    "fp": 985,
    "fn": 731
  },
  "jaccard": [
    0.3023255813953488
  ],
  "braycurtis": [
    0.18321497740477727
  ],
  "dice": [
    0.1780821917808219
  ],
  "cosinus": [
    0.030951179848292876
  ]
}