{
  "voc_eval_res": {
    "precision": 19.0805,
    "recall": 1.4037,
    "f-score": 2.615
  },
  "KL_res": {
    "KL divergence": 2.6955794183155604,
    "Euclidean Dist.": 0.18045915487971068,
    "WER": 0.9797951840575699,
    "CER": 0.8789170389061275,
    "Cosine Dist.": 0.30550938029874786
  },
  "occ_eval_res": {
    "precision": 28.0976,
    "recall": 3.9856,
    "f-score": 6.981
  },
  "clean_eval": {
    "f-score": 0.15007503751875936,
    "precision": 0.08550662676357418,
    "recall": 0.6128702757916241,
    "tp": 6,
    "fp": 7011,
    "fn": 973
  },
  "jaccard": [
    0.3541666666666667
  ],
  "braycurtis": [
    0.733623619058827
  ],
  "dice": [
    0.21518987341772153
  ],
  "cosinus": [
    0.04642532774619468
  ]
}