{
  "voc_eval_res": {
    "precision": 76.8116,
    "recall": 32.3171,
    "f-score": 45.4936
  },
  "KL_res": {
    "KL divergence": 1.2690322268638317,
    "Euclidean Dist.": 0.19526263830386434,
    "WER": 0.5038071065989848,
    "CER": 0.40781758957654723,
    "Cosine Dist.": 0.02214814143234578
  },
  "occ_eval_res": {
    "precision": 80.0353,
    "recall": 57.4873,
    "f-score": 66.9129
  },
  "clean_eval": {
    "f-score": 35.186595582635185,
    "precision": 30.117340286831812,
    "recall": 42.30769230769231,
    "tp": 231,
    "fp": 536,
    "fn": 315
  },
  "jaccard": [
    0.25
  ],
  "braycurtis": [
    0.1381668946648427
  ],
  "dice": [
    0.14285714285714285
  ],
  "cosinus": [
    0.012503591010731396
  ]
}