{
  "voc_eval_res": {
    "precision": 5.6225,
    "recall": 0.5249,
    "f-score": 0.9602
  },
  "KL_res": {
    "KL divergence": 3.684987596825189,
    "Euclidean Dist.": 0.20999391799863087,
    "WER": 0.9881266490765171,
    "CER": 0.8172508565189563,
    "Cosine Dist.": 0.7004067873043924
  },
  "occ_eval_res": {
    "precision": 5.2481,
    "recall": 1.814,
    "f-score": 2.6961
  },
  "clean_eval": {
    "f-score": 0.30856261249678574,
    "precision": 0.20920502092050208,
    "recall": 0.5876591576885406,
    "tp": 6,
    "fp": 2862,
    "fn": 1015
  },
  "jaccard": [
    0.7868952847519902
  ],
  "braycurtis": [
    0.6835504513769854
  ],
  "dice": [
    0.6486622917718324
  ],
  "cosinus": [
    0.3266326661320068
  ]
}