{
  "voc_eval_res": {
    "precision": 22.8477,
    "recall": 5.2752,
    "f-score": 8.5714
  },
  "KL_res": {
    "KL divergence": 3.1071001675380114,
    "Euclidean Dist.": 0.1516223915028044,
    "WER": 0.9136212624584718,
    "CER": 0.700054934993591,
    "Cosine Dist.": 0.3293047732589659
  },
  "occ_eval_res": {
    "precision": 35.0327,
    "recall": 14.8394,
    "f-score": 20.8479
  },
  "clean_eval": {
    "f-score": 3.2284100080710245,
    "precision": 2.293577981651376,
    "recall": 5.449591280653951,
    "tp": 40,
    "fp": 1704,
    "fn": 694
  },
  "jaccard": [
    0.6502898150703836
  ],
  "braycurtis": [
    0.4074264270195536
  ],
  "dice": [
    0.481799591002045
  ],
  "cosinus": [
    0.10890670774032052
  ]
}