{
  "voc_eval_res": {
    "precision": 28.9499,
    "recall": 18.4341,
    "f-score": 22.5251
  },
  "KL_res": {
    "KL divergence": 0.5964281091896113,
    "Euclidean Dist.": 0.07377856039726946,
    "WER": 0.9490898490083941,
    "CER": 0.8596538793029641,
    "Cosine Dist.": 0.20446053780083906
  },
  "occ_eval_res": {
    "precision": 60.4738,
    "recall": 11.6482,
    "f-score": 19.5339
  },
  "clean_eval": {
    "f-score": 14.434249500788852,
    "precision": 8.605361611369403,
    "recall": 44.737299532509354,
    "tp": 48901,
    "fp": 519361,
    "fn": 60406
  },
  "jaccard": [
    0.8672240546137915
  ],
  "braycurtis": [
    0.8102221977173734
  ],
  "dice": [
    0.7655742145178764
  ],
  "cosinus": [
    0.05759419190220194
  ]
}