{
  "voc_eval_res": {
    "precision": 84.8921,
    "recall": 69.8225,
    "f-score": 76.6234
  },
  "KL_res": {
    "KL divergence": 1.1077042505649093,
    "Euclidean Dist.": 0.11369787207655749,
    "WER": 0.34292565947242204,
    "CER": 0.3099787685774947,
    "Cosine Dist.": 0.12034863523926076
  },
  "occ_eval_res": {
    "precision": 87.4627,
    "recall": 70.2638,
    "f-score": 77.9255
  },
  "clean_eval": {
    "f-score": 62.818791946308714,
    "precision": 56.52173913043478,
    "recall": 70.69486404833837,
    "tp": 234,
    "fp": 180,
    "fn": 97
  },
  "jaccard": [
    0.23809523809523808
  ],
  "braycurtis": [
    0.10653833388649186
  ],
  "dice": [
    0.13513513513513514
  ],
  "cosinus": [
    0.007216565857375068
  ]
}