{
  "voc_eval_res": {
    "precision": 76.8707,
    "recall": 54.3269,
    "f-score": 63.662
  },
  "KL_res": {
    "KL divergence": 2.079152107551596,
    "Euclidean Dist.": 0.24396456039005018,
    "WER": 0.49745331069609505,
    "CER": 0.4187192118226601,
    "Cosine Dist.": 0.4312277476997509
  },
  "occ_eval_res": {
    "precision": 79.4258,
    "recall": 56.3667,
    "f-score": 65.9384
  },
  "clean_eval": {
    "f-score": 37.10691823899372,
    "precision": 31.272084805653712,
    "recall": 45.618556701030926,
    "tp": 177,
    "fp": 389,
    "fn": 211
  },
  "jaccard": [
    0.20930232558139536
  ],
  "braycurtis": [
    0.1507537688442211
  ],
  "dice": [
    0.11688311688311688
  ],
  "cosinus": [
    0.033630096021997735
  ]
}