{
  "voc_eval_res": {
    "precision": 29.3617,
    "recall": 3.3593,
    "f-score": 6.0288
  },
  "KL_res": {
    "KL divergence": 3.7913693358677074,
    "Euclidean Dist.": 0.2343938859744622,
    "WER": 0.9420711974110032,
    "CER": 0.8111492357738068,
    "Cosine Dist.": 0.45402194058481027
  },
  "occ_eval_res": {
    "precision": 30.721,
    "recall": 6.343,
    "f-score": 10.515
  },
  "clean_eval": {
    "f-score": 4.0792875610456765,
    "precision": 2.4903542616625742,
    "recall": 11.26984126984127,
    "tp": 71,
    "fp": 2780,
    "fn": 559
  },
  "jaccard": [
    0.7372311827956989
  ],
  "braycurtis": [
    0.6613843092666287
  ],
  "dice": [
    0.5838211814795103
  ],
  "cosinus": [
    0.27797133788369854
  ]
}