{
  "voc_eval_res": {
    "precision": 20.0,
    "recall": 6.25,
    "f-score": 9.5238
  },
  "KL_res": {
    "KL divergence": 3.8680093768063593,
    "Euclidean Dist.": 0.22338804181687757,
    "WER": 0.8725761772853186,
    "CER": 0.720440881763527,
    "Cosine Dist.": 0.13702899779888122
  },
  "occ_eval_res": {
    "precision": 35.2941,
    "recall": 16.6205,
    "f-score": 22.5989
  },
  "clean_eval": {
    "f-score": 12.941176470588237,
    "precision": 9.322033898305085,
    "recall": 21.153846153846153,
    "tp": 33,
    "fp": 321,
    "fn": 123
  },
  "jaccard": [
    0.6901913875598086
  ],
  "braycurtis": [
    0.4831384892086331
  ],
  "dice": [
    0.5269406392694064
  ],
  "cosinus": [
    0.14340338947712372
  ]
}