{
  "voc_eval_res": {
    "precision": 37.5,
    "recall": 1.0405,
    "f-score": 2.0247
  },
  "KL_res": {
    "KL divergence": 4.380556163229024,
    "Euclidean Dist.": 0.32764927917065617,
    "WER": 0.9890241468768709,
    "CER": 0.9322961457274647,
    "Cosine Dist.": 0.945839644040726
  },
  "occ_eval_res": {
    "precision": 29.3617,
    "recall": 1.377,
    "f-score": 2.6306
  },
  "clean_eval": {
    "f-score": 0.6031363088057901,
    "precision": 0.3159224936815501,
    "recall": 6.637168141592921,
    "tp": 15,
    "fp": 4733,
    "fn": 211
  },
  "jaccard": [
    0.9107261825449701
  ],
  "braycurtis": [
    0.8814896414484205
  ],
  "dice": [
    0.8360856269113149
  ],
  "cosinus": [
    0.47459234545508644
  ]
}