{
  "voc_eval_res": {
    "precision": 68.2836,
    "recall": 19.6352,
    "f-score": 30.5
  },
  "KL_res": {
    "KL divergence": 2.550004487720604,
    "Euclidean Dist.": 0.23594731199015392,
    "WER": 0.7785145888594165,
    "CER": 0.6670573194118901,
    "Cosine Dist.": 0.12918824123871697
  },
  "occ_eval_res": {
    "precision": 66.8831,
    "recall": 27.321,
    "f-score": 38.7947
  },
  "clean_eval": {
    "f-score": 24.716888232397835,
    "precision": 17.564730580825753,
    "recall": 41.69435215946844,
    "tp": 251,
    "fp": 1178,
    "fn": 351
  },
  "jaccard": [
    0.8012486992715921
  ],
  "braycurtis": [
    0.5706705258080077
  ],
  "dice": [
    0.6684027777777778
  ],
  "cosinus": [
    0.18156864761170888
  ]
}