{
  "voc_eval_res": {
    "precision": 9.3061,
    "recall": 32.2361,
    "f-score": 14.4428
  },
  "KL_res": {
    "KL divergence": 0.5895606535280046,
    "Euclidean Dist.": 0.05831647166663358,
    "WER": 1.5174852888195027,
    "CER": 1.081164732233761,
    "Cosine Dist.": 0.13583793256246612
  },
  "occ_eval_res": {
    "precision": 36.0139,
    "recall": 58.0569,
    "f-score": 44.4528
  },
  "clean_eval": {
    "f-score": 0.5302708341382374,
    "precision": 0.6810907376622087,
    "recall": 0.43413623495547926,
    "tp": 549,
    "fp": 80057,
    "fn": 125909
  },
  "jaccard": [
    0.9150529777128242
  ],
  "braycurtis": [
    0.5307710588723094
  ],
  "dice": [
    0.8434079811416063
  ],
  "cosinus": [
    0.08197209276357653
  ]
}