{
  "voc_eval_res": {
    "precision": 8.5561,
    "recall": 0.4139,
    "f-score": 0.7895
  },
  "KL_res": {
    "KL divergence": 3.7423336617227845,
    "Euclidean Dist.": 0.2529060055477178,
    "WER": 0.9900302652661563,
    "CER": 0.8953969348252638,
    "Cosine Dist.": 0.8820982121614018
  },
  "occ_eval_res": {
    "precision": 10.3728,
    "recall": 1.1394,
    "f-score": 2.0533
  },
  "clean_eval": {
    "f-score": 0.10357327809425168,
    "precision": 0.05765904285988853,
    "recall": 0.5084745762711864,
    "tp": 3,
    "fp": 5200,
    "fn": 587
  },
  "jaccard": [
    0.8674873280231716
  ],
  "braycurtis": [
    0.8238063523413637
  ],
  "dice": [
    0.7659846547314578
  ],
  "cosinus": [
    0.3527533301530915
  ]
}