{
  "voc_eval_res": {
    "precision": 14.7584,
    "recall": 47.0154,
    "f-score": 22.465
  },
  "KL_res": {
    "KL divergence": 0.3439698758311966,
    "Euclidean Dist.": 0.04037699458370941,
    "WER": 1.0683337941486692,
    "CER": 0.7769465055501136,
    "Cosine Dist.": 0.06823164013622707
  },
  "occ_eval_res": {
    "precision": 56.3246,
    "recall": 68.4843,
    "f-score": 61.8121
  },
  "clean_eval": {
    "f-score": 23.516019323853293,
    "precision": 25.09159899216013,
    "recall": 22.126619927767155,
    "tp": 24996,
    "fp": 74623,
    "fn": 87972
  },
  "jaccard": [
    0.8627911606609596
  ],
  "braycurtis": [
    0.3625124485710549
  ],
  "dice": [
    0.7586919225517313
  ],
  "cosinus": [
    0.044904896439248776
  ]
}