{
  "voc_eval_res": {
    "precision": 22.0588,
    "recall": 0.9524,
    "f-score": 1.8259
  },
  "KL_res": {
    "KL divergence": 3.515447592240053,
    "Euclidean Dist.": 0.3059864831333044,
    "WER": 0.9506172839506173,
    "CER": 0.8601409978308026,
    "Cosine Dist.": 0.36838445355622373
  },
  "occ_eval_res": {
    "precision": 26.5795,
    "recall": 6.2757,
    "f-score": 10.154
  },
  "clean_eval": {
    "f-score": 0.45228403437358666,
    "precision": 0.28457598178713717,
    "recall": 1.1013215859030838,
    "tp": 5,
    "fp": 1752,
    "fn": 449
  },
  "jaccard": [
    0.9910998092816274
  ],
  "braycurtis": [
    0.8998287671232876
  ],
  "dice": [
    0.982356647763075
  ],
  "cosinus": [
    0.5047063533227714
  ]
}