{
  "voc_eval_res": {
    "precision": 79.8561,
    "recall": 30.8333,
    "f-score": 44.489
  },
  "KL_res": {
    "KL divergence": 3.2349985527197402,
    "Euclidean Dist.": 0.31046667272515904,
    "WER": 0.6796482412060302,
    "CER": 0.586515307877537,
    "Cosine Dist.": 0.5685588801698848
  },
  "occ_eval_res": {
    "precision": 83.6991,
    "recall": 33.5427,
    "f-score": 47.8924
  },
  "clean_eval": {
    "f-score": 27.397260273972602,
    "precision": 19.132653061224488,
    "recall": 48.231511254019296,
    "tp": 150,
    "fp": 634,
    "fn": 161
  },
  "jaccard": [
    0.6855670103092784
  ],
  "braycurtis": [
    0.4833190761334474
  ],
  "dice": [
    0.5215686274509804
  ],
  "cosinus": [
    0.6541495717073211
  ]
}