{
  "voc_eval_res": {
    "precision": 55.2239,
    "recall": 47.8448,
    "f-score": 51.2702
  },
  "KL_res": {
    "KL divergence": 0.842919479284318,
    "Euclidean Dist.": 0.0619060732430981,
    "WER": 0.6247379454926625,
    "CER": 0.5335596761556542,
    "Cosine Dist.": 0.02452148702124579
  },
  "occ_eval_res": {
    "precision": 71.2418,
    "recall": 68.5535,
    "f-score": 69.8718
  },
  "clean_eval": {
    "f-score": 34.82142857142857,
    "precision": 34.13566739606127,
    "recall": 35.53530751708428,
    "tp": 156,
    "fp": 301,
    "fn": 283
  },
  "jaccard": [
    0.6343042071197411
  ],
  "braycurtis": [
    0.2978723404255319
  ],
  "dice": [
    0.46445497630331756
  ],
  "cosinus": [
    0.03572215546648494
  ]
}