{
  "voc_eval_res": {
    "precision": 9.8592,
    "recall": 0.6948,
    "f-score": 1.2981
  },
  "KL_res": {
    "KL divergence": 4.092172193876564,
    "Euclidean Dist.": 0.315381132857701,
    "WER": 0.9877272727272727,
    "CER": 0.8562433649375847,
    "Cosine Dist.": 0.7279348329201962
  },
  "occ_eval_res": {
    "precision": 4.3478,
    "recall": 1.4545,
    "f-score": 2.1798
  },
  "clean_eval": {
    "f-score": 0.3783579265985622,
    "precision": 0.2606882168925964,
    "recall": 0.6896551724137931,
    "tp": 5,
    "fp": 1913,
    "fn": 720
  },
  "jaccard": [
    0.8474082702387886
  ],
  "braycurtis": [
    0.7377078070845327
  ],
  "dice": [
    0.7352198079838302
  ],
  "cosinus": [
    0.40468315951177514
  ]
}