{
  "voc_eval_res": {
    "precision": 75.0,
    "recall": 33.6134,
    "f-score": 46.4217
  },
  "KL_res": {
    "KL divergence": 2.074392439355977,
    "Euclidean Dist.": 0.1057339865907696,
    "WER": 0.6688524590163935,
    "CER": 0.5997161107168204,
    "Cosine Dist.": 0.15123141140658014
  },
  "occ_eval_res": {
    "precision": 77.9605,
    "recall": 38.8525,
    "f-score": 51.86
  },
  "clean_eval": {
    "f-score": 36.57289002557545,
    "precision": 27.39463601532567,
    "recall": 55.00000000000001,
    "tp": 143,
    "fp": 379,
    "fn": 117
  },
  "jaccard": [
    0.5184210526315789
  ],
  "braycurtis": [
    0.38163041777499607
  ],
  "dice": [
    0.34991119005328597
  ],
  "cosinus": [
    0.10063260563901377
  ]
}