{
  "voc_eval_res": {
    "precision": 85.1695,
    "recall": 25.5076,
    "f-score": 39.2578
  },
  "KL_res": {
    "KL divergence": 1.756249217282755,
    "Euclidean Dist.": 0.13749403678463423,
    "WER": 0.6379498364231189,
    "CER": 0.4617618586640852,
    "Cosine Dist.": 0.14277020736002166
  },
  "occ_eval_res": {
    "precision": 84.4926,
    "recall": 40.4035,
    "f-score": 54.6662
  },
  "clean_eval": {
    "f-score": 33.697347893915754,
    "precision": 24.94226327944573,
    "recall": 51.92307692307693,
    "tp": 432,
    "fp": 1300,
    "fn": 400
  },
  "jaccard": [
    0.5954727030625833
  ],
  "braycurtis": [
    0.2675817478403731
  ],
  "dice": [
    0.42396662874478575
  ],
  "cosinus": [
    0.07354799250727662
  ]
}