{
  "voc_eval_res": {
    "precision": 10.7595,
    "recall": 0.8366,
    "f-score": 1.5525
  },
  "KL_res": {
    "KL divergence": 3.989511815292918,
    "Euclidean Dist.": 0.32446202918878825,
    "WER": 0.9738004121283486,
    "CER": 0.7986076578816509,
    "Cosine Dist.": 0.7209577138664607
  },
  "occ_eval_res": {
    "precision": 14.0719,
    "recall": 4.1507,
    "f-score": 6.4105
  },
  "clean_eval": {
    "f-score": 0.051934562451311346,
    "precision": 0.03243593902043464,
    "recall": 0.13020833333333331,
    "tp": 1,
    "fp": 3082,
    "fn": 767
  },
  "jaccard": [
    0.8331805682859762
  ],
  "braycurtis": [
    0.6706975424660448
  ],
  "dice": [
    0.7140612725844462
  ],
  "cosinus": [
    0.4650541620861778
  ]
}