{
  "voc_eval_res": {
    "precision": 8.5714,
    "recall": 0.4378,
    "f-score": 0.8331
  },
  "KL_res": {
    "KL divergence": 3.7133559600198565,
    "Euclidean Dist.": 0.2434475435882728,
    "WER": 0.9865437788018433,
    "CER": 0.8603742708580779,
    "Cosine Dist.": 0.8372823364598421
  },
  "occ_eval_res": {
    "precision": 12.6566,
    "recall": 1.8618,
    "f-score": 3.246
  },
  "clean_eval": {
    "f-score": 0.14196983141082517,
    "precision": 0.08264462809917356,
    "recall": 0.5031446540880503,
    "tp": 4,
    "fp": 4836,
    "fn": 791
  },
  "jaccard": [
    0.8269423141047015
  ],
  "braycurtis": [
    0.7638891954530405
  ],
  "dice": [
    0.7049459920409323
  ],
  "cosinus": [
    0.414330568434515
  ]
}