{
  "voc_eval_res": {
    "precision": 7.722,
    "recall": 2.3923,
    "f-score": 3.653
  },
  "KL_res": {
    "KL divergence": 4.1388138540429065,
    "Euclidean Dist.": 0.11798237364144992,
    "WER": 0.9727272727272728,
    "CER": 0.7375956284153006,
    "Cosine Dist.": 0.6478554482408974
  },
  "occ_eval_res": {
    "precision": 10.3327,
    "recall": 5.3636,
    "f-score": 7.0616
  },
  "clean_eval": {
    "f-score": 0.6253908692933084,
    "precision": 0.4734848484848485,
    "recall": 0.9208103130755065,
    "tp": 5,
    "fp": 1051,
    "fn": 538
  },
  "jaccard": [
    0.6574130567419159
  ],
  "braycurtis": [
    0.4866425023493086
  ],
  "dice": [
    0.489661440581686
  ],
  "cosinus": [
    0.20629715482030786
  ]
}