{
  "voc_eval_res": {
    "precision": 73.1212,
    "recall": 91.0878,
    "f-score": 81.1216
  },
  "KL_res": {
    "KL divergence": 0.07545607927466712,
    "Euclidean Dist.": 0.023653979521785273,
    "WER": 0.19380166718550032,
    "CER": 0.1051715627333595,
    "Cosine Dist.": 0.021896365366250614
  },
  "occ_eval_res": {
    "precision": 84.3439,
    "recall": 94.9777,
    "f-score": 89.3455
  },
  "clean_eval": {
    "f-score": 81.67048739160771,
    "precision": 86.72428999823602,
    "recall": 77.17326468464509,
    "tp": 24582,
    "fp": 3763,
    "fn": 7271
  },
  "jaccard": [
    0.3197705442902882
  ],
  "braycurtis": [
    0.10545303177466352
  ],
  "dice": [
    0.1903136165144899
  ],
  "cosinus": [
    0.01813691627061864
  ]
}