{
  "voc_eval_res": {
    "precision": 1.6957,
    "recall": 5.1686,
    "f-score": 2.5536
  },
  "KL_res": {
    "KL divergence": 1.5417165354319686,
    "Euclidean Dist.": 0.07348224863794434,
    "WER": 0.9429885156722217,
    "CER": 0.6616394962528007,
    "Cosine Dist.": 0.2582119465338538
  },
  "occ_eval_res": {
    "precision": 16.8653,
    "recall": 15.9485,
    "f-score": 16.3941
  },
  "clean_eval": {
    "f-score": 0.4631930950336662,
    "precision": 0.4506881238183177,
    "recall": 0.4764118057169417,
    "tp": 205,
    "fp": 45281,
    "fn": 42825
  },
  "jaccard": [
    0.7490075649764063
  ],
  "braycurtis": [
    0.4477402463949346
  ],
  "dice": [
    0.5987306909352174
  ],
  "cosinus": [
    0.1756745017992687
  ]
}