{
  "voc_eval_res": {
    "precision": 63.0952,
    "recall": 50.9615,
    "f-score": 56.383
  },
  "KL_res": {
    "KL divergence": 0.7243357140410251,
    "Euclidean Dist.": 0.09235627955364657,
    "WER": 0.6068965517241379,
    "CER": 0.494910941475827,
    "Cosine Dist.": 0.013640710915663212
  },
  "occ_eval_res": {
    "precision": 70.0997,
    "recall": 72.7586,
    "f-score": 71.4044
  },
  "clean_eval": {
    "f-score": 21.10726643598616,
    "precision": 21.47887323943662,
    "recall": 20.74829931972789,
    "tp": 61,
    "fp": 223,
    "fn": 233
  },
  "jaccard": [
    0.398422090729783
  ],
  "braycurtis": [
    0.15842812823164426
  ],
  "dice": [
    0.24876847290640394
  ],
  "cosinus": [
    0.010812958500985514
  ]
}