{
  "voc_eval_res": {
    "precision": 25.5319,
    "recall": 8.3624,
    "f-score": 12.5984
  },
  "KL_res": {
    "KL divergence": 3.303695763344475,
    "Euclidean Dist.": 0.1661753531973515,
    "WER": 0.8372093023255814,
    "CER": 0.640578756987833,
    "Cosine Dist.": 0.13577740391314297
  },
  "occ_eval_res": {
    "precision": 39.0351,
    "recall": 22.9974,
    "f-score": 28.9431
  },
  "clean_eval": {
    "f-score": 3.061224489795918,
    "precision": 2.4193548387096775,
    "recall": 4.166666666666666,
    "tp": 9,
    "fp": 363,
    "fn": 207
  },
  "jaccard": [
    0.14705882352941177
  ],
  "braycurtis": [
    0.2467323547154635
  ],
  "dice": [
    0.07936507936507936
  ],
  "cosinus": [
    0.01484823780376987
  ]
}