{
  "voc_eval_res": {
    "precision": 49.2925,
    "recall": 19.1392,
    "f-score": 27.5726
  },
  "KL_res": {
    "KL divergence": 1.5366511272318204,
    "Euclidean Dist.": 0.14823090353214216,
    "WER": 1.03859649122807,
    "CER": 0.8614283921174847,
    "Cosine Dist.": 0.08375112628012549
  },
  "occ_eval_res": {
    "precision": 39.2549,
    "recall": 43.3083,
    "f-score": 41.1821
  },
  "clean_eval": {
    "f-score": 17.821782178217823,
    "precision": 18.533400301356103,
    "recall": 17.162790697674417,
    "tp": 369,
    "fp": 1622,
    "fn": 1781
  },
  "jaccard": [
    0.8168355416991426
  ],
  "braycurtis": [
    0.5650599683186242
  ],
  "dice": [
    0.6903820816864296
  ],
  "cosinus": [
    0.0867699515874466
  ]
}