{
  "voc_eval_res": {
    "precision": 8.8889,
    "recall": 0.5622,
    "f-score": 1.0575
  },
  "KL_res": {
    "KL divergence": 3.7861169690485874,
    "Euclidean Dist.": 0.2996645207667632,
    "WER": 0.995774808724449,
    "CER": 0.8423579927234587,
    "Cosine Dist.": 0.9899818318773842
  },
  "occ_eval_res": {
    "precision": 2.6483,
    "recall": 0.571,
    "f-score": 0.9394
  },
  "clean_eval": {
    "f-score": 0.12343139271754783,
    "precision": 0.07585335018963338,
    "recall": 0.33112582781456956,
    "tp": 6,
    "fp": 7904,
    "fn": 1806
  },
  "jaccard": [
    0.8120904105924837
  ],
  "braycurtis": [
    0.7614421360378775
  ],
  "dice": [
    0.6836298131051565
  ],
  "cosinus": [
    0.48501067374581086
  ]
}