{
  "voc_eval_res": {
    "precision": 5.2481,
    "recall": 17.856,
    "f-score": 8.112
  },
  "KL_res": {
    "KL divergence": 0.8884875614582525,
    "Euclidean Dist.": 0.06898060102000267,
    "WER": 0.8264867048368401,
    "CER": 0.37261011188216964,
    "Cosine Dist.": 0.20921528168340153
  },
  "occ_eval_res": {
    "precision": 29.4482,
    "recall": 30.7826,
    "f-score": 30.1006
  },
  "clean_eval": {
    "f-score": 13.21688449774876,
    "precision": 13.583422522417187,
    "recall": 12.869608194011281,
    "tp": 15103,
    "fp": 96084,
    "fn": 102251
  },
  "jaccard": [
    0.9446839991545128
  ],
  "braycurtis": [
    0.6552465105078403
  ],
  "dice": [
    0.8951669437378573
  ],
  "cosinus": [
    0.17504500140556756
  ]
}