{
  "voc_eval_res": {
    "precision": 68.8218,
    "recall": 91.378,
    "f-score": 78.512
  },
  "KL_res": {
    "KL divergence": 0.04948106012812087,
    "Euclidean Dist.": 0.012972767125603786,
    "WER": 0.14372396523079145,
    "CER": 0.0683123101820036,
    "Cosine Dist.": 0.005084100304709738
  },
  "occ_eval_res": {
    "precision": 88.5645,
    "recall": 93.305,
    "f-score": 90.873
  },
  "clean_eval": {
    "f-score": 84.04949761010685,
    "precision": 86.90157171168251,
    "recall": 81.37868247817359,
    "tp": 69722,
    "fp": 10509,
    "fn": 15954
  },
  "jaccard": [
    0.5971595354155383
  ],
  "braycurtis": [
    0.07671911483203264
  ],
  "dice": [
    0.4256788640555961
  ],
  "cosinus": [
    0.0058323471771279944
  ]
}