{
  "voc_eval_res": {
    "precision": 26.2295,
    "recall": 0.7055,
    "f-score": 1.374
  },
  "KL_res": {
    "KL divergence": 4.122925332211485,
    "Euclidean Dist.": 0.30603671385003267,
    "WER": 0.9932659932659933,
    "CER": 0.9665667302625602,
    "Cosine Dist.": 0.8168803433654979
  },
  "occ_eval_res": {
    "precision": 33.3333,
    "recall": 1.0101,
    "f-score": 1.9608
  },
  "clean_eval": {
    "f-score": 0.625,
    "precision": 0.3223495702005731,
    "recall": 10.227272727272728,
    "tp": 9,
    "fp": 2783,
    "fn": 79
  },
  "jaccard": [
    0.8884236968808876
  ],
  "braycurtis": [
    0.9389945889334963
  ],
  "dice": [
    0.7992467043314501
  ],
  "cosinus": [
    0.42986872963478373
  ]
}