{
  "voc_eval_res": {
    "precision": 38.4615,
    "recall": 2.1053,
    "f-score": 3.992
  },
  "KL_res": {
    "KL divergence": 4.471342095157137,
    "Euclidean Dist.": 0.291386421233729,
    "WER": 0.9724375538329026,
    "CER": 0.9325892857142857,
    "Cosine Dist.": 0.5083428026900108
  },
  "occ_eval_res": {
    "precision": 50.0,
    "recall": 3.9621,
    "f-score": 7.3424
  },
  "clean_eval": {
    "f-score": 4.15282392026578,
    "precision": 2.226179875333927,
    "recall": 30.864197530864196,
    "tp": 25,
    "fp": 1098,
    "fn": 56
  },
  "jaccard": [
    0.8415666901905434
  ],
  "braycurtis": [
    0.8729041606292693
  ],
  "dice": [
    0.7264696923545537
  ],
  "cosinus": [
    0.35423927975845104
  ]
}