{
  "voc_eval_res": {
    "precision": 68.3143,
    "recall": 93.3613,
    "f-score": 78.8976
  },
  "KL_res": {
    "KL divergence": 0.07362795465302298,
    "Euclidean Dist.": 0.021128338743723368,
    "WER": 0.23809841980422944,
    "CER": 0.12808310602982995,
    "Cosine Dist.": 0.013338453629148983
  },
  "occ_eval_res": {
    "precision": 81.4234,
    "recall": 96.4688,
    "f-score": 88.3099
  },
  "clean_eval": {
    "f-score": 77.03142174885343,
    "precision": 86.85425142739923,
    "recall": 69.20468011495974,
    "tp": 50808,
    "fp": 7690,
    "fn": 22609
  },
  "jaccard": [
    0.651636922349604
  ],
  "braycurtis": [
    0.10716170127122102
  ],
  "dice": [
    0.4832800105184731
  ],
  "cosinus": [
    0.011292169141731478
  ]
}