{
  "voc_eval_res": {
    "precision": 10.4762,
    "recall": 0.5796,
    "f-score": 1.0984
  },
  "KL_res": {
    "KL divergence": 4.513891758537438,
    "Euclidean Dist.": 0.21585895344064873,
    "WER": 0.9900344959754696,
    "CER": 0.9165259348612786,
    "Cosine Dist.": 0.9152282290312869
  },
  "occ_eval_res": {
    "precision": 11.2319,
    "recall": 1.1882,
    "f-score": 2.149
  },
  "clean_eval": {
    "f-score": 0.550098231827112,
    "precision": 0.30755711775043937,
    "recall": 2.6022304832713754,
    "tp": 7,
    "fp": 2269,
    "fn": 262
  },
  "jaccard": [
    0.9943152454780362
  ],
  "braycurtis": [
    0.9754552652414885
  ],
  "dice": [
    0.9886947584789312
  ],
  "cosinus": [
    0.8842294558986551
  ]
}