{
  "voc_eval_res": {
    "precision": 81.0484,
    "recall": 34.7751,
    "f-score": 48.6683
  },
  "KL_res": {
    "KL divergence": 2.486998254221879,
    "Euclidean Dist.": 0.5468557400102113,
    "WER": 0.7117768595041323,
    "CER": 0.5042090837901331,
    "Cosine Dist.": 0.6828536960904876
  },
  "occ_eval_res": {
    "precision": 84.3243,
    "recall": 32.2314,
    "f-score": 46.6368
  },
  "clean_eval": {
    "f-score": 25.207547169811324,
    "precision": 17.413972888425445,
    "recall": 45.62841530054645,
    "tp": 334,
    "fp": 1584,
    "fn": 398
  },
  "jaccard": [
    0.5096609551585854
  ],
  "braycurtis": [
    0.32759708598634774
  ],
  "dice": [
    0.3419765166340509
  ],
  "cosinus": [
    0.40503526621759667
  ]
}