{
  "voc_eval_res": {
    "precision": 86.875,
    "recall": 35.2792,
    "f-score": 50.1805
  },
  "KL_res": {
    "KL divergence": 0.9139848481901478,
    "Euclidean Dist.": 0.08072299911400915,
    "WER": 0.5951932139491046,
    "CER": 0.5147170288024254,
    "Cosine Dist.": 0.05269098959661478
  },
  "occ_eval_res": {
    "precision": 92.9563,
    "recall": 44.1565,
    "f-score": 59.8722
  },
  "clean_eval": {
    "f-score": 45.99211563731932,
    "precision": 33.997085964060226,
    "recall": 71.06598984771574,
    "tp": 700,
    "fp": 1359,
    "fn": 285
  },
  "jaccard": [
    0.6356968215158925
  ],
  "braycurtis": [
    0.3605830164765526
  ],
  "dice": [
    0.4659498207885305
  ],
  "cosinus": [
    0.0432040939807643
  ]
}