{
  "voc_eval_res": {
    "precision": 52.8662,
    "recall": 50.6098,
    "f-score": 51.7134
  },
  "KL_res": {
    "KL divergence": 1.093651276133804,
    "Euclidean Dist.": 0.07139363989799195,
    "WER": 0.6456140350877193,
    "CER": 0.5726732673267326,
    "Cosine Dist.": 0.04130318048403736
  },
  "occ_eval_res": {
    "precision": 63.6678,
    "recall": 64.5614,
    "f-score": 64.1115
  },
  "clean_eval": {
    "f-score": 36.36363636363636,
    "precision": 36.56716417910448,
    "recall": 36.162361623616235,
    "tp": 98,
    "fp": 170,
    "fn": 173
  },
  "jaccard": [
    0.4042829331602855
  ],
  "braycurtis": [
    0.19280442804428044
  ],
  "dice": [
    0.2533550223668158
  ],
  "cosinus": [
    0.029728476141944515
  ]
}