{
  "voc_eval_res": {
    "precision": 3.9433,
    "recall": 10.7246,
    "f-score": 5.7664
  },
  "KL_res": {
    "KL divergence": 1.4836844470972133,
    "Euclidean Dist.": 0.07231281382796095,
    "WER": 0.9375498148061325,
    "CER": 0.509985118925274,
    "Cosine Dist.": 0.25490858738622857
  },
  "occ_eval_res": {
    "precision": 21.3548,
    "recall": 22.7765,
    "f-score": 22.0427
  },
  "clean_eval": {
    "f-score": 3.5463118817588604,
    "precision": 3.6615560422816875,
    "recall": 3.4381007734609024,
    "tp": 769,
    "fp": 20233,
    "fn": 21598
  },
  "jaccard": [
    0.745401830207484
  ],
  "braycurtis": [
    0.38037548484765293
  ],
  "dice": [
    0.5941359139163718
  ],
  "cosinus": [
    0.10560585791127408
  ]
}