{
  "voc_eval_res": {
    "precision": 3.0559,
    "recall": 14.7433,
    "f-score": 5.0625
  },
  "KL_res": {
    "KL divergence": 0.9885386715565436,
    "Euclidean Dist.": 0.07912743574419712,
    "WER": 1.5240782995076259,
    "CER": 1.0868962265161988,
    "Cosine Dist.": 0.24850322959601578
  },
  "occ_eval_res": {
    "precision": 21.3994,
    "recall": 34.4542,
    "f-score": 26.4012
  },
  "clean_eval": {
    "f-score": 0.36456261954813174,
    "precision": 0.47763193806912635,
    "recall": 0.2947797191553221,
    "tp": 385,
    "fp": 80221,
    "fn": 130221
  },
  "jaccard": [
    0.8034352163012749
  ],
  "braycurtis": [
    0.4003362124219917
  ],
  "dice": [
    0.6714514978601998
  ],
  "cosinus": [
    0.08531304014660812
  ]
}