{
  "voc_eval_res": {
    "precision": 36.8421,
    "recall": 0.679,
    "f-score": 1.3333
  },
  "KL_res": {
    "KL divergence": 4.750318816674374,
    "Euclidean Dist.": 0.21813789391575417,
    "WER": 0.9947907310939464,
    "CER": 0.979418211539176,
    "Cosine Dist.": 0.943366142233698
  },
  "occ_eval_res": {
    "precision": 42.1053,
    "recall": 0.5748,
    "f-score": 1.1341
  },
  "clean_eval": {
    "f-score": 0.8401680336067214,
    "precision": 0.4256181597081476,
    "recall": 32.30769230769231,
    "tp": 21,
    "fp": 4913,
    "fn": 44
  },
  "jaccard": [
    0.993
  ],
  "braycurtis": [
    0.9882208588957055
  ],
  "dice": [
    0.9860973187686196
  ],
  "cosinus": [
    0.9663691865860565
  ]
}