{
  "voc_eval_res": {
    "precision": 25.8929,
    "recall": 2.0833,
    "f-score": 3.8564
  },
  "KL_res": {
    "KL divergence": 5.564741420244456,
    "Euclidean Dist.": 0.484042219140762,
    "WER": 0.9879288437102922,
    "CER": 0.8954208855977028,
    "Cosine Dist.": 0.9618755075711525
  },
  "occ_eval_res": {
    "precision": 19.7044,
    "recall": 1.2706,
    "f-score": 2.3873
  },
  "clean_eval": {
    "f-score": 1.729106628242075,
    "precision": 0.9243409791167408,
    "recall": 13.366336633663368,
    "tp": 27,
    "fp": 2894,
    "fn": 175
  },
  "jaccard": [
    0.9749478079331941
  ],
  "braycurtis": [
    0.954387704511651
  ],
  "dice": [
    0.9511201629327902
  ],
  "cosinus": [
    0.8812011655488866
  ]
}