{
  "voc_eval_res": {
    "precision": 4.3062,
    "recall": 0.3849,
    "f-score": 0.7067
  },
  "KL_res": {
    "KL divergence": 4.001643265391191,
    "Euclidean Dist.": 0.15988530834390632,
    "WER": 0.9976109215017065,
    "CER": 0.857023488998236,
    "Cosine Dist.": 0.9893504492726555
  },
  "occ_eval_res": {
    "precision": 1.9194,
    "recall": 0.3413,
    "f-score": 0.5795
  },
  "clean_eval": {
    "f-score": 0.2457002457002457,
    "precision": 0.1455604075691412,
    "recall": 0.7874015748031495,
    "tp": 4,
    "fp": 2744,
    "fn": 504
  },
  "jaccard": [
    0.5254237288135594
  ],
  "braycurtis": [
    0.6737410619199756
  ],
  "dice": [
    0.3563218390804598
  ],
  "cosinus": [
    0.05669152459797022
  ]
}