{
  "voc_eval_res": {
    "precision": 5.3763,
    "recall": 4.717,
    "f-score": 5.0251
  },
  "KL_res": {
    "KL divergence": 5.59637618883096,
    "Euclidean Dist.": 0.18035117957260183,
    "WER": 1.5084745762711864,
    "CER": 1.0126811594202898,
    "Cosine Dist.": 0.7409863029027567
  },
  "occ_eval_res": {
    "precision": 5.8824,
    "recall": 9.322,
    "f-score": 7.2131
  },
  "clean_eval": {
    "f-score": 6.802721088435374,
    "precision": 8.849557522123893,
    "recall": 5.524861878453039,
    "tp": 10,
    "fp": 103,
    "fn": 171
  },
  "jaccard": [
    0.34285714285714286
  ],
  "braycurtis": [
    0.1961150541651102
  ],
  "dice": [
    0.20689655172413793
  ],
  "cosinus": [
    0.03219801677427858
  ]
}