{
  "voc_eval_res": {
    "precision": 21.7033,
    "recall": 0.3566,
    "f-score": 0.7016
  },
  "KL_res": {
    "KL divergence": 2.309146046624476,
    "Euclidean Dist.": 0.36829246327710985,
    "WER": 0.993769681373379,
    "CER": 0.9513035741754701,
    "Cosine Dist.": 0.8327535473936316
  },
  "occ_eval_res": {
    "precision": 22.439,
    "recall": 1.0903,
    "f-score": 2.0796
  },
  "clean_eval": {
    "f-score": 0.10900296351807064,
    "precision": 0.057257371886630395,
    "recall": 1.132342533616419,
    "tp": 16,
    "fp": 27928,
    "fn": 1397
  },
  "jaccard": [
    0.8588709677419355
  ],
  "braycurtis": [
    0.9144976584943528
  ],
  "dice": [
    0.7526501766784452
  ],
  "cosinus": [
    0.4560350611011247
  ]
}