{
  "voc_eval_res": {
    "precision": 6.015,
    "recall": 2.9575,
    "f-score": 3.9653
  },
  "KL_res": {
    "KL divergence": 4.7474258271637435,
    "Euclidean Dist.": 0.14802737247238126,
    "WER": 0.9792387543252595,
    "CER": 0.7364760432766615,
    "Cosine Dist.": 0.7394122156535741
  },
  "occ_eval_res": {
    "precision": 6.1135,
    "recall": 4.8443,
    "f-score": 5.4054
  },
  "clean_eval": {
    "f-score": 0.6030150753768845,
    "precision": 0.5338078291814947,
    "recall": 0.6928406466512702,
    "tp": 3,
    "fp": 559,
    "fn": 430
  },
  "jaccard": [
    0.6833810888252149
  ],
  "braycurtis": [
    0.4683050311148613
  ],
  "dice": [
    0.5190424374319913
  ],
  "cosinus": [
    0.20974123667701583
  ]
}