{
  "voc_eval_res": {
    "precision": 28.5714,
    "recall": 12.0444,
    "f-score": 16.9454
  },
  "KL_res": {
    "KL divergence": 3.3326094315248027,
    "Euclidean Dist.": 0.12329004321938657,
    "WER": 0.8779284833538841,
    "CER": 0.6744018449120784,
    "Cosine Dist.": 0.2970823184652338
  },
  "occ_eval_res": {
    "precision": 31.6594,
    "recall": 17.8792,
    "f-score": 22.8526
  },
  "clean_eval": {
    "f-score": 5.107084019769357,
    "precision": 3.969270166453265,
    "recall": 7.159353348729793,
    "tp": 31,
    "fp": 750,
    "fn": 402
  },
  "jaccard": [
    0.5885984023238925
  ],
  "braycurtis": [
    0.379387137003385
  ],
  "dice": [
    0.41703112940571135
  ],
  "cosinus": [
    0.10368949008040773
  ]
}