{
  "voc_eval_res": {
    "precision": 33.5505,
    "recall": 7.2946,
    "f-score": 11.9837
  },
  "KL_res": {
    "KL divergence": 2.9366736846682793,
    "Euclidean Dist.": 0.26938708905623154,
    "WER": 0.88604898828541,
    "CER": 0.7433462711394511,
    "Cosine Dist.": 0.17390531052091096
  },
  "occ_eval_res": {
    "precision": 41.2172,
    "recall": 15.8679,
    "f-score": 22.9143
  },
  "clean_eval": {
    "f-score": 7.320048800325337,
    "precision": 5.136986301369863,
    "recall": 12.729844413012732,
    "tp": 90,
    "fp": 1662,
    "fn": 617
  },
  "jaccard": [
    0.9301007556675063
  ],
  "braycurtis": [
    0.7520128824476651
  ],
  "dice": [
    0.8693349028840495
  ],
  "cosinus": [
    0.09659167057627616
  ]
}