{
  "voc_eval_res": {
    "precision": 34.7267,
    "recall": 7.3821,
    "f-score": 12.1759
  },
  "KL_res": {
    "KL divergence": 2.9691812775868165,
    "Euclidean Dist.": 0.27336380527036197,
    "WER": 0.8795731707317073,
    "CER": 0.7285076912832124,
    "Cosine Dist.": 0.15283196937275323
  },
  "occ_eval_res": {
    "precision": 40.125,
    "recall": 16.311,
    "f-score": 23.1936
  },
  "clean_eval": {
    "f-score": 7.929851315287838,
    "precision": 5.642973412913728,
    "recall": 13.333333333333334,
    "tp": 104,
    "fp": 1739,
    "fn": 676
  },
  "jaccard": [
    0.9272286234081262
  ],
  "braycurtis": [
    0.7504669406051551
  ],
  "dice": [
    0.8643301300169587
  ],
  "cosinus": [
    0.09515484793530138
  ]
}