{
  "voc_eval_res": {
    "precision": 41.5686,
    "recall": 12.8641,
    "f-score": 19.6478
  },
  "KL_res": {
    "KL divergence": 2.669981853501347,
    "Euclidean Dist.": 0.11250374353585589,
    "WER": 0.8747779751332149,
    "CER": 0.6796902499120028,
    "Cosine Dist.": 0.26930166753663176
  },
  "occ_eval_res": {
    "precision": 43.4783,
    "recall": 21.3144,
    "f-score": 28.6055
  },
  "clean_eval": {
    "f-score": 11.466666666666665,
    "precision": 8.3984375,
    "recall": 18.067226890756302,
    "tp": 86,
    "fp": 938,
    "fn": 390
  },
  "jaccard": [
    0.8897058823529411
  ],
  "braycurtis": [
    0.7467362924281984
  ],
  "dice": [
    0.8013245033112583
  ],
  "cosinus": [
    0.43512196468674325
  ]
}