{
  "voc_eval_res": {
    "precision": 74.8408,
    "recall": 22.7934,
    "f-score": 34.9442
  },
  "KL_res": {
    "KL divergence": 2.2362606982193167,
    "Euclidean Dist.": 0.21602180961625364,
    "WER": 0.6989795918367347,
    "CER": 0.5148105625717566,
    "Cosine Dist.": 0.2546044269397846
  },
  "occ_eval_res": {
    "precision": 69.4757,
    "recall": 34.4156,
    "f-score": 46.0298
  },
  "clean_eval": {
    "f-score": 28.04642166344294,
    "precision": 20.98408104196816,
    "recall": 42.27405247813411,
    "tp": 435,
    "fp": 1638,
    "fn": 594
  },
  "jaccard": [
    0.6300211416490487
  ],
  "braycurtis": [
    0.30060120240480964
  ],
  "dice": [
    0.45987654320987653
  ],
  "cosinus": [
    0.16356647752244113
  ]
}