{
  "voc_eval_res": {
    "precision": 76.1719,
    "recall": 12.8458,
    "f-score": 21.9842
  },
  "KL_res": {
    "KL divergence": 2.339283105146567,
    "Euclidean Dist.": 0.17980959614919523,
    "WER": 0.7787433155080213,
    "CER": 0.6372734809901693,
    "Cosine Dist.": 0.18757804701751712
  },
  "occ_eval_res": {
    "precision": 79.8611,
    "recall": 26.9051,
    "f-score": 40.25
  },
  "clean_eval": {
    "f-score": 20.477815699658702,
    "precision": 13.40282948622487,
    "recall": 43.373493975903614,
    "tp": 360,
    "fp": 2326,
    "fn": 470
  },
  "jaccard": [
    0.7331621568240174
  ],
  "braycurtis": [
    0.4178513731825525
  ],
  "dice": [
    0.5787340193327097
  ],
  "cosinus": [
    0.15954934878747484
  ]
}