{
  "voc_eval_res": {
    "precision": 51.5971,
    "recall": 50.1193,
    "f-score": 50.8475
  },
  "KL_res": {
    "KL divergence": 0.8936279215247579,
    "Euclidean Dist.": 0.043230543324133563,
    "WER": 0.7072847682119205,
    "CER": 0.5876967095851217,
    "Cosine Dist.": 0.05688517951612859
  },
  "occ_eval_res": {
    "precision": 63.4367,
    "recall": 65.0331,
    "f-score": 64.225
  },
  "clean_eval": {
    "f-score": 37.94799718903724,
    "precision": 38.243626062322946,
    "recall": 37.65690376569037,
    "tp": 270,
    "fp": 436,
    "fn": 447
  },
  "jaccard": [
    0.33404619332763047
  ],
  "braycurtis": [
    0.14975813398714466
  ],
  "dice": [
    0.20051347881899872
  ],
  "cosinus": [
    0.014096907260571001
  ]
}