{
  "voc_eval_res": {
    "precision": 32.1429,
    "recall": 7.2217,
    "f-score": 11.7936
  },
  "KL_res": {
    "KL divergence": 4.060471589685995,
    "Euclidean Dist.": 0.14732828416474916,
    "WER": 0.9335347432024169,
    "CER": 0.7613060231190428,
    "Cosine Dist.": 0.7587983478062705
  },
  "occ_eval_res": {
    "precision": 23.9583,
    "recall": 8.6858,
    "f-score": 12.7494
  },
  "clean_eval": {
    "f-score": 5.364940736119775,
    "precision": 3.7686240140227865,
    "recall": 9.307359307359308,
    "tp": 43,
    "fp": 1098,
    "fn": 419
  },
  "jaccard": [
    0.9294532627865961
  ],
  "braycurtis": [
    0.8538866160140269
  ],
  "dice": [
    0.8682042833607908
  ],
  "cosinus": [
    0.8189169453792894
  ]
}