{
  "voc_eval_res": {
    "precision": 10.7476,
    "recall": 39.2216,
    "f-score": 16.872
  },
  "KL_res": {
    "KL divergence": 0.40513437719244644,
    "Euclidean Dist.": 0.05600447877838335,
    "WER": 0.7438752120977584,
    "CER": 0.34250309455377786,
    "Cosine Dist.": 0.10657025065477943
  },
  "occ_eval_res": {
    "precision": 45.9982,
    "recall": 52.3452,
    "f-score": 48.9669
  },
  "clean_eval": {
    "f-score": 38.04938008730075,
    "precision": 40.6163796220723,
    "recall": 35.78756679502234,
    "tp": 39313,
    "fp": 57478,
    "fn": 70538
  },
  "jaccard": [
    0.8937798298402159
  ],
  "braycurtis": [
    0.47775551302488045
  ],
  "dice": [
    0.8079583558046287
  ],
  "cosinus": [
    0.0896938370802779
  ]
}