{
  "voc_eval_res": {
    "precision": 32.9939,
    "recall": 53.4653,
    "f-score": 40.806
  },
  "KL_res": {
    "KL divergence": 0.7292279586026498,
    "Euclidean Dist.": 0.08727956512283147,
    "WER": 1.4768637532133677,
    "CER": 1.3025641025641026,
    "Cosine Dist.": 0.059037287221235135
  },
  "occ_eval_res": {
    "precision": 40.884,
    "recall": 76.0925,
    "f-score": 53.1896
  },
  "clean_eval": {
    "f-score": 25.08409418548775,
    "precision": 36.81241184767278,
    "recall": 19.02332361516035,
    "tp": 261,
    "fp": 448,
    "fn": 1111
  },
  "jaccard": [
    0.7362459546925566
  ],
  "braycurtis": [
    0.46836595357305416
  ],
  "dice": [
    0.5825864276568502
  ],
  "cosinus": [
    0.06205081578246019
  ]
}