{
  "voc_eval_res": {
    "precision": 71.6049,
    "recall": 31.1828,
    "f-score": 43.4457
  },
  "KL_res": {
    "KL divergence": 1.9037414539182294,
    "Euclidean Dist.": 0.14362930978743063,
    "WER": 0.6043613707165109,
    "CER": 0.4752679307502061,
    "Cosine Dist.": 0.07598237447628575
  },
  "occ_eval_res": {
    "precision": 76.5306,
    "recall": 46.729,
    "f-score": 58.0271
  },
  "clean_eval": {
    "f-score": 51.48514851485149,
    "precision": 41.533546325878596,
    "recall": 67.70833333333334,
    "tp": 130,
    "fp": 183,
    "fn": 62
  },
  "jaccard": [
    0.7028301886792453
  ],
  "braycurtis": [
    0.3713235294117647
  ],
  "dice": [
    0.5418181818181819
  ],
  "cosinus": [
    0.09635718725130882
  ]
}