{
  "voc_eval_res": {
    "precision": 5.0249,
    "recall": 10.9227,
    "f-score": 6.8832
  },
  "KL_res": {
    "KL divergence": 1.1558161903493895,
    "Euclidean Dist.": 0.07075695165339711,
    "WER": 0.9335144663852636,
    "CER": 0.6900678765210181,
    "Cosine Dist.": 0.19372914994217538
  },
  "occ_eval_res": {
    "precision": 27.9493,
    "recall": 18.0276,
    "f-score": 21.9179
  },
  "clean_eval": {
    "f-score": 4.111481608443184,
    "precision": 3.42790826577981,
    "recall": 5.135591021149604,
    "tp": 1979,
    "fp": 55753,
    "fn": 36556
  },
  "jaccard": [
    0.9501677048394825
  ],
  "braycurtis": [
    0.7354208014864237
  ],
  "dice": [
    0.9050661798265632
  ],
  "cosinus": [
    0.1601959701525444
  ]
}