{
  "voc_eval_res": {
    "precision": 37.788,
    "recall": 4.6911,
    "f-score": 8.3461
  },
  "KL_res": {
    "KL divergence": 3.290327705335998,
    "Euclidean Dist.": 0.1196626730130229,
    "WER": 0.9440967876512307,
    "CER": 0.8303071336246691,
    "Cosine Dist.": 0.4782009208810244
  },
  "occ_eval_res": {
    "precision": 43.7975,
    "recall": 7.2174,
    "f-score": 12.3926
  },
  "clean_eval": {
    "f-score": 2.5690930323082917,
    "precision": 1.4918625678119348,
    "recall": 9.243697478991598,
    "tp": 33,
    "fp": 2179,
    "fn": 324
  },
  "jaccard": [
    0.9473972602739726
  ],
  "braycurtis": [
    0.8668280871670703
  ],
  "dice": [
    0.9000520562207184
  ],
  "cosinus": [
    0.6615840222906666
  ]
}