{
  "voc_eval_res": {
    "precision": 28.5726,
    "recall": 49.9158,
    "f-score": 36.3423
  },
  "KL_res": {
    "KL divergence": 0.4144484428731338,
    "Euclidean Dist.": 0.04226208469631197,
    "WER": 0.5056931804268865,
    "CER": 0.15867704096112004,
    "Cosine Dist.": 0.07932890805799364
  },
  "occ_eval_res": {
    "precision": 60.3149,
    "recall": 63.6269,
    "f-score": 61.9267
  },
  "clean_eval": {
    "f-score": 52.36394681770382,
    "precision": 52.77882718381396,
    "recall": 51.95553810871676,
    "tp": 25147,
    "fp": 22499,
    "fn": 23254
  },
  "jaccard": [
    0.6551612642470294
  ],
  "braycurtis": [
    0.17980301005929575
  ],
  "dice": [
    0.48716715754042195
  ],
  "cosinus": [
    0.02708744850538547
  ]
}