{
  "voc_eval_res": {
    "precision": 71.0563,
    "recall": 91.9801,
    "f-score": 80.1756
  },
  "KL_res": {
    "KL divergence": 0.04165108001953014,
    "Euclidean Dist.": 0.01360786838205408,
    "WER": 0.15607460495639408,
    "CER": 0.0968361276365603,
    "Cosine Dist.": 0.005917016652781104
  },
  "occ_eval_res": {
    "precision": 87.28,
    "recall": 95.6135,
    "f-score": 91.2569
  },
  "clean_eval": {
    "f-score": 82.72806675997347,
    "precision": 86.41560040452008,
    "recall": 79.34236289134252,
    "tp": 39307,
    "fp": 6179,
    "fn": 10234
  },
  "jaccard": [
    0.3140472078295912
  ],
  "braycurtis": [
    0.08180222612250339
  ],
  "dice": [
    0.1862728359228274
  ],
  "cosinus": [
    0.004291613524503579
  ]
}