{
  "voc_eval_res": {
    "precision": 29.2135,
    "recall": 1.5303,
    "f-score": 2.9083
  },
  "KL_res": {
    "KL divergence": 4.553439266300228,
    "Euclidean Dist.": 0.3635296637031258,
    "WER": 0.9871856866537717,
    "CER": 0.8982664233576643,
    "Cosine Dist.": 0.9506022363240115
  },
  "occ_eval_res": {
    "precision": 25.0996,
    "recall": 1.5232,
    "f-score": 2.8721
  },
  "clean_eval": {
    "f-score": 0.29433406916850624,
    "precision": 0.15682174594877157,
    "recall": 2.3904382470119523,
    "tp": 6,
    "fp": 3820,
    "fn": 245
  },
  "jaccard": [
    0.8889318137917713
  ],
  "braycurtis": [
    0.8255457772159285
  ],
  "dice": [
    0.8000695410292072
  ],
  "cosinus": [
    0.49910435996675584
  ]
}