{
  "voc_eval_res": {
    "precision": 5.8577,
    "recall": 1.2079,
    "f-score": 2.0029
  },
  "KL_res": {
    "KL divergence": 4.548628411218836,
    "Euclidean Dist.": 0.30749717757575334,
    "WER": 0.9932126696832579,
    "CER": 0.7592866292245541,
    "Cosine Dist.": 0.9493967006608022
  },
  "occ_eval_res": {
    "precision": 2.1858,
    "recall": 1.5083,
    "f-score": 1.7849
  },
  "clean_eval": {
    "f-score": 0.2795899347623485,
    "precision": 0.2407704654895666,
    "recall": 0.33333333333333337,
    "tp": 3,
    "fp": 1243,
    "fn": 897
  },
  "jaccard": [
    0.7466878643349232
  ],
  "braycurtis": [
    0.6081951864294762
  ],
  "dice": [
    0.5957716701902749
  ],
  "cosinus": [
    0.47711946318612297
  ]
}