{
  "voc_eval_res": {
    "precision": 16.6667,
    "recall": 2.0393,
    "f-score": 3.6339
  },
  "KL_res": {
    "KL divergence": 4.283417246576419,
    "Euclidean Dist.": 0.40094658670926264,
    "WER": 0.9728132387706856,
    "CER": 0.7593765221626887,
    "Cosine Dist.": 0.6702964205230237
  },
  "occ_eval_res": {
    "precision": 10.4054,
    "recall": 4.5508,
    "f-score": 6.3322
  },
  "clean_eval": {
    "f-score": 1.6253207869974338,
    "precision": 1.181592039800995,
    "recall": 2.6027397260273974,
    "tp": 19,
    "fp": 1589,
    "fn": 711
  },
  "jaccard": [
    0.9799861973775017
  ],
  "braycurtis": [
    0.9302813943721125
  ],
  "dice": [
    0.9607577807848444
  ],
  "cosinus": [
    0.7068531300774863
  ]
}