{
  "voc_eval_res": {
    "precision": 50.0,
    "recall": 13.8889,
    "f-score": 21.7391
  },
  "KL_res": {
    "KL divergence": 6.187702581328858,
    "Euclidean Dist.": 0.36486298798316064,
    "WER": 0.875,
    "CER": 0.7058823529411765,
    "Cosine Dist.": 0.6453365489340458
  },
  "occ_eval_res": {
    "precision": 50.0,
    "recall": 12.5,
    "f-score": 20.0
  },
  "clean_eval": {
    "f-score": 21.73913043478261,
    "precision": 13.513513513513514,
    "recall": 55.55555555555556,
    "tp": 5,
    "fp": 32,
    "fn": 4
  },
  "jaccard": [
    0.7205128205128205
  ],
  "braycurtis": [
    0.6116207951070336
  ],
  "dice": [
    0.56312625250501
  ],
  "cosinus": [
    0.46452785610614766
  ]
}