{
  "voc_eval_res": {
    "precision": 60.0,
    "recall": 22.2222,
    "f-score": 32.4324
  },
  "KL_res": {
    "KL divergence": 5.348591791081312,
    "Euclidean Dist.": 0.35158888542154165,
    "WER": 0.7931034482758621,
    "CER": 0.6117021276595744,
    "Cosine Dist.": 0.5196155385847385
  },
  "occ_eval_res": {
    "precision": 60.0,
    "recall": 20.6897,
    "f-score": 30.7692
  },
  "clean_eval": {
    "f-score": 32.43243243243243,
    "precision": 21.428571428571427,
    "recall": 66.66666666666666,
    "tp": 6,
    "fp": 22,
    "fn": 3
  },
  "jaccard": [
    0.6253968253968254
  ],
  "braycurtis": [
    0.5054545454545455
  ],
  "dice": [
    0.45496535796766746
  ],
  "cosinus": [
    0.37105456495348
  ]
}