{
  "voc_eval_res": {
    "precision": 17.757,
    "recall": 13.6364,
    "f-score": 15.4263
  },
  "KL_res": {
    "KL divergence": 4.314499214498107,
    "Euclidean Dist.": 0.1935611915124654,
    "WER": 1.1428571428571428,
    "CER": 1.6199636080062387,
    "Cosine Dist.": 0.8125551673761231
  },
  "occ_eval_res": {
    "precision": 11.6796,
    "recall": 13.6364,
    "f-score": 12.5824
  },
  "clean_eval": {
    "f-score": 8.636644046884639,
    "precision": 9.446693657219974,
    "recall": 7.954545454545454,
    "tp": 70,
    "fp": 671,
    "fn": 810
  },
  "jaccard": [
    0.5128205128205128
  ],
  "braycurtis": [
    0.3702457085156513
  ],
  "dice": [
    0.3448275862068966
  ],
  "cosinus": [
    0.07664008707688741
  ]
}