{
  "voc_eval_res": {
    "precision": 23.7668,
    "recall": 22.4101,
    "f-score": 23.0686
  },
  "KL_res": {
    "KL divergence": 3.4521191277957506,
    "Euclidean Dist.": 0.22824543317548376,
    "WER": 1.1161971830985915,
    "CER": 1.6976292265837545,
    "Cosine Dist.": 0.8539610548815237
  },
  "occ_eval_res": {
    "precision": 16.9767,
    "recall": 19.2782,
    "f-score": 18.0544
  },
  "clean_eval": {
    "f-score": 12.26890756302521,
    "precision": 13.129496402877697,
    "recall": 11.514195583596216,
    "tp": 146,
    "fp": 966,
    "fn": 1122
  },
  "jaccard": [
    0.43478260869565216
  ],
  "braycurtis": [
    0.39050131926121373
  ],
  "dice": [
    0.2777777777777778
  ],
  "cosinus": [
    0.08959730639875518
  ]
}