{
  "voc_eval_res": {
    "precision": 70.0,
    "recall": 23.7864,
    "f-score": 35.5072
  },
  "KL_res": {
    "KL divergence": 3.2431589072701223,
    "Euclidean Dist.": 0.4605626526484008,
    "WER": 0.6709154113557358,
    "CER": 0.524812734082397,
    "Cosine Dist.": 0.2913124919379141
  },
  "occ_eval_res": {
    "precision": 86.1878,
    "recall": 36.153,
    "f-score": 50.9388
  },
  "clean_eval": {
    "f-score": 13.025556471558119,
    "precision": 9.272300469483568,
    "recall": 21.88365650969529,
    "tp": 79,
    "fp": 773,
    "fn": 282
  },
  "jaccard": [
    0.48
  ],
  "braycurtis": [
    0.3220771850170261
  ],
  "dice": [
    0.3157894736842105
  ],
  "cosinus": [
    0.06584481573427448
  ]
}