{
  "voc_eval_res": {
    "precision": 4.2238,
    "recall": 13.6133,
    "f-score": 6.4472
  },
  "KL_res": {
    "KL divergence": 1.1132781251239074,
    "Euclidean Dist.": 0.07485385475719102,
    "WER": 0.8523913671439772,
    "CER": 0.4196113925270134,
    "Cosine Dist.": 0.26198775157756904
  },
  "occ_eval_res": {
    "precision": 25.1739,
    "recall": 25.3882,
    "f-score": 25.2806
  },
  "clean_eval": {
    "f-score": 6.453769559032716,
    "precision": 6.4186178114168495,
    "recall": 6.489308445970106,
    "tp": 4537,
    "fp": 66148,
    "fn": 65378
  },
  "jaccard": [
    0.7686237795907449
  ],
  "braycurtis": [
    0.35638960748755943
  ],
  "dice": [
    0.6241989790376887
  ],
  "cosinus": [
    0.09442541421163464
  ]
}