{
  "voc_eval_res": {
    "precision": 78.7879,
    "recall": 11.4035,
    "f-score": 19.9234
  },
  "KL_res": {
    "KL divergence": 4.069703451616337,
    "Euclidean Dist.": 0.2927108968722651,
    "WER": 0.8552821997105644,
    "CER": 0.693705557018699,
    "Cosine Dist.": 0.35454259395488463
  },
  "occ_eval_res": {
    "precision": 72.5352,
    "recall": 14.9059,
    "f-score": 24.7299
  },
  "clean_eval": {
    "f-score": 25.190839694656493,
    "precision": 15.348837209302326,
    "recall": 70.2127659574468,
    "tp": 99,
    "fp": 546,
    "fn": 42
  },
  "jaccard": [
    0.8663697104677061
  ],
  "braycurtis": [
    0.6650717703349283
  ],
  "dice": [
    0.7642436149312377
  ],
  "cosinus": [
    0.3202456138393548
  ]
}