{
  "voc_eval_res": {
    "precision": 32.8467,
    "recall": 2.0709,
    "f-score": 3.8961
  },
  "KL_res": {
    "KL divergence": 3.9581932136016045,
    "Euclidean Dist.": 0.16385486823707548,
    "WER": 0.9768550034036759,
    "CER": 0.9151577626389387,
    "Cosine Dist.": 0.6415161689367637
  },
  "occ_eval_res": {
    "precision": 33.7398,
    "recall": 2.8251,
    "f-score": 5.2136
  },
  "clean_eval": {
    "f-score": 1.0634762379528082,
    "precision": 0.579080709373869,
    "recall": 6.504065040650407,
    "tp": 16,
    "fp": 2747,
    "fn": 230
  },
  "jaccard": [
    0.7860565404887399
  ],
  "braycurtis": [
    0.8407996736026112
  ],
  "dice": [
    0.6475231892638642
  ],
  "cosinus": [
    0.19609967559420394
  ]
}