{
  "voc_eval_res": {
    "precision": 8.134,
    "recall": 1.2537,
    "f-score": 2.1725
  },
  "KL_res": {
    "KL divergence": 4.204548343328974,
    "Euclidean Dist.": 0.15478833111255602,
    "WER": 0.976051779935275,
    "CER": 0.8607638490652598,
    "Cosine Dist.": 0.7207400941089736
  },
  "occ_eval_res": {
    "precision": 9.3625,
    "recall": 3.0421,
    "f-score": 4.5921
  },
  "clean_eval": {
    "f-score": 0.6475984889368591,
    "precision": 0.4424778761061947,
    "recall": 1.2072434607645874,
    "tp": 6,
    "fp": 1350,
    "fn": 491
  },
  "jaccard": [
    0.46153846153846156
  ],
  "braycurtis": [
    0.6337382534953014
  ],
  "dice": [
    0.3
  ],
  "cosinus": [
    0.07183714789693962
  ]
}