{
  "voc_eval_res": {
    "precision": 24.2917,
    "recall": 33.4982,
    "f-score": 28.1616
  },
  "KL_res": {
    "KL divergence": 0.3825058866858986,
    "Euclidean Dist.": 0.04244732907942131,
    "WER": 0.7355959930425184,
    "CER": 0.5248490474264569,
    "Cosine Dist.": 0.07944916910838262
  },
  "occ_eval_res": {
    "precision": 61.5613,
    "recall": 37.1245,
    "f-score": 46.3173
  },
  "clean_eval": {
    "f-score": 36.60933976628099,
    "precision": 28.32890059904054,
    "recall": 51.729772419865824,
    "tp": 56985,
    "fp": 144170,
    "fn": 53174
  },
  "jaccard": [
    0.8218389107127034
  ],
  "braycurtis": [
    0.5383692206142676
  ],
  "dice": [
    0.6975607310286044
  ],
  "cosinus": [
    0.054499996232404535
  ]
}