{
  "voc_eval_res": {
    "precision": 21.0526,
    "recall": 2.311,
    "f-score": 4.1649
  },
  "KL_res": {
    "KL divergence": 4.20808964563602,
    "Euclidean Dist.": 0.23578727377064443,
    "WER": 0.9772230889235569,
    "CER": 0.8419897585954645,
    "Cosine Dist.": 0.9075745497753185
  },
  "occ_eval_res": {
    "precision": 17.3228,
    "recall": 2.7457,
    "f-score": 4.7401
  },
  "clean_eval": {
    "f-score": 1.9740552735476595,
    "precision": 1.1479173499508035,
    "recall": 7.042253521126761,
    "tp": 35,
    "fp": 3014,
    "fn": 462
  },
  "jaccard": [
    0.48214285714285715
  ],
  "braycurtis": [
    0.6456015116523199
  ],
  "dice": [
    0.3176470588235294
  ],
  "cosinus": [
    0.0457941062740298
  ]
}