{
  "voc_eval_res": {
    "precision": 20.915,
    "recall": 1.9394,
    "f-score": 3.5496
  },
  "KL_res": {
    "KL divergence": 4.467532119338025,
    "Euclidean Dist.": 0.23961730401358156,
    "WER": 0.9773116438356164,
    "CER": 0.8571126313562311,
    "Cosine Dist.": 0.8053093001652216
  },
  "occ_eval_res": {
    "precision": 19.3906,
    "recall": 2.9966,
    "f-score": 5.191
  },
  "clean_eval": {
    "f-score": 0.5345211581291759,
    "precision": 0.31645569620253167,
    "recall": 1.7191977077363898,
    "tp": 6,
    "fp": 1890,
    "fn": 343
  },
  "jaccard": [
    0.48148148148148145
  ],
  "braycurtis": [
    0.6572416485416318
  ],
  "dice": [
    0.3170731707317073
  ],
  "cosinus": [
    0.0383894272302282
  ]
}