{
  "voc_eval_res": {
    "precision": 10.3704,
    "recall": 0.4174,
    "f-score": 0.8025
  },
  "KL_res": {
    "KL divergence": 3.5673239266707713,
    "Euclidean Dist.": 0.20931413146409708,
    "WER": 0.9878391019644528,
    "CER": 0.9302526259410242,
    "Cosine Dist.": 0.5159612133349365
  },
  "occ_eval_res": {
    "precision": 26.5781,
    "recall": 1.8709,
    "f-score": 3.4957
  },
  "clean_eval": {
    "f-score": 0.2295684113865932,
    "precision": 0.12236906510034262,
    "recall": 1.8518518518518516,
    "tp": 5,
    "fp": 4081,
    "fn": 265
  },
  "jaccard": [
    0.9951836243226971
  ],
  "braycurtis": [
    0.9717635798037808
  ],
  "dice": [
    0.9904134212103056
  ],
  "cosinus": [
    0.6734468539670239
  ]
}