{
  "voc_eval_res": {
    "precision": 68.5726,
    "recall": 92.7368,
    "f-score": 78.8448
  },
  "KL_res": {
    "KL divergence": 0.03724545059282402,
    "Euclidean Dist.": 0.013862289465470985,
    "WER": 0.18337022689540675,
    "CER": 0.09654057041169925,
    "Cosine Dist.": 0.0030849211152834677
  },
  "occ_eval_res": {
    "precision": 85.9219,
    "recall": 95.5423,
    "f-score": 90.4771
  },
  "clean_eval": {
    "f-score": 78.40023450991887,
    "precision": 83.81339074038749,
    "recall": 73.64388415999234,
    "tp": 61514,
    "fp": 11880,
    "fn": 22015
  },
  "jaccard": [
    0.6036968811535286
  ],
  "braycurtis": [
    0.08811316746949151
  ],
  "dice": [
    0.432353743972341
  ],
  "cosinus": [
    0.00916655428676616
  ]
}