{
  "voc_eval_res": {
    "precision": 56.7669,
    "recall": 52.7972,
    "f-score": 54.7101
  },
  "KL_res": {
    "KL divergence": 1.105561146360398,
    "Euclidean Dist.": 0.05646787902330792,
    "WER": 0.6930022573363431,
    "CER": 0.5588163958282804,
    "Cosine Dist.": 0.05578524342449975
  },
  "occ_eval_res": {
    "precision": 60.917,
    "recall": 62.9797,
    "f-score": 61.9312
  },
  "clean_eval": {
    "f-score": 44.15887850467289,
    "precision": 44.680851063829785,
    "recall": 43.648960739030024,
    "tp": 189,
    "fp": 234,
    "fn": 244
  },
  "jaccard": [
    0.351126346718903
  ],
  "braycurtis": [
    0.16704315776958745
  ],
  "dice": [
    0.21294921294921296
  ],
  "cosinus": [
    0.023817000463954963
  ]
}