{
  "voc_eval_res": {
    "precision": 32.5926,
    "recall": 3.6125,
    "f-score": 6.5041
  },
  "KL_res": {
    "KL divergence": 4.337783676310346,
    "Euclidean Dist.": 0.4812849960119125,
    "WER": 0.952495490078172,
    "CER": 0.8480851382747508,
    "Cosine Dist.": 0.7362276825522089
  },
  "occ_eval_res": {
    "precision": 25.1816,
    "recall": 6.2538,
    "f-score": 10.0193
  },
  "clean_eval": {
    "f-score": 2.152742183495643,
    "precision": 1.3627514600908501,
    "recall": 5.121951219512195,
    "tp": 21,
    "fp": 1520,
    "fn": 389
  },
  "jaccard": [
    0.9590733590733591
  ],
  "braycurtis": [
    0.895925380461463
  ],
  "dice": [
    0.9213649851632048
  ],
  "cosinus": [
    0.8121072729035986
  ]
}