{
  "voc_eval_res": {
    "precision": 86.2944,
    "recall": 52.4691,
    "f-score": 65.2591
  },
  "KL_res": {
    "KL divergence": 0.4404057921968819,
    "Euclidean Dist.": 0.09236440512734496,
    "WER": 0.30173292558613657,
    "CER": 0.22387566137566137,
    "Cosine Dist.": 0.004696223948410738
  },
  "occ_eval_res": {
    "precision": 88.4174,
    "recall": 78.5933,
    "f-score": 83.2164
  },
  "clean_eval": {
    "f-score": 52.197802197802204,
    "precision": 49.32502596053998,
    "recall": 55.425904317386234,
    "tp": 475,
    "fp": 488,
    "fn": 382
  },
  "jaccard": [
    0.35185185185185186
  ],
  "braycurtis": [
    0.03343806104129264
  ],
  "dice": [
    0.21348314606741572
  ],
  "cosinus": [
    0.0019204388024687269
  ]
}