{
  "voc_eval_res": {
    "precision": 16.6928,
    "recall": 40.4175,
    "f-score": 23.6273
  },
  "KL_res": {
    "KL divergence": 0.5597647015745922,
    "Euclidean Dist.": 0.07399966559125087,
    "WER": 0.7597508800433252,
    "CER": 0.25174972757213504,
    "Cosine Dist.": 0.22358946671787994
  },
  "occ_eval_res": {
    "precision": 45.547,
    "recall": 55.0826,
    "f-score": 49.863
  },
  "clean_eval": {
    "f-score": 38.653539929896525,
    "precision": 42.800371199301274,
    "recall": 35.23928520063282,
    "tp": 39203,
    "fp": 52392,
    "fn": 72045
  },
  "jaccard": [
    0.8471731448763251
  ],
  "braycurtis": [
    0.45334977394163584
  ],
  "dice": [
    0.7348659003831418
  ],
  "cosinus": [
    0.09656969793955872
  ]
}