{
  "voc_eval_res": {
    "precision": 13.1148,
    "recall": 0.3733,
    "f-score": 0.726
  },
  "KL_res": {
    "KL divergence": 4.591138083951197,
    "Euclidean Dist.": 0.7061049117856601,
    "WER": 0.9862114248194354,
    "CER": 0.9145226651587974,
    "Cosine Dist.": 0.8640441909744252
  },
  "occ_eval_res": {
    "precision": 20.3463,
    "recall": 1.543,
    "f-score": 2.8685
  },
  "clean_eval": {
    "f-score": 0.39946737683089223,
    "precision": 0.21613832853025938,
    "recall": 2.631578947368421,
    "tp": 6,
    "fp": 2770,
    "fn": 222
  },
  "jaccard": [
    0.8858683441923163
  ],
  "braycurtis": [
    0.8670950719210145
  ],
  "dice": [
    0.7951199838677153
  ],
  "cosinus": [
    0.5862957136440659
  ]
}