{
  "voc_eval_res": {
    "precision": 10.6061,
    "recall": 0.4937,
    "f-score": 0.9434
  },
  "KL_res": {
    "KL divergence": 4.758091199162921,
    "Euclidean Dist.": 0.3009853548264228,
    "WER": 0.9872708757637475,
    "CER": 0.9301946994855766,
    "Cosine Dist.": 0.8280726771821191
  },
  "occ_eval_res": {
    "precision": 20.4225,
    "recall": 1.4766,
    "f-score": 2.754
  },
  "clean_eval": {
    "f-score": 1.5991471215351813,
    "precision": 0.8645533141210375,
    "recall": 10.638297872340425,
    "tp": 15,
    "fp": 1720,
    "fn": 126
  },
  "jaccard": [
    0.8961332784862197
  ],
  "braycurtis": [
    0.8772861356932153
  ],
  "dice": [
    0.8118129308738588
  ],
  "cosinus": [
    0.431777148442549
  ]
}