{
  "voc_eval_res": {
    "precision": 60.452,
    "recall": 92.746,
    "f-score": 73.1953
  },
  "KL_res": {
    "KL divergence": 0.07238346574602872,
    "Euclidean Dist.": 0.022864057571889203,
    "WER": 0.2551485650095813,
    "CER": 0.18795213003483074,
    "Cosine Dist.": 0.018337816016794184
  },
  "occ_eval_res": {
    "precision": 80.3587,
    "recall": 95.5221,
    "f-score": 87.2868
  },
  "clean_eval": {
    "f-score": 78.79876485902844,
    "precision": 87.31745499273174,
    "recall": 71.79449460309287,
    "tp": 39044,
    "fp": 5671,
    "fn": 15339
  },
  "jaccard": [
    0.41525851197982344
  ],
  "braycurtis": [
    0.12866363233402164
  ],
  "dice": [
    0.262035489774807
  ],
  "cosinus": [
    0.022122569667359038
  ]
}