{
  "voc_eval_res": {
    "precision": 22.3404,
    "recall": 1.3663,
    "f-score": 2.5751
  },
  "KL_res": {
    "KL divergence": 4.180652196459044,
    "Euclidean Dist.": 0.2497697592479148,
    "WER": 0.9903406202338587,
    "CER": 0.8891616976499473,
    "Cosine Dist.": 0.9044572623743365
  },
  "occ_eval_res": {
    "precision": 13.9013,
    "recall": 1.576,
    "f-score": 2.8311
  },
  "clean_eval": {
    "f-score": 0.4697040864255519,
    "precision": 0.2620545073375262,
    "recall": 2.262443438914027,
    "tp": 5,
    "fp": 1903,
    "fn": 216
  },
  "jaccard": [
    0.32558139534883723
  ],
  "braycurtis": [
    0.7680891680522199
  ],
  "dice": [
    0.19444444444444445
  ],
  "cosinus": [
    0.07270417627823378
  ]
}