{
  "voc_eval_res": {
    "precision": 4.878,
    "recall": 0.3313,
    "f-score": 0.6205
  },
  "KL_res": {
    "KL divergence": 3.708918794471982,
    "Euclidean Dist.": 0.26420236703189,
    "WER": 0.9975505205143906,
    "CER": 0.9112159980126693,
    "Cosine Dist.": 0.9766584551918485
  },
  "occ_eval_res": {
    "precision": 1.4885,
    "recall": 0.3368,
    "f-score": 0.5493
  },
  "clean_eval": {
    "f-score": 0.21935837674801206,
    "precision": 0.13679890560875513,
    "recall": 0.5532503457814661,
    "tp": 4,
    "fp": 2920,
    "fn": 719
  },
  "jaccard": [
    0.9955142582505607
  ],
  "braycurtis": [
    0.9912976708471973
  ],
  "dice": [
    0.9910685805422648
  ],
  "cosinus": [
    0.9716437002401901
  ]
}