{
  "voc_eval_res": {
    "precision": 4.4304,
    "recall": 3.0435,
    "f-score": 3.6082
  },
  "KL_res": {
    "KL divergence": 4.951968303230516,
    "Euclidean Dist.": 0.15428213659226778,
    "WER": 1.6434599156118144,
    "CER": 1.1926563916591115,
    "Cosine Dist.": 0.9578561346101623
  },
  "occ_eval_res": {
    "precision": 2.2901,
    "recall": 3.7975,
    "f-score": 2.8571
  },
  "clean_eval": {
    "f-score": 0.4995836802664446,
    "precision": 0.6578947368421052,
    "recall": 0.4026845637583893,
    "tp": 3,
    "fp": 453,
    "fn": 742
  },
  "jaccard": [
    0.9785522788203753
  ],
  "braycurtis": [
    0.9762258543833581
  ],
  "dice": [
    0.958005249343832
  ],
  "cosinus": [
    0.9846738814721566
  ]
}