{
  "voc_eval_res": {
    "precision": 9.9526,
    "recall": 0.6491,
    "f-score": 1.2188
  },
  "KL_res": {
    "KL divergence": 3.5617885047974993,
    "Euclidean Dist.": 0.2465844826169362,
    "WER": 0.9848747830399207,
    "CER": 0.8749255322484558,
    "Cosine Dist.": 0.6330733338868106
  },
  "occ_eval_res": {
    "precision": 15.6757,
    "recall": 2.1572,
    "f-score": 3.7925
  },
  "clean_eval": {
    "f-score": 0.23009664058904739,
    "precision": 0.13175230566534915,
    "recall": 0.9074410163339384,
    "tp": 5,
    "fp": 3790,
    "fn": 546
  },
  "jaccard": [
    0.9928804509047761
  ],
  "braycurtis": [
    0.9612040133779264
  ],
  "dice": [
    0.9858615611192931
  ],
  "cosinus": [
    0.7188697034834503
  ]
}