{
  "voc_eval_res": {
    "precision": 24.0786,
    "recall": 10.0927,
    "f-score": 14.2235
  },
  "KL_res": {
    "KL divergence": 3.024543806257323,
    "Euclidean Dist.": 0.09353593952236186,
    "WER": 0.8983320095313742,
    "CER": 0.6763576522216127,
    "Cosine Dist.": 0.3381254500176598
  },
  "occ_eval_res": {
    "precision": 29.7158,
    "recall": 18.2685,
    "f-score": 22.6267
  },
  "clean_eval": {
    "f-score": 4.242110708742887,
    "precision": 3.3717105263157894,
    "recall": 5.718270571827057,
    "tp": 41,
    "fp": 1175,
    "fn": 676
  },
  "jaccard": [
    0.9220365950676214
  ],
  "braycurtis": [
    0.7742574257425743
  ],
  "dice": [
    0.855350553505535
  ],
  "cosinus": [
    0.46049683168041367
  ]
}