{
  "voc_eval_res": {
    "precision": 37.5439,
    "recall": 3.1779,
    "f-score": 5.8598
  },
  "KL_res": {
    "KL divergence": 3.133756622757964,
    "Euclidean Dist.": 0.21669453750284537,
    "WER": 0.9241680305510093,
    "CER": 0.7903332190064111,
    "Cosine Dist.": 0.5105037319535816
  },
  "occ_eval_res": {
    "precision": 39.7001,
    "recall": 9.1471,
    "f-score": 14.8685
  },
  "clean_eval": {
    "f-score": 3.1464174454828657,
    "precision": 1.9445514054678474,
    "recall": 8.238172920065253,
    "tp": 101,
    "fp": 5093,
    "fn": 1125
  },
  "jaccard": [
    0.9660574412532638
  ],
  "braycurtis": [
    0.8373176032288109
  ],
  "dice": [
    0.9343434343434344
  ],
  "cosinus": [
    0.4768995761136593
  ]
}