{
  "voc_eval_res": {
    "precision": 10.0,
    "recall": 0.5027,
    "f-score": 0.9573
  },
  "KL_res": {
    "KL divergence": 3.8769320457130063,
    "Euclidean Dist.": 0.3002409286205925,
    "WER": 0.9830412662521198,
    "CER": 0.8930808448652585,
    "Cosine Dist.": 0.671209257679737
  },
  "occ_eval_res": {
    "precision": 16.1926,
    "recall": 2.0916,
    "f-score": 3.7046
  },
  "clean_eval": {
    "f-score": 0.33444816053511706,
    "precision": 0.19090041361756285,
    "recall": 1.348314606741573,
    "tp": 6,
    "fp": 3137,
    "fn": 439
  },
  "jaccard": [
    0.9950686861570975
  ],
  "braycurtis": [
    0.9663473983950298
  ],
  "dice": [
    0.9901857693655801
  ],
  "cosinus": [
    0.766029352372436
  ]
}