{
  "voc_eval_res": {
    "precision": 9.3525,
    "recall": 0.7151,
    "f-score": 1.3286
  },
  "KL_res": {
    "KL divergence": 3.946035046476707,
    "Euclidean Dist.": 0.30826165769863023,
    "WER": 0.9715852442671984,
    "CER": 0.890777991724364,
    "Cosine Dist.": 0.3713995510825101
  },
  "occ_eval_res": {
    "precision": 12.5737,
    "recall": 3.1904,
    "f-score": 5.0895
  },
  "clean_eval": {
    "f-score": 0.3676470588235294,
    "precision": 0.2380952380952381,
    "recall": 0.8064516129032258,
    "tp": 4,
    "fp": 1676,
    "fn": 492
  },
  "jaccard": [
    0.9918433931484503
  ],
  "braycurtis": [
    0.9450686641697877
  ],
  "dice": [
    0.9838187702265372
  ],
  "cosinus": [
    0.48944836915952405
  ]
}