{
  "voc_eval_res": {
    "precision": 35.0877,
    "recall": 2.7064,
    "f-score": 5.0251
  },
  "KL_res": {
    "KL divergence": 3.5907713616985157,
    "Euclidean Dist.": 0.3739703676565572,
    "WER": 0.8921389396709324,
    "CER": 0.7439367546563045,
    "Cosine Dist.": 0.1097891511305753
  },
  "occ_eval_res": {
    "precision": 49.1018,
    "recall": 14.9909,
    "f-score": 22.9692
  },
  "clean_eval": {
    "f-score": 1.3196480938416422,
    "precision": 0.8695652173913043,
    "recall": 2.735562310030395,
    "tp": 9,
    "fp": 1026,
    "fn": 320
  },
  "jaccard": [
    0.8313833448038541
  ],
  "braycurtis": [
    0.5572250951312323
  ],
  "dice": [
    0.7114252061248527
  ],
  "cosinus": [
    0.21603757666025647
  ]
}