{
  "voc_eval_res": {
    "precision": 6.1605,
    "recall": 16.6343,
    "f-score": 8.9911
  },
  "KL_res": {
    "KL divergence": 1.0391312356327131,
    "Euclidean Dist.": 0.07268175770534059,
    "WER": 0.9064020465147385,
    "CER": 0.42806596701649174,
    "Cosine Dist.": 0.2355394342247107
  },
  "occ_eval_res": {
    "precision": 26.8005,
    "recall": 28.571,
    "f-score": 27.6574
  },
  "clean_eval": {
    "f-score": 10.295319435319755,
    "precision": 10.543503232793986,
    "recall": 10.058550942451,
    "tp": 6425,
    "fp": 54513,
    "fn": 57451
  },
  "jaccard": [
    0.7785838816714471
  ],
  "braycurtis": [
    0.34742651058946755
  ],
  "dice": [
    0.6374435951745097
  ],
  "cosinus": [
    0.08980983046268276
  ]
}