{
  "voc_eval_res": {
    "precision": 12.2807,
    "recall": 1.5582,
    "f-score": 2.7654
  },
  "KL_res": {
    "KL divergence": 3.8044150390410616,
    "Euclidean Dist.": 0.22377420028212744,
    "WER": 0.9545454545454546,
    "CER": 0.8201360699788462,
    "Cosine Dist.": 0.33618244721097434
  },
  "occ_eval_res": {
    "precision": 22.2857,
    "recall": 5.3182,
    "f-score": 8.5872
  },
  "clean_eval": {
    "f-score": 0.3741114852225963,
    "precision": 0.2311604253351826,
    "recall": 0.9803921568627451,
    "tp": 5,
    "fp": 2158,
    "fn": 505
  },
  "jaccard": [
    0.9823143001515917
  ],
  "braycurtis": [
    0.9038901601830663
  ],
  "dice": [
    0.9652432969215492
  ],
  "cosinus": [
    0.30085821390470435
  ]
}