{
  "voc_eval_res": {
    "precision": 26.6272,
    "recall": 1.2748,
    "f-score": 2.4331
  },
  "KL_res": {
    "KL divergence": 3.4160135028794625,
    "Euclidean Dist.": 0.3041932595861991,
    "WER": 0.9739594450373532,
    "CER": 0.8951634620563365,
    "Cosine Dist.": 0.6772074135060001
  },
  "occ_eval_res": {
    "precision": 29.8387,
    "recall": 3.159,
    "f-score": 5.7132
  },
  "clean_eval": {
    "f-score": 0.7875566056310297,
    "precision": 0.43563493792202135,
    "recall": 4.098360655737705,
    "tp": 20,
    "fp": 4571,
    "fn": 468
  },
  "jaccard": [
    0.8288407474780883
  ],
  "braycurtis": [
    0.8124180044367054
  ],
  "dice": [
    0.707709686529229
  ],
  "cosinus": [
    0.41059671962827893
  ]
}