{
  "voc_eval_res": {
    "precision": 74.4021,
    "recall": 93.1558,
    "f-score": 82.7295
  },
  "KL_res": {
    "KL divergence": 0.023569567925588304,
    "Euclidean Dist.": 0.009273706469598342,
    "WER": 0.1007495339192634,
    "CER": 0.04118747643803611,
    "Cosine Dist.": 0.002489346472275389
  },
  "occ_eval_res": {
    "precision": 91.5961,
    "recall": 95.7374,
    "f-score": 93.621
  },
  "clean_eval": {
    "f-score": 85.75971268775369,
    "precision": 88.08114961961115,
    "recall": 83.55749954437762,
    "tp": 68772,
    "fp": 9306,
    "fn": 13533
  },
  "jaccard": [
    0.2902411421607034
  ],
  "braycurtis": [
    0.06202899309189868
  ],
  "dice": [
    0.16975560081466395
  ],
  "cosinus": [
    0.0037946780722004636
  ]
}