{
  "voc_eval_res": {
    "precision": 20.3297,
    "recall": 0.9408,
    "f-score": 1.7983
  },
  "KL_res": {
    "KL divergence": 3.6655859394246066,
    "Euclidean Dist.": 0.2582766846851972,
    "WER": 0.9910546139359698,
    "CER": 0.9009512871089361,
    "Cosine Dist.": 0.9055084606307879
  },
  "occ_eval_res": {
    "precision": 13.0016,
    "recall": 1.2712,
    "f-score": 2.3159
  },
  "clean_eval": {
    "f-score": 0.27730704051763977,
    "precision": 0.15264586160108548,
    "recall": 1.5126050420168067,
    "tp": 9,
    "fp": 5887,
    "fn": 586
  },
  "jaccard": [
    0.9923229321446261
  ],
  "braycurtis": [
    0.9763333904990568
  ],
  "dice": [
    0.9847628409928729
  ],
  "cosinus": [
    0.8895574106102803
  ]
}