{
  "voc_eval_res": {
    "precision": 14.6939,
    "recall": 1.087,
    "f-score": 2.0242
  },
  "KL_res": {
    "KL divergence": 4.328096068499725,
    "Euclidean Dist.": 0.2344742931553241,
    "WER": 0.9909983633387889,
    "CER": 0.8719508540605334,
    "Cosine Dist.": 0.944842164335609
  },
  "occ_eval_res": {
    "precision": 9.5238,
    "recall": 1.1457,
    "f-score": 2.0453
  },
  "clean_eval": {
    "f-score": 0.18936405239072115,
    "precision": 0.10666666666666667,
    "recall": 0.8426966292134831,
    "tp": 6,
    "fp": 5619,
    "fn": 706
  },
  "jaccard": [
    0.9875722543352601
  ],
  "braycurtis": [
    0.9709388971684053
  ],
  "dice": [
    0.9754496146160434
  ],
  "cosinus": [
    0.9051856753594048
  ]
}