{
  "voc_eval_res": {
    "precision": 16.0428,
    "recall": 0.8586,
    "f-score": 1.63
  },
  "KL_res": {
    "KL divergence": 3.8229112318663416,
    "Euclidean Dist.": 0.2630490655620223,
    "WER": 0.9909011373578303,
    "CER": 0.890810387284531,
    "Cosine Dist.": 0.8996329140466183
  },
  "occ_eval_res": {
    "precision": 11.1831,
    "recall": 1.2073,
    "f-score": 2.1794
  },
  "clean_eval": {
    "f-score": 0.3421727972626176,
    "precision": 0.19029495718363465,
    "recall": 1.694915254237288,
    "tp": 10,
    "fp": 5245,
    "fn": 580
  },
  "jaccard": [
    0.9932904668716802
  ],
  "braycurtis": [
    0.9788566953797964
  ],
  "dice": [
    0.9866703693418495
  ],
  "cosinus": [
    0.8999214682811323
  ]
}