{
  "voc_eval_res": {
    "precision": 63.585,
    "recall": 88.5035,
    "f-score": 74.0029
  },
  "KL_res": {
    "KL divergence": 0.05427406405231781,
    "Euclidean Dist.": 0.02065031050925341,
    "WER": 0.18585294411949313,
    "CER": 0.0919118083024877,
    "Cosine Dist.": 0.01763369848126639
  },
  "occ_eval_res": {
    "precision": 85.4317,
    "recall": 91.9604,
    "f-score": 88.5759
  },
  "clean_eval": {
    "f-score": 77.9390312816222,
    "precision": 80.23594563148828,
    "recall": 75.76996456800218,
    "tp": 88960,
    "fp": 21913,
    "fn": 28448
  },
  "jaccard": [
    0.560541742470184
  ],
  "braycurtis": [
    0.10056496735484775
  ],
  "dice": [
    0.38941159949445303
  ],
  "cosinus": [
    0.013688252890066144
  ]
}