{
  "voc_eval_res": {
    "precision": 11.3043,
    "recall": 3.3505,
    "f-score": 5.169
  },
  "KL_res": {
    "KL divergence": 4.24005621390066,
    "Euclidean Dist.": 0.1943589759760045,
    "WER": 0.9387755102040817,
    "CER": 0.7157469717362046,
    "Cosine Dist.": 0.2953485207712726
  },
  "occ_eval_res": {
    "precision": 16.6134,
    "recall": 11.7914,
    "f-score": 13.7931
  },
  "clean_eval": {
    "f-score": 1.6371077762619368,
    "precision": 1.3921113689095126,
    "recall": 1.9867549668874174,
    "tp": 6,
    "fp": 425,
    "fn": 296
  },
  "jaccard": [
    0.325
  ],
  "braycurtis": [
    0.25430693851746483
  ],
  "dice": [
    0.19402985074626866
  ],
  "cosinus": [
    0.046358225847051515
  ]
}