{
  "voc_eval_res": {
    "precision": 33.0935,
    "recall": 2.0345,
    "f-score": 3.8333
  },
  "KL_res": {
    "KL divergence": 3.594382860454341,
    "Euclidean Dist.": 0.2869090284417373,
    "WER": 0.9440828402366864,
    "CER": 0.8089961153138417,
    "Cosine Dist.": 0.3815992485334423
  },
  "occ_eval_res": {
    "precision": 33.3333,
    "recall": 6.7456,
    "f-score": 11.2205
  },
  "clean_eval": {
    "f-score": 1.1003405816085932,
    "precision": 0.6696428571428571,
    "recall": 3.0837004405286343,
    "tp": 21,
    "fp": 3115,
    "fn": 660
  },
  "jaccard": [
    0.8176152887411716
  ],
  "braycurtis": [
    0.6697162300975861
  ],
  "dice": [
    0.691496837666901
  ],
  "cosinus": [
    0.3355591700426219
  ]
}