{
  "voc_eval_res": {
    "precision": 65.1163,
    "recall": 26.6667,
    "f-score": 37.8378
  },
  "KL_res": {
    "KL divergence": 2.1079896060081578,
    "Euclidean Dist.": 0.15271908421663438,
    "WER": 0.6861435726210351,
    "CER": 0.5380962659184114,
    "Cosine Dist.": 0.09831682464772218
  },
  "occ_eval_res": {
    "precision": 62.766,
    "recall": 39.399,
    "f-score": 48.4103
  },
  "clean_eval": {
    "f-score": 28.335056876938992,
    "precision": 23.025210084033613,
    "recall": 36.82795698924731,
    "tp": 137,
    "fp": 458,
    "fn": 235
  },
  "jaccard": [
    0.7432712215320911
  ],
  "braycurtis": [
    0.48125
  ],
  "dice": [
    0.5914332784184514
  ],
  "cosinus": [
    0.11060702326149974
  ]
}