{
  "voc_eval_res": {
    "precision": 72.6852,
    "recall": 37.8313,
    "f-score": 49.7623
  },
  "KL_res": {
    "KL divergence": 1.9167573100348045,
    "Euclidean Dist.": 0.18882965292774145,
    "WER": 0.6453407510431154,
    "CER": 0.4680592171973231,
    "Cosine Dist.": 0.4994953208294033
  },
  "occ_eval_res": {
    "precision": 70.0461,
    "recall": 42.2809,
    "f-score": 52.732
  },
  "clean_eval": {
    "f-score": 38.556338028169016,
    "precision": 31.01983002832861,
    "recall": 50.93023255813953,
    "tp": 219,
    "fp": 487,
    "fn": 211
  },
  "jaccard": [
    0.6430062630480167
  ],
  "braycurtis": [
    0.38935574229691877
  ],
  "dice": [
    0.47384615384615386
  ],
  "cosinus": [
    0.10368985245891094
  ]
}