{
  "voc_eval_res": {
    "precision": 14.966,
    "recall": 0.9804,
    "f-score": 1.8402
  },
  "KL_res": {
    "KL divergence": 4.252869638312411,
    "Euclidean Dist.": 0.28548303077161075,
    "WER": 0.9756848261003386,
    "CER": 0.8838550247116969,
    "Cosine Dist.": 0.7108564373555479
  },
  "occ_eval_res": {
    "precision": 18.0723,
    "recall": 2.7701,
    "f-score": 4.8038
  },
  "clean_eval": {
    "f-score": 0.4142011834319526,
    "precision": 0.24255024255024255,
    "recall": 1.417004048582996,
    "tp": 7,
    "fp": 2879,
    "fn": 487
  },
  "jaccard": [
    0.8738621586475943
  ],
  "braycurtis": [
    0.7854479458835175
  ],
  "dice": [
    0.7759815242494227
  ],
  "cosinus": [
    0.35026298067774086
  ]
}