{
  "voc_eval_res": {
    "precision": 5.0193,
    "recall": 3.1863,
    "f-score": 3.8981
  },
  "KL_res": {
    "KL divergence": 4.072406443557395,
    "Euclidean Dist.": 0.22026755430668757,
    "WER": 1.3849129593810445,
    "CER": 1.0309696710807348,
    "Cosine Dist.": 0.44745011559925196
  },
  "occ_eval_res": {
    "precision": 9.5731,
    "recall": 14.3133,
    "f-score": 11.4729
  },
  "clean_eval": {
    "f-score": 1.273885350318471,
    "precision": 1.574803149606299,
    "recall": 1.06951871657754,
    "tp": 8,
    "fp": 500,
    "fn": 740
  },
  "jaccard": [
    0.6527538726333907
  ],
  "braycurtis": [
    0.4871332990221307
  ],
  "dice": [
    0.4845097412967103
  ],
  "cosinus": [
    0.2467839808539516
  ]
}