{
  "voc_eval_res": {
    "precision": 20.9677,
    "recall": 0.8763,
    "f-score": 1.6823
  },
  "KL_res": {
    "KL divergence": 4.632050141969305,
    "Euclidean Dist.": 0.34939839076311113,
    "WER": 0.9795652981608768,
    "CER": 0.8967664189596305,
    "Cosine Dist.": 0.843669714213063
  },
  "occ_eval_res": {
    "precision": 26.6393,
    "recall": 2.415,
    "f-score": 4.4285
  },
  "clean_eval": {
    "f-score": 0.18152114721365037,
    "precision": 0.09856100926473486,
    "recall": 1.146788990825688,
    "tp": 5,
    "fp": 5068,
    "fn": 431
  },
  "jaccard": [
    0.8763216917654598
  ],
  "braycurtis": [
    0.813816613735031
  ],
  "dice": [
    0.7798688337610493
  ],
  "cosinus": [
    0.3753962728526842
  ]
}