{
  "voc_eval_res": {
    "precision": 13.9241,
    "recall": 0.8079,
    "f-score": 1.5272
  },
  "KL_res": {
    "KL divergence": 4.097319336719194,
    "Euclidean Dist.": 0.2978350163882566,
    "WER": 0.9784440039643211,
    "CER": 0.8734902615066555,
    "Cosine Dist.": 0.8239257524227309
  },
  "occ_eval_res": {
    "precision": 17.6364,
    "recall": 2.4034,
    "f-score": 4.2303
  },
  "clean_eval": {
    "f-score": 0.3717472118959108,
    "precision": 0.2123705866737457,
    "recall": 1.48975791433892,
    "tp": 8,
    "fp": 3759,
    "fn": 529
  },
  "jaccard": [
    0.8388164298228538
  ],
  "braycurtis": [
    0.7937344818073139
  ],
  "dice": [
    0.7223805532271584
  ],
  "cosinus": [
    0.410975662027409
  ]
}