{
  "voc_eval_res": {
    "precision": 31.291,
    "recall": 4.8839,
    "f-score": 8.449
  },
  "KL_res": {
    "KL divergence": 3.5549835445445703,
    "Euclidean Dist.": 0.2850330353117896,
    "WER": 0.8983320095313742,
    "CER": 0.7215331979044157,
    "Cosine Dist.": 0.4174896943192895
  },
  "occ_eval_res": {
    "precision": 42.2941,
    "recall": 11.4218,
    "f-score": 17.9862
  },
  "clean_eval": {
    "f-score": 4.339305711086227,
    "precision": 2.8341561528615835,
    "recall": 9.253731343283581,
    "tp": 155,
    "fp": 5314,
    "fn": 1520
  },
  "jaccard": [
    0.6950664800559833
  ],
  "braycurtis": [
    0.5244457770365234
  ],
  "dice": [
    0.5326451266925861
  ],
  "cosinus": [
    0.21189213030982923
  ]
}