{
  "voc_eval_res": {
    "precision": 46.6087,
    "recall": 35.4967,
    "f-score": 40.3008
  },
  "KL_res": {
    "KL divergence": 1.6267803304515718,
    "Euclidean Dist.": 0.2582625699538394,
    "WER": 1.078422684980062,
    "CER": 1.1788127588461819,
    "Cosine Dist.": 0.3266271894748778
  },
  "occ_eval_res": {
    "precision": 40.7186,
    "recall": 48.2056,
    "f-score": 44.1469
  },
  "clean_eval": {
    "f-score": 24.325446243254458,
    "precision": 26.455981941309254,
    "recall": 22.512485593545907,
    "tp": 586,
    "fp": 1629,
    "fn": 2017
  },
  "jaccard": [
    0.3333333333333333
  ],
  "braycurtis": [
    0.26032868283994925
  ],
  "dice": [
    0.2
  ],
  "cosinus": [
    0.047507745731448114
  ]
}