{
  "voc_eval_res": {
    "precision": 52.381,
    "recall": 37.5267,
    "f-score": 43.7267
  },
  "KL_res": {
    "KL divergence": 1.5483653801965285,
    "Euclidean Dist.": 0.15598036858244302,
    "WER": 1.6382070437566703,
    "CER": 1.4572016990603682,
    "Cosine Dist.": 0.31509743156487724
  },
  "occ_eval_res": {
    "precision": 31.1514,
    "recall": 56.8837,
    "f-score": 40.2568
  },
  "clean_eval": {
    "f-score": 29.934082977898413,
    "precision": 42.13973799126637,
    "recall": 23.211064341551413,
    "tp": 386,
    "fp": 530,
    "fn": 1277
  },
  "jaccard": [
    0.390625
  ],
  "braycurtis": [
    0.3346396690616155
  ],
  "dice": [
    0.24271844660194175
  ],
  "cosinus": [
    0.008169945327094918
  ]
}