{
  "voc_eval_res": {
    "precision": 72.2222,
    "recall": 40.625,
    "f-score": 52.0
  },
  "KL_res": {
    "KL divergence": 1.1406451060720648,
    "Euclidean Dist.": 0.14437025281676757,
    "WER": 0.453551912568306,
    "CER": 0.3899170389278877,
    "Cosine Dist.": 0.013197506845574525
  },
  "occ_eval_res": {
    "precision": 86.6197,
    "recall": 67.2131,
    "f-score": 75.6923
  },
  "clean_eval": {
    "f-score": 70.625,
    "precision": 62.77777777777778,
    "recall": 80.71428571428572,
    "tp": 113,
    "fp": 67,
    "fn": 27
  },
  "jaccard": [
    0.6176470588235294
  ],
  "braycurtis": [
    0.23867069486404835
  ],
  "dice": [
    0.44680851063829785
  ],
  "cosinus": [
    0.02698716899762643
  ]
}