{
  "voc_eval_res": {
    "precision": 81.1765,
    "recall": 49.2857,
    "f-score": 61.3333
  },
  "KL_res": {
    "KL divergence": 1.418781556336353,
    "Euclidean Dist.": 0.2776116003922108,
    "WER": 0.5365448504983389,
    "CER": 0.3458079873049458,
    "Cosine Dist.": 0.5907475047608923
  },
  "occ_eval_res": {
    "precision": 83.8398,
    "recall": 50.4153,
    "f-score": 62.9668
  },
  "clean_eval": {
    "f-score": 48.00849707912905,
    "precision": 38.53367433930094,
    "recall": 63.66197183098592,
    "tp": 452,
    "fp": 721,
    "fn": 258
  },
  "jaccard": [
    0.28846153846153844
  ],
  "braycurtis": [
    0.12648108493932905
  ],
  "dice": [
    0.16853932584269662
  ],
  "cosinus": [
    0.02975854014145418
  ]
}