{
  "voc_eval_res": {
    "precision": 84.0426,
    "recall": 46.8843,
    "f-score": 60.1905
  },
  "KL_res": {
    "KL divergence": 0.9871073229502851,
    "Euclidean Dist.": 0.0728288471425628,
    "WER": 0.43098159509202455,
    "CER": 0.33413461538461536,
    "Cosine Dist.": 0.06153331268877893
  },
  "occ_eval_res": {
    "precision": 80.9339,
    "recall": 63.8037,
    "f-score": 71.3551
  },
  "clean_eval": {
    "f-score": 54.973821989528794,
    "precision": 49.29577464788733,
    "recall": 62.1301775147929,
    "tp": 315,
    "fp": 324,
    "fn": 192
  },
  "jaccard": [
    0.3137254901960784
  ],
  "braycurtis": [
    0.07535859558980947
  ],
  "dice": [
    0.18604651162790697
  ],
  "cosinus": [
    0.0019835965277752443
  ]
}