{
  "voc_eval_res": {
    "precision": 31.9149,
    "recall": 1.1433,
    "f-score": 2.2075
  },
  "KL_res": {
    "KL divergence": 4.543089912932675,
    "Euclidean Dist.": 0.4336417640829766,
    "WER": 0.9657085224407463,
    "CER": 0.9178410372040586,
    "Cosine Dist.": 0.6553435200418837
  },
  "occ_eval_res": {
    "precision": 38.0,
    "recall": 3.8326,
    "f-score": 6.9629
  },
  "clean_eval": {
    "f-score": 4.139970428782652,
    "precision": 2.2938285090114694,
    "recall": 21.21212121212121,
    "tp": 42,
    "fp": 1789,
    "fn": 156
  },
  "jaccard": [
    0.98923904688701
  ],
  "braycurtis": [
    0.9233753637245393
  ],
  "dice": [
    0.9787072243346008
  ],
  "cosinus": [
    0.7336628971890685
  ]
}