{
  "voc_eval_res": {
    "precision": 37.963,
    "recall": 2.5293,
    "f-score": 4.7426
  },
  "KL_res": {
    "KL divergence": 4.650185910910976,
    "Euclidean Dist.": 0.2730722783453306,
    "WER": 0.9736316420295645,
    "CER": 0.9193608094768015,
    "Cosine Dist.": 0.7964384940423549
  },
  "occ_eval_res": {
    "precision": 40.9574,
    "recall": 3.0763,
    "f-score": 5.7228
  },
  "clean_eval": {
    "f-score": 3.709428129829985,
    "precision": 1.99501246882793,
    "recall": 26.373626373626376,
    "tp": 48,
    "fp": 2358,
    "fn": 134
  },
  "jaccard": [
    0.46153846153846156
  ],
  "braycurtis": [
    0.8388508584895074
  ],
  "dice": [
    0.3
  ],
  "cosinus": [
    0.05116328233220824
  ]
}