{
  "voc_eval_res": {
    "precision": 6.9793,
    "recall": 22.0297,
    "f-score": 10.6003
  },
  "KL_res": {
    "KL divergence": 0.7884859639918979,
    "Euclidean Dist.": 0.07485144391540725,
    "WER": 1.0232473832308109,
    "CER": 0.7355604922300396,
    "Cosine Dist.": 0.25462573598418536
  },
  "occ_eval_res": {
    "precision": 34.8346,
    "recall": 37.3673,
    "f-score": 36.0565
  },
  "clean_eval": {
    "f-score": 10.719127016402332,
    "precision": 10.984355194388012,
    "recall": 10.466405254711205,
    "tp": 18978,
    "fp": 153795,
    "fn": 162345
  },
  "jaccard": [
    0.7957335861578573
  ],
  "braycurtis": [
    0.29046727087088603
  ],
  "dice": [
    0.6607620847110691
  ],
  "cosinus": [
    0.06299184456725049
  ]
}