{
  "voc_eval_res": {
    "precision": 76.9231,
    "recall": 38.4615,
    "f-score": 51.2821
  },
  "KL_res": {
    "KL divergence": 3.964666755074811,
    "Euclidean Dist.": 0.4157741366233785,
    "WER": 0.6612903225806451,
    "CER": 0.5725971370143149,
    "Cosine Dist.": 0.40402549422051226
  },
  "occ_eval_res": {
    "precision": 78.5714,
    "recall": 35.4839,
    "f-score": 48.8889
  },
  "clean_eval": {
    "f-score": 49.43820224719101,
    "precision": 36.0655737704918,
    "recall": 78.57142857142857,
    "tp": 22,
    "fp": 39,
    "fn": 6
  },
  "jaccard": [
    0.5623409669211196
  ],
  "braycurtis": [
    0.4355495251017639
  ],
  "dice": [
    0.3911504424778761
  ],
  "cosinus": [
    0.3179772523429869
  ]
}