{
  "voc_eval_res": {
    "precision": 18.6441,
    "recall": 44.0,
    "f-score": 26.1905
  },
  "KL_res": {
    "KL divergence": 2.84363853758631,
    "Euclidean Dist.": 0.2919907343463019,
    "WER": 2.5135135135135136,
    "CER": 2.3365384615384617,
    "Cosine Dist.": 0.48758628830319095
  },
  "occ_eval_res": {
    "precision": 16.3636,
    "recall": 48.6486,
    "f-score": 24.4898
  },
  "clean_eval": {
    "f-score": 21.42857142857143,
    "precision": 38.46153846153847,
    "recall": 14.85148514851485,
    "tp": 15,
    "fp": 24,
    "fn": 86
  },
  "jaccard": [
    0.6720116618075802
  ],
  "braycurtis": [
    0.6538461538461539
  ],
  "dice": [
    0.5060373216245884
  ],
  "cosinus": [
    0.34785989272676865
  ]
}