{
  "voc_eval_res": {
    "precision": 16.9492,
    "recall": 26.3158,
    "f-score": 20.6186
  },
  "KL_res": {
    "KL divergence": 3.291016576081037,
    "Euclidean Dist.": 0.4847460952493626,
    "WER": 0.888,
    "CER": 1.1472602739726028,
    "Cosine Dist.": 0.5820930834427915
  },
  "occ_eval_res": {
    "precision": 20.0,
    "recall": 17.6,
    "f-score": 18.7234
  },
  "clean_eval": {
    "f-score": 14.285714285714288,
    "precision": 13.008130081300814,
    "recall": 15.841584158415841,
    "tp": 16,
    "fp": 107,
    "fn": 85
  },
  "jaccard": [
    0.6983240223463687
  ],
  "braycurtis": [
    0.6478527607361964
  ],
  "dice": [
    0.5364806866952789
  ],
  "cosinus": [
    0.6090614733943415
  ]
}