{
  "voc_eval_res": {
    "precision": 16.9492,
    "recall": 38.4615,
    "f-score": 23.5294
  },
  "KL_res": {
    "KL divergence": 3.1511119809816766,
    "Euclidean Dist.": 0.2980307266870092,
    "WER": 2.0681818181818183,
    "CER": 1.9166666666666667,
    "Cosine Dist.": 0.5177419193867666
  },
  "occ_eval_res": {
    "precision": 17.2727,
    "recall": 43.1818,
    "f-score": 24.6753
  },
  "clean_eval": {
    "f-score": 26.38888888888889,
    "precision": 44.18604651162791,
    "recall": 18.81188118811881,
    "tp": 19,
    "fp": 24,
    "fn": 82
  },
  "jaccard": [
    0.6718092566619915
  ],
  "braycurtis": [
    0.6275811209439528
  ],
  "dice": [
    0.5058078141499472
  ],
  "cosinus": [
    0.3824598768780496
  ]
}