{
  "voc_eval_res": {
    "precision": 42.9719,
    "recall": 37.6761,
    "f-score": 40.1501
  },
  "KL_res": {
    "KL divergence": 1.0926399368617534,
    "Euclidean Dist.": 0.10616137328588449,
    "WER": 1.1623931623931625,
    "CER": 1.0385331347728965,
    "Cosine Dist.": 0.09026655396884797
  },
  "occ_eval_res": {
    "precision": 43.7977,
    "recall": 65.3846,
    "f-score": 52.4571
  },
  "clean_eval": {
    "f-score": 31.640396964389954,
    "precision": 39.16184971098266,
    "recall": 26.54260528893242,
    "tp": 271,
    "fp": 421,
    "fn": 750
  },
  "jaccard": [
    0.2692307692307692
  ],
  "braycurtis": [
    0.22771557365130143
  ],
  "dice": [
    0.15555555555555556
  ],
  "cosinus": [
    0.005571440542182504
  ]
}