{
  "voc_eval_res": {
    "precision": 45.3083,
    "recall": 47.0752,
    "f-score": 46.1749
  },
  "KL_res": {
    "KL divergence": 1.5374710431941976,
    "Euclidean Dist.": 0.3502038567252866,
    "WER": 0.9367710251688153,
    "CER": 0.9555484829195842,
    "Cosine Dist.": 0.5511328690565157
  },
  "occ_eval_res": {
    "precision": 49.6863,
    "recall": 48.6188,
    "f-score": 49.1468
  },
  "clean_eval": {
    "f-score": 26.277372262773724,
    "precision": 25.874999999999996,
    "recall": 26.692456479690524,
    "tp": 414,
    "fp": 1186,
    "fn": 1137
  },
  "jaccard": [
    0.21568627450980393
  ],
  "braycurtis": [
    0.21074078840132116
  ],
  "dice": [
    0.12087912087912088
  ],
  "cosinus": [
    0.05846288650504827
  ]
}