{
  "voc_eval_res": {
    "precision": 45.815,
    "recall": 53.0612,
    "f-score": 49.1726
  },
  "KL_res": {
    "KL divergence": 2.4508485885314566,
    "Euclidean Dist.": 0.2856458840542649,
    "WER": 1.0440835266821347,
    "CER": 0.8604683579592974,
    "Cosine Dist.": 0.46893041025571125
  },
  "occ_eval_res": {
    "precision": 46.3019,
    "recall": 53.0162,
    "f-score": 49.4321
  },
  "clean_eval": {
    "f-score": 28.78953107960741,
    "precision": 30.985915492957744,
    "recall": 26.883910386965375,
    "tp": 264,
    "fp": 588,
    "fn": 718
  },
  "jaccard": [
    0.26
  ],
  "braycurtis": [
    0.18669444082801717
  ],
  "dice": [
    0.14942528735632185
  ],
  "cosinus": [
    0.05894285085944062
  ]
}