{
  "voc_eval_res": {
    "precision": 38.0952,
    "recall": 2.5397,
    "f-score": 4.7619
  },
  "KL_res": {
    "KL divergence": 5.142352476857116,
    "Euclidean Dist.": 0.4360261028242326,
    "WER": 0.9817927170868347,
    "CER": 0.8843503937007874,
    "Cosine Dist.": 0.9048841007106232
  },
  "occ_eval_res": {
    "precision": 18.5567,
    "recall": 2.521,
    "f-score": 4.439
  },
  "clean_eval": {
    "f-score": 3.3678756476683933,
    "precision": 1.9230769230769231,
    "recall": 13.541666666666666,
    "tp": 13,
    "fp": 663,
    "fn": 83
  },
  "jaccard": [
    0.971875
  ],
  "braycurtis": [
    0.9168646080760094
  ],
  "dice": [
    0.9452887537993921
  ],
  "cosinus": [
    0.6610717126574659
  ]
}