{
  "voc_eval_res": {
    "precision": 2.3495,
    "recall": 1.9876,
    "f-score": 2.1534
  },
  "KL_res": {
    "KL divergence": 4.381050109315493,
    "Euclidean Dist.": 0.19024913561203372,
    "WER": 2.952046783625731,
    "CER": 2.4575585072738773,
    "Cosine Dist.": 0.7776210199283633
  },
  "occ_eval_res": {
    "precision": 1.6047,
    "recall": 4.7953,
    "f-score": 2.4047
  },
  "clean_eval": {
    "f-score": 0.3073140749846343,
    "precision": 0.6002400960384154,
    "recall": 0.20652622883106153,
    "tp": 5,
    "fp": 828,
    "fn": 2416
  },
  "jaccard": [
    0.6661375661375661
  ],
  "braycurtis": [
    0.6497231381820444
  ],
  "dice": [
    0.49940499801666005
  ],
  "cosinus": [
    0.2908505657777075
  ]
}