{
  "voc_eval_res": {
    "precision": 2.4938,
    "recall": 0.2045,
    "f-score": 0.3779
  },
  "KL_res": {
    "KL divergence": 3.1383154948469136,
    "Euclidean Dist.": 0.1852721870235503,
    "WER": 0.9950166112956811,
    "CER": 0.8017530404294949,
    "Cosine Dist.": 0.9312005285851155
  },
  "occ_eval_res": {
    "precision": 1.619,
    "recall": 0.6275,
    "f-score": 0.9045
  },
  "clean_eval": {
    "f-score": 0.08169934640522877,
    "precision": 0.05668934240362812,
    "recall": 0.14619883040935672,
    "tp": 3,
    "fp": 5289,
    "fn": 2049
  },
  "jaccard": [
    0.7746798508672395
  ],
  "braycurtis": [
    0.6458077646071867
  ],
  "dice": [
    0.6322264849847864
  ],
  "cosinus": [
    0.33917862666039256
  ]
}