{
  "voc_eval_res": {
    "precision": 2.3585,
    "recall": 0.2719,
    "f-score": 0.4876
  },
  "KL_res": {
    "KL divergence": 3.4089658382449755,
    "Euclidean Dist.": 0.19182866891231132,
    "WER": 0.9928816887579774,
    "CER": 0.7786238250634535,
    "Cosine Dist.": 0.8837252614937962
  },
  "occ_eval_res": {
    "precision": 1.7719,
    "recall": 0.9573,
    "f-score": 1.243
  },
  "clean_eval": {
    "f-score": 0.13116904410559108,
    "precision": 0.10129146619397315,
    "recall": 0.18604651162790697,
    "tp": 4,
    "fp": 3945,
    "fn": 2146
  },
  "jaccard": [
    0.7669322709163346
  ],
  "braycurtis": [
    0.6144870819291952
  ],
  "dice": [
    0.6219709208400647
  ],
  "cosinus": [
    0.3765917980337459
  ]
}