{
  "voc_eval_res": {
    "precision": 4.425,
    "recall": 19.5689,
    "f-score": 7.2179
  },
  "KL_res": {
    "KL divergence": 1.3140113220373109,
    "Euclidean Dist.": 0.10613865646755484,
    "WER": 1.3390894473690007,
    "CER": 0.6777058790097997,
    "Cosine Dist.": 0.4393587010078931
  },
  "occ_eval_res": {
    "precision": 21.28,
    "recall": 32.3055,
    "f-score": 25.6584
  },
  "clean_eval": {
    "f-score": 9.057596240969266,
    "precision": 12.63110812926311,
    "recall": 7.060176504412611,
    "tp": 5648,
    "fp": 39067,
    "fn": 74350
  },
  "jaccard": [
    0.9567343426045456
  ],
  "braycurtis": [
    0.7053989048666905
  ],
  "dice": [
    0.9170572574899696
  ],
  "cosinus": [
    0.1956479522212914
  ]
}