{
  "voc_eval_res": {
    "precision": 28.1497,
    "recall": 50.5423,
    "f-score": 36.16
  },
  "KL_res": {
    "KL divergence": 0.4227726073442007,
    "Euclidean Dist.": 0.04196860088729287,
    "WER": 0.5283268594446843,
    "CER": 0.17389037243035693,
    "Cosine Dist.": 0.08073282769227652
  },
  "occ_eval_res": {
    "precision": 57.9242,
    "recall": 65.5474,
    "f-score": 61.5005
  },
  "clean_eval": {
    "f-score": 54.326148978842404,
    "precision": 56.24214066383975,
    "recall": 52.53640014204933,
    "tp": 19232,
    "fp": 14963,
    "fn": 17375
  },
  "jaccard": [
    0.6519958083261884
  ],
  "braycurtis": [
    0.1717216534122969
  ],
  "dice": [
    0.48367491166077736
  ],
  "cosinus": [
    0.026867829752502348
  ]
}