{
  "voc_eval_res": {
    "precision": 68.5714,
    "recall": 19.0981,
    "f-score": 29.8755
  },
  "KL_res": {
    "KL divergence": 2.6177330721523173,
    "Euclidean Dist.": 0.2710213845434804,
    "WER": 0.7251908396946565,
    "CER": 0.552487352445194,
    "Cosine Dist.": 0.09463352173278172
  },
  "occ_eval_res": {
    "precision": 73.9837,
    "recall": 34.7328,
    "f-score": 47.2727
  },
  "clean_eval": {
    "f-score": 17.75043936731107,
    "precision": 13.09987029831388,
    "recall": 27.520435967302454,
    "tp": 101,
    "fp": 670,
    "fn": 266
  },
  "jaccard": [
    0.6627326373127553
  ],
  "braycurtis": [
    0.3130401626842908
  ],
  "dice": [
    0.4955872369314325
  ],
  "cosinus": [
    0.07547220630544915
  ]
}