{
  "voc_eval_res": {
    "precision": 40.2439,
    "recall": 1.8692,
    "f-score": 3.5724
  },
  "KL_res": {
    "KL divergence": 3.874120090323561,
    "Euclidean Dist.": 0.2396703212953004,
    "WER": 0.9779399568751037,
    "CER": 0.8946720590821171,
    "Cosine Dist.": 0.881596664538727
  },
  "occ_eval_res": {
    "precision": 33.7861,
    "recall": 3.3007,
    "f-score": 6.0139
  },
  "clean_eval": {
    "f-score": 1.2184508268059182,
    "precision": 0.6781631466770006,
    "recall": 5.993150684931506,
    "tp": 35,
    "fp": 5126,
    "fn": 549
  },
  "jaccard": [
    0.8805700067857951
  ],
  "braycurtis": [
    0.7983929148941463
  ],
  "dice": [
    0.7866235603152152
  ],
  "cosinus": [
    0.32577933545117066
  ]
}