{
  "voc_eval_res": {
    "precision": 29.2254,
    "recall": 14.5614,
    "f-score": 19.4379
  },
  "KL_res": {
    "KL divergence": 2.931015872691857,
    "Euclidean Dist.": 0.1087246879201426,
    "WER": 0.8808567603748326,
    "CER": 0.6711148648648648,
    "Cosine Dist.": 0.2976467593224885
  },
  "occ_eval_res": {
    "precision": 36.8737,
    "recall": 24.6319,
    "f-score": 29.5345
  },
  "clean_eval": {
    "f-score": 9.06713164777681,
    "precision": 7.482014388489208,
    "recall": 11.504424778761061,
    "tp": 52,
    "fp": 643,
    "fn": 400
  },
  "jaccard": [
    0.5994980279670132
  ],
  "braycurtis": [
    0.34654666801496614
  ],
  "dice": [
    0.4280593958013313
  ],
  "cosinus": [
    0.08117639172417113
  ]
}