{
  "voc_eval_res": {
    "precision": 23.3333,
    "recall": 3.8043,
    "f-score": 6.5421
  },
  "KL_res": {
    "KL divergence": 4.043625420475275,
    "Euclidean Dist.": 0.2134150262270835,
    "WER": 0.9518292682926829,
    "CER": 0.7648439166607409,
    "Cosine Dist.": 0.6054963348304438
  },
  "occ_eval_res": {
    "precision": 15.6338,
    "recall": 6.7683,
    "f-score": 9.4468
  },
  "clean_eval": {
    "f-score": 2.2686025408348462,
    "precision": 1.6556291390728477,
    "recall": 3.602305475504323,
    "tp": 25,
    "fp": 1485,
    "fn": 669
  },
  "jaccard": [
    0.9627547434996486
  ],
  "braycurtis": [
    0.8995276942893946
  ],
  "dice": [
    0.9281842818428184
  ],
  "cosinus": [
    0.7178299910476686
  ]
}