{
  "voc_eval_res": {
    "precision": 13.0233,
    "recall": 0.7035,
    "f-score": 1.3349
  },
  "KL_res": {
    "KL divergence": 3.4123002837531007,
    "Euclidean Dist.": 0.22586060219948872,
    "WER": 0.9880355075260517,
    "CER": 0.8870487579115903,
    "Cosine Dist.": 0.762939942651303
  },
  "occ_eval_res": {
    "precision": 13.1994,
    "recall": 1.7754,
    "f-score": 3.1298
  },
  "clean_eval": {
    "f-score": 0.9610250934329951,
    "precision": 0.5447941888619854,
    "recall": 4.072398190045249,
    "tp": 27,
    "fp": 4929,
    "fn": 636
  },
  "jaccard": [
    0.4444444444444444
  ],
  "braycurtis": [
    0.7501790014971035
  ],
  "dice": [
    0.2857142857142857
  ],
  "cosinus": [
    0.04707629044170081
  ]
}