{
  "voc_eval_res": {
    "precision": 4.9505,
    "recall": 3.4722,
    "f-score": 4.0816
  },
  "KL_res": {
    "KL divergence": 5.12523258512297,
    "Euclidean Dist.": 0.15679460697374514,
    "WER": 1.2183544303797469,
    "CER": 0.9446290143964563,
    "Cosine Dist.": 0.7332633943370526
  },
  "occ_eval_res": {
    "precision": 4.798,
    "recall": 6.0127,
    "f-score": 5.3371
  },
  "clean_eval": {
    "f-score": 1.1730205278592376,
    "precision": 1.3114754098360655,
    "recall": 1.0610079575596816,
    "tp": 4,
    "fp": 301,
    "fn": 373
  },
  "jaccard": [
    0.34210526315789475
  ],
  "braycurtis": [
    0.15108834827144688
  ],
  "dice": [
    0.20634920634920634
  ],
  "cosinus": [
    0.02445405236320919
  ]
}