{
  "voc_eval_res": {
    "precision": 8.7379,
    "recall": 2.4,
    "f-score": 3.7657
  },
  "KL_res": {
    "KL divergence": 4.306952152326205,
    "Euclidean Dist.": 0.24281862743606578,
    "WER": 0.9415073115860517,
    "CER": 0.7042678329060473,
    "Cosine Dist.": 0.31558286963679094
  },
  "occ_eval_res": {
    "precision": 11.6071,
    "recall": 7.3116,
    "f-score": 8.9717
  },
  "clean_eval": {
    "f-score": 0.8480565371024734,
    "precision": 0.6888633754305395,
    "recall": 1.1029411764705883,
    "tp": 6,
    "fp": 865,
    "fn": 538
  },
  "jaccard": [
    0.19444444444444445
  ],
  "braycurtis": [
    0.21548117154811716
  ],
  "dice": [
    0.1076923076923077
  ],
  "cosinus": [
    0.05754540502602856
  ]
}