{
  "voc_eval_res": {
    "precision": 16.7665,
    "recall": 0.9358,
    "f-score": 1.7727
  },
  "KL_res": {
    "KL divergence": 4.007763708604587,
    "Euclidean Dist.": 0.27200933795589133,
    "WER": 0.9912023460410557,
    "CER": 0.8783737485248773,
    "Cosine Dist.": 0.9200469705531873
  },
  "occ_eval_res": {
    "precision": 10.4712,
    "recall": 1.2568,
    "f-score": 2.2442
  },
  "clean_eval": {
    "f-score": 0.36697247706422015,
    "precision": 0.20969855832241152,
    "recall": 1.4678899082568808,
    "tp": 8,
    "fp": 3807,
    "fn": 537
  },
  "jaccard": [
    0.47368421052631576
  ],
  "braycurtis": [
    0.7121702915316983
  ],
  "dice": [
    0.3103448275862069
  ],
  "cosinus": [
    0.06306845069789979
  ]
}