{
  "voc_eval_res": {
    "precision": 7.9646,
    "recall": 0.7293,
    "f-score": 1.3363
  },
  "KL_res": {
    "KL divergence": 4.725344512217113,
    "Euclidean Dist.": 0.4622796586105871,
    "WER": 0.991578947368421,
    "CER": 0.8315122195345733,
    "Cosine Dist.": 0.9213463249697185
  },
  "occ_eval_res": {
    "precision": 4.2373,
    "recall": 1.0526,
    "f-score": 1.6863
  },
  "clean_eval": {
    "f-score": 0.46592894583576,
    "precision": 0.29239766081871343,
    "recall": 1.146131805157593,
    "tp": 4,
    "fp": 1364,
    "fn": 345
  },
  "jaccard": [
    0.5192307692307693
  ],
  "braycurtis": [
    0.6278295605858855
  ],
  "dice": [
    0.35064935064935066
  ],
  "cosinus": [
    0.1397593029428189
  ]
}