{
  "voc_eval_res": {
    "precision": 5.3191,
    "recall": 3.8462,
    "f-score": 4.4643
  },
  "KL_res": {
    "KL divergence": 5.603248084723345,
    "Euclidean Dist.": 0.16999715613837632,
    "WER": 1.065217391304348,
    "CER": 0.880184331797235,
    "Cosine Dist.": 0.6225472822270138
  },
  "occ_eval_res": {
    "precision": 7.2848,
    "recall": 7.971,
    "f-score": 7.6125
  },
  "clean_eval": {
    "f-score": 7.913669064748201,
    "precision": 8.02919708029197,
    "recall": 7.801418439716312,
    "tp": 11,
    "fp": 126,
    "fn": 130
  },
  "jaccard": [
    0.24242424242424243
  ],
  "braycurtis": [
    0.162595952547104
  ],
  "dice": [
    0.13793103448275862
  ],
  "cosinus": [
    0.03415404050164328
  ]
}