{
  "voc_eval_res": {
    "precision": 45.6349,
    "recall": 1.6061,
    "f-score": 3.1031
  },
  "KL_res": {
    "KL divergence": 3.148328350306839,
    "Euclidean Dist.": 0.21717914042610875,
    "WER": 0.9613352729500039,
    "CER": 0.8830012010141898,
    "Cosine Dist.": 0.5686703863716538
  },
  "occ_eval_res": {
    "precision": 57.2062,
    "recall": 5.926,
    "f-score": 10.7396
  },
  "clean_eval": {
    "f-score": 1.0312499999999998,
    "precision": 0.5714285714285714,
    "recall": 5.28,
    "tp": 66,
    "fp": 11484,
    "fn": 1184
  },
  "jaccard": [
    0.8764458464773922
  ],
  "braycurtis": [
    0.7723042821928802
  ],
  "dice": [
    0.7800655124005615
  ],
  "cosinus": [
    0.27192716373761394
  ]
}