{
  "voc_eval_res": {
    "precision": 27.9919,
    "recall": 5.1339,
    "f-score": 8.6765
  },
  "KL_res": {
    "KL divergence": 2.4013472337793598,
    "Euclidean Dist.": 0.18837419468857577,
    "WER": 0.9122227465785748,
    "CER": 0.748446768434961,
    "Cosine Dist.": 0.24240668911966878
  },
  "occ_eval_res": {
    "precision": 43.2624,
    "recall": 15.8329,
    "f-score": 23.1819
  },
  "clean_eval": {
    "f-score": 1.1855577510328723,
    "precision": 0.8080313418217433,
    "recall": 2.2252191503708696,
    "tp": 33,
    "fp": 4051,
    "fn": 1450
  },
  "jaccard": [
    0.6606299212598425
  ],
  "braycurtis": [
    0.5253227610043713
  ],
  "dice": [
    0.4932392710170488
  ],
  "cosinus": [
    0.16848848834628083
  ]
}