{
  "voc_eval_res": {
    "precision": 37.415,
    "recall": 2.0899,
    "f-score": 3.9587
  },
  "KL_res": {
    "KL divergence": 3.078315967808798,
    "Euclidean Dist.": 0.21402695861028795,
    "WER": 0.9720361200116516,
    "CER": 0.889709199031584,
    "Cosine Dist.": 0.8668697042702671
  },
  "occ_eval_res": {
    "precision": 45.6871,
    "recall": 4.4742,
    "f-score": 8.1503
  },
  "clean_eval": {
    "f-score": 0.48886172990389415,
    "precision": 0.2688664833486098,
    "recall": 2.689486552567237,
    "tp": 44,
    "fp": 16321,
    "fn": 1592
  },
  "jaccard": [
    0.81810316859522
  ],
  "braycurtis": [
    0.7920718985716578
  ],
  "dice": [
    0.6921950773172294
  ],
  "cosinus": [
    0.24768001127913286
  ]
}