{
  "voc_eval_res": {
    "precision": 11.1498,
    "recall": 3.2686,
    "f-score": 5.0553
  },
  "KL_res": {
    "KL divergence": 3.643840273424477,
    "Euclidean Dist.": 0.14042844269816332,
    "WER": 0.9268693508627773,
    "CER": 0.7205701878599075,
    "Cosine Dist.": 0.18830900443937626
  },
  "occ_eval_res": {
    "precision": 18.8679,
    "recall": 10.682,
    "f-score": 13.6411
  },
  "clean_eval": {
    "f-score": 0.43057050592034435,
    "precision": 0.33585222502099077,
    "recall": 0.5997001499250375,
    "tp": 4,
    "fp": 1187,
    "fn": 663
  },
  "jaccard": [
    0.6651061173533084
  ],
  "braycurtis": [
    0.4703229737964656
  ],
  "dice": [
    0.4982464344166472
  ],
  "cosinus": [
    0.12148352954237795
  ]
}