{
  "voc_eval_res": {
    "precision": 15.6085,
    "recall": 2.0268,
    "f-score": 3.5877
  },
  "KL_res": {
    "KL divergence": 3.8065321895929136,
    "Euclidean Dist.": 0.2840416578216076,
    "WER": 0.9842158859470469,
    "CER": 0.7455420322671951,
    "Cosine Dist.": 0.9105302649544279
  },
  "occ_eval_res": {
    "precision": 6.9214,
    "recall": 3.1823,
    "f-score": 4.36
  },
  "clean_eval": {
    "f-score": 0.3291880029261156,
    "precision": 0.2418704649287826,
    "recall": 0.5151688609044075,
    "tp": 9,
    "fp": 3712,
    "fn": 1738
  },
  "jaccard": [
    0.4909090909090909
  ],
  "braycurtis": [
    0.27643261583202977
  ],
  "dice": [
    0.3253012048192771
  ],
  "cosinus": [
    0.03710965193323856
  ]
}