{
  "voc_eval_res": {
    "precision": 83.3333,
    "recall": 44.7531,
    "f-score": 58.2329
  },
  "KL_res": {
    "KL divergence": 1.4704617389019727,
    "Euclidean Dist.": 0.12262790113385348,
    "WER": 0.5196629213483146,
    "CER": 0.3790987535953979,
    "Cosine Dist.": 0.13467374876445326
  },
  "occ_eval_res": {
    "precision": 81.59,
    "recall": 54.7753,
    "f-score": 65.5462
  },
  "clean_eval": {
    "f-score": 45.18900343642612,
    "precision": 37.84172661870503,
    "recall": 56.07675906183369,
    "tp": 263,
    "fp": 432,
    "fn": 206
  },
  "jaccard": [
    0.5417867435158501
  ],
  "braycurtis": [
    0.2629843363561418
  ],
  "dice": [
    0.3715415019762846
  ],
  "cosinus": [
    0.044664442431100904
  ]
}