{
  "voc_eval_res": {
    "precision": 25.1852,
    "recall": 0.8952,
    "f-score": 1.729
  },
  "KL_res": {
    "KL divergence": 3.4096657588765886,
    "Euclidean Dist.": 0.40183556316722446,
    "WER": 0.9778487752928647,
    "CER": 0.8976128016789087,
    "Cosine Dist.": 0.4131391878967645
  },
  "occ_eval_res": {
    "precision": 32.3467,
    "recall": 3.2588,
    "f-score": 5.9211
  },
  "clean_eval": {
    "f-score": 0.4058441558441558,
    "precision": 0.2242152466367713,
    "recall": 2.1367521367521367,
    "tp": 10,
    "fp": 4450,
    "fn": 458
  },
  "jaccard": [
    0.9897771952817824
  ],
  "braycurtis": [
    0.939499709133217
  ],
  "dice": [
    0.9797612869745719
  ],
  "cosinus": [
    0.555989299314203
  ]
}