{
  "voc_eval_res": {
    "precision": 35.2941,
    "recall": 3.4901,
    "f-score": 6.352
  },
  "KL_res": {
    "KL divergence": 4.149547745787105,
    "Euclidean Dist.": 0.21514811820609525,
    "WER": 0.9477362503798238,
    "CER": 0.7961255788266282,
    "Cosine Dist.": 0.7875344858193672
  },
  "occ_eval_res": {
    "precision": 34.0242,
    "recall": 5.986,
    "f-score": 10.1809
  },
  "clean_eval": {
    "f-score": 3.7614185921547563,
    "precision": 2.2179974651457544,
    "recall": 12.36749116607774,
    "tp": 70,
    "fp": 3086,
    "fn": 496
  },
  "jaccard": [
    0.9596474953617811
  ],
  "braycurtis": [
    0.8766447368421053
  ],
  "dice": [
    0.9224253232278199
  ],
  "cosinus": [
    0.6708357706816477
  ]
}