{
  "voc_eval_res": {
    "precision": 8.6207,
    "recall": 0.2886,
    "f-score": 0.5586
  },
  "KL_res": {
    "KL divergence": 3.230562890328328,
    "Euclidean Dist.": 0.287856853868806,
    "WER": 0.9866111276405831,
    "CER": 0.9141749078921854,
    "Cosine Dist.": 0.6926616763177413
  },
  "occ_eval_res": {
    "precision": 13.8135,
    "recall": 1.7406,
    "f-score": 3.0916
  },
  "clean_eval": {
    "f-score": 0.05621925509486998,
    "precision": 0.031240237425804434,
    "recall": 0.2805049088359046,
    "tp": 2,
    "fp": 6400,
    "fn": 711
  },
  "jaccard": [
    0.4423076923076923
  ],
  "braycurtis": [
    0.8117279666897987
  ],
  "dice": [
    0.2839506172839506
  ],
  "cosinus": [
    0.20082531637721246
  ]
}