{
  "voc_eval_res": {
    "precision": 16.5895,
    "recall": 44.0486,
    "f-score": 24.1018
  },
  "KL_res": {
    "KL divergence": 0.43410286716600693,
    "Euclidean Dist.": 0.04658709116282528,
    "WER": 0.7797423793903512,
    "CER": 0.3917070235471523,
    "Cosine Dist.": 0.07869238266943024
  },
  "occ_eval_res": {
    "precision": 48.8909,
    "recall": 62.687,
    "f-score": 54.936
  },
  "clean_eval": {
    "f-score": 39.28842826144677,
    "precision": 43.44199230613485,
    "recall": 35.85980980395434,
    "tp": 21456,
    "fp": 27934,
    "fn": 38377
  },
  "jaccard": [
    0.844897376065527
  ],
  "braycurtis": [
    0.41361305888562166
  ],
  "dice": [
    0.731447889182058
  ],
  "cosinus": [
    0.04866596928868239
  ]
}