{
  "voc_eval_res": {
    "precision": 10.7143,
    "recall": 5.7377,
    "f-score": 7.4733
  },
  "KL_res": {
    "KL divergence": 4.473721804005767,
    "Euclidean Dist.": 0.1457223540273467,
    "WER": 1.0240384615384615,
    "CER": 0.8925644916540213,
    "Cosine Dist.": 0.5798526622674615
  },
  "occ_eval_res": {
    "precision": 9.5349,
    "recall": 9.8558,
    "f-score": 9.6927
  },
  "clean_eval": {
    "f-score": 1.4814814814814814,
    "precision": 1.4962593516209477,
    "recall": 1.466992665036675,
    "tp": 6,
    "fp": 395,
    "fn": 403
  },
  "jaccard": [
    0.6368788142981692
  ],
  "braycurtis": [
    0.45793871866295266
  ],
  "dice": [
    0.4672209785737128
  ],
  "cosinus": [
    0.24542067553093616
  ]
}