{
  "voc_eval_res": {
    "precision": 12.0,
    "recall": 0.4605,
    "f-score": 0.8869
  },
  "KL_res": {
    "KL divergence": 3.690953842818483,
    "Euclidean Dist.": 0.3380676414178794,
    "WER": 0.9808352402745996,
    "CER": 0.9234799108984407,
    "Cosine Dist.": 0.4648541915655312
  },
  "occ_eval_res": {
    "precision": 30.6513,
    "recall": 2.2883,
    "f-score": 4.2587
  },
  "clean_eval": {
    "f-score": 0.11217049915872125,
    "precision": 0.060024009603841535,
    "recall": 0.8547008547008548,
    "tp": 2,
    "fp": 3330,
    "fn": 232
  },
  "jaccard": [
    0.42
  ],
  "braycurtis": [
    0.8368434883808237
  ],
  "dice": [
    0.26582278481012656
  ],
  "cosinus": [
    0.07380285527206021
  ]
}