{
  "voc_eval_res": {
    "precision": 13.8211,
    "recall": 1.2992,
    "f-score": 2.3751
  },
  "KL_res": {
    "KL divergence": 4.190565509872522,
    "Euclidean Dist.": 0.42951549325700045,
    "WER": 0.9774881516587678,
    "CER": 0.7850585864616763,
    "Cosine Dist.": 0.9533471378632536
  },
  "occ_eval_res": {
    "precision": 9.019,
    "recall": 2.7014,
    "f-score": 4.1575
  },
  "clean_eval": {
    "f-score": 0.11600928074245939,
    "precision": 0.07651109410864575,
    "recall": 0.2398081534772182,
    "tp": 3,
    "fp": 3918,
    "fn": 1248
  },
  "jaccard": [
    0.8023768449300365
  ],
  "braycurtis": [
    0.6824486776400962
  ],
  "dice": [
    0.6699743918053778
  ],
  "cosinus": [
    0.5144868092728523
  ]
}