{
  "voc_eval_res": {
    "precision": 13.3803,
    "recall": 0.8024,
    "f-score": 1.5139
  },
  "KL_res": {
    "KL divergence": 3.7619137973120527,
    "Euclidean Dist.": 0.19255739376571038,
    "WER": 0.9874237804878049,
    "CER": 0.9346440434509381,
    "Cosine Dist.": 0.5586777032514694
  },
  "occ_eval_res": {
    "precision": 17.7419,
    "recall": 2.096,
    "f-score": 3.7491
  },
  "clean_eval": {
    "f-score": 0.3940110323089047,
    "precision": 0.22411474675033619,
    "recall": 1.6286644951140066,
    "tp": 5,
    "fp": 2226,
    "fn": 302
  },
  "jaccard": [
    0.861048232631029
  ],
  "braycurtis": [
    0.8811041501381556
  ],
  "dice": [
    0.7560006115272894
  ],
  "cosinus": [
    0.39837027092068256
  ]
}