{
  "voc_eval_res": {
    "precision": 8.8889,
    "recall": 0.2592,
    "f-score": 0.5037
  },
  "KL_res": {
    "KL divergence": 3.432908059251618,
    "Euclidean Dist.": 0.40877093341779697,
    "WER": 0.9882887607061702,
    "CER": 0.9163874437880257,
    "Cosine Dist.": 0.6413984228568403
  },
  "occ_eval_res": {
    "precision": 17.5476,
    "recall": 1.4508,
    "f-score": 2.68
  },
  "clean_eval": {
    "f-score": 0.20815264527320035,
    "precision": 0.11327166320558807,
    "recall": 1.282051282051282,
    "tp": 6,
    "fp": 5291,
    "fn": 462
  },
  "jaccard": [
    0.8500904159132007
  ],
  "braycurtis": [
    0.8626593227416436
  ],
  "dice": [
    0.7392671803742726
  ],
  "cosinus": [
    0.5394236446164014
  ]
}