{
  "voc_eval_res": {
    "precision": 71.7791,
    "recall": 92.8105,
    "f-score": 80.9511
  },
  "KL_res": {
    "KL divergence": 0.022762162931178158,
    "Euclidean Dist.": 0.009851198843445048,
    "WER": 0.10273103001161565,
    "CER": 0.03982687228505365,
    "Cosine Dist.": 0.0026392454315304903
  },
  "occ_eval_res": {
    "precision": 91.4782,
    "recall": 94.9377,
    "f-score": 93.1759
  },
  "clean_eval": {
    "f-score": 84.60800062055391,
    "precision": 86.9717467573889,
    "recall": 82.36934017180076,
    "tp": 130889,
    "fp": 19607,
    "fn": 28016
  },
  "jaccard": [
    0.31534627111261676
  ],
  "braycurtis": [
    0.06699439848542434
  ],
  "dice": [
    0.18718758977305372
  ],
  "cosinus": [
    0.002514125222818686
  ]
}