{
  "voc_eval_res": {
    "precision": 10.7914,
    "recall": 0.2648,
    "f-score": 0.5169
  },
  "KL_res": {
    "KL divergence": 3.292306599192849,
    "Euclidean Dist.": 0.2797147922911672,
    "WER": 0.992101320985973,
    "CER": 0.9545830933179723,
    "Cosine Dist.": 0.7124806910680603
  },
  "occ_eval_res": {
    "precision": 19.7492,
    "recall": 0.858,
    "f-score": 1.6445
  },
  "clean_eval": {
    "f-score": 0.028149190710767064,
    "precision": 0.014718869590815427,
    "recall": 0.3215434083601286,
    "tp": 1,
    "fp": 6793,
    "fn": 310
  },
  "jaccard": [
    0.4909090909090909
  ],
  "braycurtis": [
    0.9086420593843639
  ],
  "dice": [
    0.3253012048192771
  ],
  "cosinus": [
    0.06272327818565904
  ]
}