{
  "voc_eval_res": {
    "precision": 71.6738,
    "recall": 93.7428,
    "f-score": 81.2361
  },
  "KL_res": {
    "KL divergence": 0.03631437200307164,
    "Euclidean Dist.": 0.01217731629025237,
    "WER": 0.15105957802769773,
    "CER": 0.09238933001193628,
    "Cosine Dist.": 0.004461332598583723
  },
  "occ_eval_res": {
    "precision": 87.9714,
    "recall": 97.0862,
    "f-score": 92.3043
  },
  "clean_eval": {
    "f-score": 84.32461483339304,
    "precision": 89.71481666785792,
    "recall": 79.54540653583726,
    "tp": 37656,
    "fp": 4317,
    "fn": 9683
  },
  "jaccard": [
    0.30873454354117336
  ],
  "braycurtis": [
    0.07657598822090551
  ],
  "dice": [
    0.18254647273858599
  ],
  "cosinus": [
    0.004867296830504908
  ]
}