{
  "voc_eval_res": {
    "precision": 16.8033,
    "recall": 0.8278,
    "f-score": 1.5778
  },
  "KL_res": {
    "KL divergence": 3.6021689518968865,
    "Euclidean Dist.": 0.18787752168836117,
    "WER": 0.9876443728176202,
    "CER": 0.9166873484660468,
    "Cosine Dist.": 0.7550765600481562
  },
  "occ_eval_res": {
    "precision": 20.5575,
    "recall": 1.5847,
    "f-score": 2.9426
  },
  "clean_eval": {
    "f-score": 0.7174392935982341,
    "precision": 0.38823353740480815,
    "recall": 4.71869328493648,
    "tp": 26,
    "fp": 6671,
    "fn": 525
  },
  "jaccard": [
    0.8080607862570202
  ],
  "braycurtis": [
    0.8498683055311677
  ],
  "dice": [
    0.6779379157427938
  ],
  "cosinus": [
    0.2628387841177543
  ]
}