{
  "voc_eval_res": {
    "precision": 20.4444,
    "recall": 1.4566,
    "f-score": 2.7195
  },
  "KL_res": {
    "KL divergence": 3.5286957357649955,
    "Euclidean Dist.": 0.21957213016014868,
    "WER": 0.9721461187214612,
    "CER": 0.8736592666500375,
    "Cosine Dist.": 0.44302523798964866
  },
  "occ_eval_res": {
    "precision": 26.8092,
    "recall": 3.7215,
    "f-score": 6.5357
  },
  "clean_eval": {
    "f-score": 0.8405127127547805,
    "precision": 0.4716981132075472,
    "recall": 3.8535645472061653,
    "tp": 20,
    "fp": 4220,
    "fn": 499
  },
  "jaccard": [
    0.7740058195926285
  ],
  "braycurtis": [
    0.7647625160462131
  ],
  "dice": [
    0.6313291139240507
  ],
  "cosinus": [
    0.23762532486812438
  ]
}