{
  "voc_eval_res": {
    "precision": 23.8876,
    "recall": 2.5411,
    "f-score": 4.5936
  },
  "KL_res": {
    "KL divergence": 3.3816259482177213,
    "Euclidean Dist.": 0.17343752715246277,
    "WER": 0.9709537123330226,
    "CER": 0.8604191290117283,
    "Cosine Dist.": 0.851815498032695
  },
  "occ_eval_res": {
    "precision": 25.2406,
    "recall": 3.6657,
    "f-score": 6.4017
  },
  "clean_eval": {
    "f-score": 1.5280380567968865,
    "precision": 0.8795220710255559,
    "recall": 5.817782656421515,
    "tp": 53,
    "fp": 5973,
    "fn": 858
  },
  "jaccard": [
    0.97184420459878
  ],
  "braycurtis": [
    0.9219076005961252
  ],
  "dice": [
    0.9452304883614788
  ],
  "cosinus": [
    0.8051401613749972
  ]
}