{
  "voc_eval_res": {
    "precision": 19.1781,
    "recall": 8.4337,
    "f-score": 11.7155
  },
  "KL_res": {
    "KL divergence": 4.328858053985816,
    "Euclidean Dist.": 0.09561348225950604,
    "WER": 0.944547134935305,
    "CER": 0.7278040008990785,
    "Cosine Dist.": 0.7290355453312445
  },
  "occ_eval_res": {
    "precision": 17.1717,
    "recall": 9.427,
    "f-score": 12.1718
  },
  "clean_eval": {
    "f-score": 6.593406593406594,
    "precision": 5.084745762711865,
    "recall": 9.375,
    "tp": 27,
    "fp": 504,
    "fn": 261
  },
  "jaccard": [
    0.9275147928994083
  ],
  "braycurtis": [
    0.8637413394919169
  ],
  "dice": [
    0.8648275862068966
  ],
  "cosinus": [
    0.82244031571027
  ]
}