{
  "voc_eval_res": {
    "precision": 24.375,
    "recall": 3.8729,
    "f-score": 6.6838
  },
  "KL_res": {
    "KL divergence": 3.872671823391685,
    "Euclidean Dist.": 0.14809219055518447,
    "WER": 0.9416403785488959,
    "CER": 0.8308522114347358,
    "Cosine Dist.": 0.331720241378765
  },
  "occ_eval_res": {
    "precision": 32.8947,
    "recall": 7.8864,
    "f-score": 12.7226
  },
  "clean_eval": {
    "f-score": 2.824858757062147,
    "precision": 1.7301038062283738,
    "recall": 7.6923076923076925,
    "tp": 20,
    "fp": 1136,
    "fn": 240
  },
  "jaccard": [
    0.9655797101449275
  ],
  "braycurtis": [
    0.9144079885877318
  ],
  "dice": [
    0.9334500875656743
  ],
  "cosinus": [
    0.814489026096851
  ]
}