{
  "voc_eval_res": {
    "precision": 19.2982,
    "recall": 0.5078,
    "f-score": 0.9897
  },
  "KL_res": {
    "KL divergence": 3.9955584510553335,
    "Euclidean Dist.": 0.4512597686201025,
    "WER": 0.9694179546201908,
    "CER": 0.8965746591286997,
    "Cosine Dist.": 0.365423720614239
  },
  "occ_eval_res": {
    "precision": 33.5329,
    "recall": 3.683,
    "f-score": 6.637
  },
  "clean_eval": {
    "f-score": 0.3052503052503053,
    "precision": 0.16966406515100102,
    "recall": 1.5197568389057752,
    "tp": 5,
    "fp": 2942,
    "fn": 324
  },
  "jaccard": [
    0.4166666666666667
  ],
  "braycurtis": [
    0.7795170133511907
  ],
  "dice": [
    0.2631578947368421
  ],
  "cosinus": [
    0.08398993294035628
  ]
}