{
  "voc_eval_res": {
    "precision": 8.5202,
    "recall": 3.1457,
    "f-score": 4.5949
  },
  "KL_res": {
    "KL divergence": 3.8054244257546586,
    "Euclidean Dist.": 0.22060188903152086,
    "WER": 0.9987046632124352,
    "CER": 0.7734687596183442,
    "Cosine Dist.": 0.4254079251463413
  },
  "occ_eval_res": {
    "precision": 13.1514,
    "recall": 13.7306,
    "f-score": 13.4347
  },
  "clean_eval": {
    "f-score": 1.0596026490066226,
    "precision": 1.0767160161507403,
    "recall": 1.0430247718383312,
    "tp": 8,
    "fp": 735,
    "fn": 759
  },
  "jaccard": [
    0.3333333333333333
  ],
  "braycurtis": [
    0.16964556195092395
  ],
  "dice": [
    0.2
  ],
  "cosinus": [
    0.054501263782249953
  ]
}