{
  "voc_eval_res": {
    "precision": 56.3107,
    "recall": 48.3333,
    "f-score": 52.0179
  },
  "KL_res": {
    "KL divergence": 0.703985892940549,
    "Euclidean Dist.": 0.11235354145510167,
    "WER": 0.5055187637969095,
    "CER": 0.3972680705748435,
    "Cosine Dist.": 0.012545213491661378
  },
  "occ_eval_res": {
    "precision": 80.7143,
    "recall": 74.8344,
    "f-score": 77.6632
  },
  "clean_eval": {
    "f-score": 27.001194743130224,
    "precision": 26.588235294117645,
    "recall": 27.427184466019416,
    "tp": 113,
    "fp": 312,
    "fn": 299
  },
  "jaccard": [
    0.40254652301665034
  ],
  "braycurtis": [
    0.10955377574370709
  ],
  "dice": [
    0.25199264255058246
  ],
  "cosinus": [
    0.005789028101053417
  ]
}