{
  "voc_eval_res": {
    "precision": 24.5902,
    "recall": 1.0274,
    "f-score": 1.9724
  },
  "KL_res": {
    "KL divergence": 4.740582858528337,
    "Euclidean Dist.": 0.5195864529815136,
    "WER": 0.9850171232876712,
    "CER": 0.8848102098546148,
    "Cosine Dist.": 0.9487936668636263
  },
  "occ_eval_res": {
    "precision": 16.0173,
    "recall": 1.5839,
    "f-score": 2.8827
  },
  "clean_eval": {
    "f-score": 0.8547008547008547,
    "precision": 0.4734848484848485,
    "recall": 4.385964912280701,
    "tp": 10,
    "fp": 2102,
    "fn": 218
  },
  "jaccard": [
    0.5370370370370371
  ],
  "braycurtis": [
    0.761836606171638
  ],
  "dice": [
    0.3670886075949367
  ],
  "cosinus": [
    0.17111719249848178
  ]
}