{
  "voc_eval_res": {
    "precision": 74.7368,
    "recall": 38.3784,
    "f-score": 50.7143
  },
  "KL_res": {
    "KL divergence": 1.4227684523065707,
    "Euclidean Dist.": 0.11242427974647964,
    "WER": 0.5242424242424243,
    "CER": 0.4263021795345401,
    "Cosine Dist.": 0.05348203602200219
  },
  "occ_eval_res": {
    "precision": 78.2051,
    "recall": 55.4545,
    "f-score": 64.8936
  },
  "clean_eval": {
    "f-score": 43.16546762589928,
    "precision": 37.03703703703704,
    "recall": 51.724137931034484,
    "tp": 120,
    "fp": 204,
    "fn": 112
  },
  "jaccard": [
    0.4790794979079498
  ],
  "braycurtis": [
    0.21542664985287935
  ],
  "dice": [
    0.3149931224209078
  ],
  "cosinus": [
    0.0390854747436874
  ]
}