{
  "voc_eval_res": {
    "precision": 20.6287,
    "recall": 45.824,
    "f-score": 28.45
  },
  "KL_res": {
    "KL divergence": 0.39716789758554927,
    "Euclidean Dist.": 0.039239621594213125,
    "WER": 0.5412750954355794,
    "CER": 0.16614384317156833,
    "Cosine Dist.": 0.05994635251478608
  },
  "occ_eval_res": {
    "precision": 56.3964,
    "recall": 60.1428,
    "f-score": 58.2094
  },
  "clean_eval": {
    "f-score": 48.26617927004345,
    "precision": 48.87292194984503,
    "recall": 47.674316912582306,
    "tp": 38159,
    "fp": 39919,
    "fn": 41882
  },
  "jaccard": [
    0.7322627352902461
  ],
  "braycurtis": [
    0.18300261564133746
  ],
  "dice": [
    0.577613954937182
  ],
  "cosinus": [
    0.025837660240950577
  ]
}