{
  "voc_eval_res": {
    "precision": 36.1257,
    "recall": 3.4116,
    "f-score": 6.2345
  },
  "KL_res": {
    "KL divergence": 2.5519844179587166,
    "Euclidean Dist.": 0.2530013524312813,
    "WER": 0.9008945051824506,
    "CER": 0.754880429477794,
    "Cosine Dist.": 0.6261566469913398
  },
  "occ_eval_res": {
    "precision": 47.196,
    "recall": 13.5028,
    "f-score": 20.998
  },
  "clean_eval": {
    "f-score": 1.1875654907439748,
    "precision": 0.7706255666364461,
    "recall": 2.5875190258751903,
    "tp": 51,
    "fp": 6567,
    "fn": 1920
  },
  "jaccard": [
    0.9626865671641791
  ],
  "braycurtis": [
    0.7633836858006042
  ],
  "dice": [
    0.9280575539568345
  ],
  "cosinus": [
    0.24261964224834387
  ]
}