{
  "voc_eval_res": {
    "precision": 42.4138,
    "recall": 5.2363,
    "f-score": 9.3217
  },
  "KL_res": {
    "KL divergence": 2.3526806438803947,
    "Euclidean Dist.": 0.1819328799805123,
    "WER": 0.8777719112988385,
    "CER": 0.748110233551405,
    "Cosine Dist.": 0.1381035252510312
  },
  "occ_eval_res": {
    "precision": 51.4075,
    "recall": 20.2482,
    "f-score": 29.053
  },
  "clean_eval": {
    "f-score": 1.5644820295983088,
    "precision": 1.0859994129732904,
    "recall": 2.7966742252456536,
    "tp": 37,
    "fp": 3370,
    "fn": 1286
  },
  "jaccard": [
    0.9439014024649384
  ],
  "braycurtis": [
    0.7093908629441624
  ],
  "dice": [
    0.8937625754527163
  ],
  "cosinus": [
    0.14525315329266353
  ]
}