{
  "voc_eval_res": {
    "precision": 64.9217,
    "recall": 92.9338,
    "f-score": 76.4423
  },
  "KL_res": {
    "KL divergence": 0.020231766220970754,
    "Euclidean Dist.": 0.009029687943655022,
    "WER": 0.1053687666813879,
    "CER": 0.041928018945226325,
    "Cosine Dist.": 0.00144862649589661
  },
  "occ_eval_res": {
    "precision": 91.3048,
    "recall": 94.7455,
    "f-score": 92.9933
  },
  "clean_eval": {
    "f-score": 85.27701548676812,
    "precision": 87.07502988262496,
    "recall": 83.5517533139043,
    "tp": 88874,
    "fp": 13192,
    "fn": 17496
  },
  "jaccard": [
    0.3811689279856866
  ],
  "braycurtis": [
    0.07132311301674622
  ],
  "dice": [
    0.23545935988947733
  ],
  "cosinus": [
    0.00242484403427512
  ]
}