{
  "voc_eval_res": {
    "precision": 9.2308,
    "recall": 2.963,
    "f-score": 4.486
  },
  "KL_res": {
    "KL divergence": 4.022207448926009,
    "Euclidean Dist.": 0.17057382349687916,
    "WER": 0.9505907626208379,
    "CER": 0.7285388127853881,
    "Cosine Dist.": 0.34604943938567767
  },
  "occ_eval_res": {
    "precision": 14.4161,
    "recall": 8.4855,
    "f-score": 10.6829
  },
  "clean_eval": {
    "f-score": 1.1355571327182399,
    "precision": 0.8978675645342313,
    "recall": 1.5444015444015444,
    "tp": 8,
    "fp": 883,
    "fn": 510
  },
  "jaccard": [
    0.6491949297704693
  ],
  "braycurtis": [
    0.520840937294693
  ],
  "dice": [
    0.48059852903880296
  ],
  "cosinus": [
    0.23780786882718652
  ]
}