{
  "voc_eval_res": {
    "precision": 31.4607,
    "recall": 3.7992,
    "f-score": 6.7797
  },
  "KL_res": {
    "KL divergence": 4.651210531968541,
    "Euclidean Dist.": 0.223969314323921,
    "WER": 0.9532994923857868,
    "CER": 0.83769263396013,
    "Cosine Dist.": 0.7529127689911417
  },
  "occ_eval_res": {
    "precision": 30.2857,
    "recall": 5.3807,
    "f-score": 9.1379
  },
  "clean_eval": {
    "f-score": 6.672845227062095,
    "precision": 3.9691289966923926,
    "recall": 20.930232558139537,
    "tp": 36,
    "fp": 871,
    "fn": 136
  },
  "jaccard": [
    0.38095238095238093
  ],
  "braycurtis": [
    0.6662399627603863
  ],
  "dice": [
    0.23529411764705882
  ],
  "cosinus": [
    0.027987434873259942
  ]
}