{
  "voc_eval_res": {
    "precision": 19.3548,
    "recall": 0.5217,
    "f-score": 1.0161
  },
  "KL_res": {
    "KL divergence": 3.995789918655007,
    "Euclidean Dist.": 0.33913905687157225,
    "WER": 0.9901892081289418,
    "CER": 0.9420469122228331,
    "Cosine Dist.": 0.7808863171694123
  },
  "occ_eval_res": {
    "precision": 18.4358,
    "recall": 1.1563,
    "f-score": 2.1761
  },
  "clean_eval": {
    "f-score": 1.0413051023950017,
    "precision": 0.552689756816507,
    "recall": 8.982035928143713,
    "tp": 15,
    "fp": 2699,
    "fn": 152
  },
  "jaccard": [
    0.9959910913140312
  ],
  "braycurtis": [
    0.9838945827232797
  ],
  "dice": [
    0.9920141969831411
  ],
  "cosinus": [
    0.8533013208167252
  ]
}