{
  "voc_eval_res": {
    "precision": 83.0189,
    "recall": 42.0382,
    "f-score": 55.814
  },
  "KL_res": {
    "KL divergence": 0.945570073187864,
    "Euclidean Dist.": 0.1804863043863462,
    "WER": 0.4520547945205479,
    "CER": 0.3196208530805687,
    "Cosine Dist.": 0.2320184098638448
  },
  "occ_eval_res": {
    "precision": 75.8741,
    "recall": 66.0578,
    "f-score": 70.6265
  },
  "clean_eval": {
    "f-score": 58.39536807278742,
    "precision": 54.898911353032666,
    "recall": 62.36749116607774,
    "tp": 353,
    "fp": 290,
    "fn": 213
  },
  "jaccard": [
    0.4120061570035916
  ],
  "braycurtis": [
    0.1572112098427888
  ],
  "dice": [
    0.2594507269789984
  ],
  "cosinus": [
    0.06991795933326028
  ]
}