{
  "voc_eval_res": {
    "precision": 75.6619,
    "recall": 92.5713,
    "f-score": 83.2668
  },
  "KL_res": {
    "KL divergence": 0.03503258168943633,
    "Euclidean Dist.": 0.010512042606929803,
    "WER": 0.10836780646174791,
    "CER": 0.054466326070186165,
    "Cosine Dist.": 0.002803703704323146
  },
  "occ_eval_res": {
    "precision": 90.6911,
    "recall": 95.3736,
    "f-score": 92.9735
  },
  "clean_eval": {
    "f-score": 81.47172080289637,
    "precision": 85.15725288831835,
    "recall": 78.09196811771919,
    "tp": 31842,
    "fp": 5550,
    "fn": 8933
  },
  "jaccard": [
    0.5120251956480244
  ],
  "braycurtis": [
    0.09716968088361624
  ],
  "dice": [
    0.34410878070681805
  ],
  "cosinus": [
    0.013980506928943481
  ]
}