{
  "voc_eval_res": {
    "precision": 14.1968,
    "recall": 34.8441,
    "f-score": 20.174
  },
  "KL_res": {
    "KL divergence": 0.5226699426018244,
    "Euclidean Dist.": 0.057216686462685816,
    "WER": 0.7136952212240077,
    "CER": 0.23631107592853173,
    "Cosine Dist.": 0.14008210121540465
  },
  "occ_eval_res": {
    "precision": 45.0927,
    "recall": 49.8764,
    "f-score": 47.3641
  },
  "clean_eval": {
    "f-score": 33.997931509997706,
    "precision": 35.57019314170881,
    "recall": 32.55877937003294,
    "tp": 41419,
    "fp": 75024,
    "fn": 85794
  },
  "jaccard": [
    0.7441569282136895
  ],
  "braycurtis": [
    0.230857949948188
  ],
  "dice": [
    0.5925556663343303
  ],
  "cosinus": [
    0.04286330462693477
  ]
}