{
  "voc_eval_res": {
    "precision": 12.0787,
    "recall": 1.0285,
    "f-score": 1.8955
  },
  "KL_res": {
    "KL divergence": 3.6196394112626304,
    "Euclidean Dist.": 0.2895081696751269,
    "WER": 0.9810851169736187,
    "CER": 0.8133628849794524,
    "Cosine Dist.": 0.8691521592111149
  },
  "occ_eval_res": {
    "precision": 10.1911,
    "recall": 2.6547,
    "f-score": 4.2122
  },
  "clean_eval": {
    "f-score": 0.14742739200943536,
    "precision": 0.09502090459901177,
    "recall": 0.3287310979618672,
    "tp": 5,
    "fp": 5257,
    "fn": 1516
  },
  "jaccard": [
    0.9906221408966148
  ],
  "braycurtis": [
    0.964256480218281
  ],
  "dice": [
    0.9814185361432133
  ],
  "cosinus": [
    0.9141355591879938
  ]
}