{
  "voc_eval_res": {
    "precision": 60.6897,
    "recall": 9.8379,
    "f-score": 16.9312
  },
  "KL_res": {
    "KL divergence": 1.750605187386158,
    "Euclidean Dist.": 0.1511584093515791,
    "WER": 0.8995587308258037,
    "CER": 0.8240434192672998,
    "Cosine Dist.": 0.14008674790856368
  },
  "occ_eval_res": {
    "precision": 78.3223,
    "recall": 17.4617,
    "f-score": 28.5567
  },
  "clean_eval": {
    "f-score": 11.852704257767547,
    "precision": 7.2331460674157295,
    "recall": 32.802547770700635,
    "tp": 309,
    "fp": 3963,
    "fn": 633
  },
  "jaccard": [
    0.656916005014626
  ],
  "braycurtis": [
    0.619359898908473
  ],
  "dice": [
    0.4891101431238332
  ],
  "cosinus": [
    0.11578777179355249
  ]
}