{
  "voc_eval_res": {
    "precision": 7.6271,
    "recall": 0.6181,
    "f-score": 1.1436
  },
  "KL_res": {
    "KL divergence": 4.152753779194558,
    "Euclidean Dist.": 0.21275504440903834,
    "WER": 0.9962311557788944,
    "CER": 0.869863594001525,
    "Cosine Dist.": 0.9690052704490427
  },
  "occ_eval_res": {
    "precision": 4.8,
    "recall": 0.7538,
    "f-score": 1.3029
  },
  "clean_eval": {
    "f-score": 0.3320420586607637,
    "precision": 0.19071837253655435,
    "recall": 1.282051282051282,
    "tp": 3,
    "fp": 1570,
    "fn": 231
  },
  "jaccard": [
    0.9955041746949261
  ],
  "braycurtis": [
    0.9890530925013684
  ],
  "dice": [
    0.9910485933503836
  ],
  "cosinus": [
    0.9835965378479826
  ]
}