{
  "voc_eval_res": {
    "precision": 18.2353,
    "recall": 5.3448,
    "f-score": 8.2667
  },
  "KL_res": {
    "KL divergence": 4.23576169412644,
    "Euclidean Dist.": 0.14133221526778356,
    "WER": 0.9310850439882697,
    "CER": 0.7350849466613987,
    "Cosine Dist.": 0.358845118102169
  },
  "occ_eval_res": {
    "precision": 21.2014,
    "recall": 8.7977,
    "f-score": 12.4352
  },
  "clean_eval": {
    "f-score": 0.8602150537634409,
    "precision": 0.6097560975609756,
    "recall": 1.4598540145985401,
    "tp": 4,
    "fp": 652,
    "fn": 270
  },
  "jaccard": [
    0.9517730496453901
  ],
  "braycurtis": [
    0.8651452282157677
  ],
  "dice": [
    0.9079837618403248
  ],
  "cosinus": [
    0.503152326339624
  ]
}