{
  "voc_eval_res": {
    "precision": 22.3602,
    "recall": 1.419,
    "f-score": 2.6686
  },
  "KL_res": {
    "KL divergence": 3.9945524113417505,
    "Euclidean Dist.": 0.21766743719555465,
    "WER": 0.9836548767416935,
    "CER": 0.8956387591727819,
    "Cosine Dist.": 0.8717025366226188
  },
  "occ_eval_res": {
    "precision": 20.4678,
    "recall": 1.8757,
    "f-score": 3.4364
  },
  "clean_eval": {
    "f-score": 0.8226221079691518,
    "precision": 0.449564484405732,
    "recall": 4.833836858006042,
    "tp": 16,
    "fp": 3543,
    "fn": 315
  },
  "jaccard": [
    0.9851823708206687
  ],
  "braycurtis": [
    0.9537861915367484
  ],
  "dice": [
    0.9707974541370273
  ],
  "cosinus": [
    0.8173720747324826
  ]
}