{
  "voc_eval_res": {
    "precision": 8.1282,
    "recall": 23.5209,
    "f-score": 12.0813
  },
  "KL_res": {
    "KL divergence": 0.6851485050157714,
    "Euclidean Dist.": 0.06359418617965669,
    "WER": 0.7550592377999593,
    "CER": 0.2857480871789146,
    "Cosine Dist.": 0.19633562485614897
  },
  "occ_eval_res": {
    "precision": 37.6541,
    "recall": 38.3976,
    "f-score": 38.0222
  },
  "clean_eval": {
    "f-score": 17.200576370947168,
    "precision": 17.129729033366257,
    "recall": 17.27201218148097,
    "tp": 23934,
    "fp": 115788,
    "fn": 114637
  },
  "jaccard": [
    0.7725654784040801
  ],
  "braycurtis": [
    0.2977399677501874
  ],
  "dice": [
    0.6294148199445984
  ],
  "cosinus": [
    0.06516008825408315
  ]
}