{
  "voc_eval_res": {
    "precision": 0,
    "recall": 0,
    "f-score": 0
  },
  "KL_res": {
    "KL divergence": 7.932987163984753,
    "Euclidean Dist.": 0.2727746685533161,
    "WER": 1.0769230769230769,
    "CER": 1.2857142857142858,
    "Cosine Dist.": 1.0
  },
  "occ_eval_res": {
    "precision": 0,
    "recall": 0,
    "f-score": 0
  },
  "clean_eval": {
    "f-score": 0.0,
    "precision": 0.0,
    "recall": 0.0,
    "tp": 0,
    "fp": 51,
    "fn": 53
  },
  "jaccard": [
    0.8285256410256411
  ],
  "braycurtis": [
    0.7800252844500632
  ],
  "dice": [
    0.707250341997264
  ],
  "cosinus": [
    0.6578143474581499
  ]
}