{
  "voc_eval_res": {
    "precision": 28.2759,
    "recall": 1.1184,
    "f-score": 2.1517
  },
  "KL_res": {
    "KL divergence": 3.74723956193049,
    "Euclidean Dist.": 0.2554240983079132,
    "WER": 0.9797775530839231,
    "CER": 0.9068635677127035,
    "Cosine Dist.": 0.8582329711089025
  },
  "occ_eval_res": {
    "precision": 26.009,
    "recall": 2.3458,
    "f-score": 4.3035
  },
  "clean_eval": {
    "f-score": 0.8293838862559242,
    "precision": 0.45464386230785886,
    "recall": 4.719101123595506,
    "tp": 21,
    "fp": 4598,
    "fn": 424
  },
  "jaccard": [
    0.8547196481859588
  ],
  "braycurtis": [
    0.8270943849464518
  ],
  "dice": [
    0.7462973121228744
  ],
  "cosinus": [
    0.32748026655841245
  ]
}