{
  "voc_eval_res": {
    "precision": 38.0952,
    "recall": 5.3274,
    "f-score": 9.3476
  },
  "KL_res": {
    "KL divergence": 3.20677472098891,
    "Euclidean Dist.": 0.15999685130117772,
    "WER": 0.9148538011695907,
    "CER": 0.7725334754513357,
    "Cosine Dist.": 0.5766936008966796
  },
  "occ_eval_res": {
    "precision": 41.0732,
    "recall": 9.848,
    "f-score": 15.8868
  },
  "clean_eval": {
    "f-score": 6.212466349140609,
    "precision": 3.9195192056441077,
    "recall": 14.97005988023952,
    "tp": 150,
    "fp": 3677,
    "fn": 852
  },
  "jaccard": [
    0.6924372894047174
  ],
  "braycurtis": [
    0.5892744479495268
  ],
  "dice": [
    0.529563350035791
  ],
  "cosinus": [
    0.15623793539579178
  ]
}