{
  "voc_eval_res": {
    "precision": 36.2903,
    "recall": 4.7047,
    "f-score": 8.3295
  },
  "KL_res": {
    "KL divergence": 3.666134633213203,
    "Euclidean Dist.": 0.42157498131703175,
    "WER": 0.9372340425531915,
    "CER": 0.7786662643331321,
    "Cosine Dist.": 0.5403469761049434
  },
  "occ_eval_res": {
    "precision": 27.973,
    "recall": 7.3404,
    "f-score": 11.6292
  },
  "clean_eval": {
    "f-score": 3.8581207218419413,
    "precision": 2.49798549556809,
    "recall": 8.469945355191257,
    "tp": 62,
    "fp": 2420,
    "fn": 670
  },
  "jaccard": [
    0.9534534534534534
  ],
  "braycurtis": [
    0.8764111705288176
  ],
  "dice": [
    0.9110473457675753
  ],
  "cosinus": [
    0.5452324063881232
  ]
}