{
  "voc_eval_res": {
    "precision": 37.8151,
    "recall": 6.1308,
    "f-score": 10.551
  },
  "KL_res": {
    "KL divergence": 4.036412029605655,
    "Euclidean Dist.": 0.2586385340289737,
    "WER": 0.93125,
    "CER": 0.812275263484191,
    "Cosine Dist.": 0.43299311890746794
  },
  "occ_eval_res": {
    "precision": 38.4058,
    "recall": 11.0417,
    "f-score": 17.1521
  },
  "clean_eval": {
    "f-score": 5.176876617773943,
    "precision": 3.3860045146726865,
    "recall": 10.989010989010989,
    "tp": 30,
    "fp": 856,
    "fn": 243
  },
  "jaccard": [
    0.9432534678436317
  ],
  "braycurtis": [
    0.8241577649958916
  ],
  "dice": [
    0.8926014319809069
  ],
  "cosinus": [
    0.5605938465399345
  ]
}