{
  "voc_eval_res": {
    "precision": 90.1408,
    "recall": 27.9476,
    "f-score": 42.6667
  },
  "KL_res": {
    "KL divergence": 0.9021681499938454,
    "Euclidean Dist.": 0.13475106317378366,
    "WER": 0.5664,
    "CER": 0.5138101335284434,
    "Cosine Dist.": 0.03025609010747099
  },
  "occ_eval_res": {
    "precision": 91.8478,
    "recall": 54.08,
    "f-score": 68.0765
  },
  "clean_eval": {
    "f-score": 30.86356668369954,
    "precision": 24.512987012987015,
    "recall": 41.6551724137931,
    "tp": 302,
    "fp": 930,
    "fn": 423
  },
  "jaccard": [
    0.5711169284467714
  ],
  "braycurtis": [
    0.2738468555789954
  ],
  "dice": [
    0.3996946564885496
  ],
  "cosinus": [
    0.028260651903526224
  ]
}