{
  "voc_eval_res": {
    "precision": 84.9673,
    "recall": 27.1967,
    "f-score": 41.2044
  },
  "KL_res": {
    "KL divergence": 1.0184706242039416,
    "Euclidean Dist.": 0.1734870259171922,
    "WER": 0.56309963099631,
    "CER": 0.49446069307808205,
    "Cosine Dist.": 0.026277841658594925
  },
  "occ_eval_res": {
    "precision": 91.5842,
    "recall": 54.6125,
    "f-score": 68.4235
  },
  "clean_eval": {
    "f-score": 28.652482269503544,
    "precision": 22.90249433106576,
    "recall": 38.25757575757576,
    "tp": 303,
    "fp": 1020,
    "fn": 489
  },
  "jaccard": [
    0.5552264071096065
  ],
  "braycurtis": [
    0.24689610106730558
  ],
  "dice": [
    0.38429994141769186
  ],
  "cosinus": [
    0.019078520758755046
  ]
}