{
  "voc_eval_res": {
    "precision": 72.0812,
    "recall": 43.2927,
    "f-score": 54.0952
  },
  "KL_res": {
    "KL divergence": 0.8925720635143125,
    "Euclidean Dist.": 0.10019825885277449,
    "WER": 0.5140845070422535,
    "CER": 0.38811313999283925,
    "Cosine Dist.": 0.06061959244747128
  },
  "occ_eval_res": {
    "precision": 79.3981,
    "recall": 64.4131,
    "f-score": 71.1249
  },
  "clean_eval": {
    "f-score": 38.47457627118644,
    "precision": 34.62125063548551,
    "recall": 43.293070565797834,
    "tp": 681,
    "fp": 1286,
    "fn": 892
  },
  "jaccard": [
    0.42653721682847895
  ],
  "braycurtis": [
    0.16193944039862015
  ],
  "dice": [
    0.27108185931715345
  ],
  "cosinus": [
    0.05375017636565915
  ]
}