{
  "voc_eval_res": {
    "precision": 12.5873,
    "recall": 48.0257,
    "f-score": 19.9467
  },
  "KL_res": {
    "KL divergence": 0.497597804971589,
    "Euclidean Dist.": 0.06691492007237146,
    "WER": 1.399656399558228,
    "CER": 0.8883273318547684,
    "Cosine Dist.": 0.2013866865906947
  },
  "occ_eval_res": {
    "precision": 37.4369,
    "recall": 73.4511,
    "f-score": 49.5956
  },
  "clean_eval": {
    "f-score": 33.98545258014029,
    "precision": 50.149117341640704,
    "recall": 25.701537400426606,
    "tp": 60367,
    "fp": 60008,
    "fn": 174510
  },
  "jaccard": [
    0.8239692885991923
  ],
  "braycurtis": [
    0.37418728114050454
  ],
  "dice": [
    0.7006358597708184
  ],
  "cosinus": [
    0.044414597657931654
  ]
}