{
  "voc_eval_res": {
    "precision": 77.6596,
    "recall": 34.2723,
    "f-score": 47.557
  },
  "KL_res": {
    "KL divergence": 2.2053759882007022,
    "Euclidean Dist.": 0.18939977791339527,
    "WER": 0.6141176470588235,
    "CER": 0.4475901584091675,
    "Cosine Dist.": 0.2276329269657721
  },
  "occ_eval_res": {
    "precision": 78.0269,
    "recall": 40.9412,
    "f-score": 53.7037
  },
  "clean_eval": {
    "f-score": 39.18495297805643,
    "precision": 29.97601918465228,
    "recall": 56.56108597285068,
    "tp": 125,
    "fp": 292,
    "fn": 96
  },
  "jaccard": [
    0.6325581395348837
  ],
  "braycurtis": [
    0.3352272727272727
  ],
  "dice": [
    0.46258503401360546
  ],
  "cosinus": [
    0.09282295176689648
  ]
}