{
  "voc_eval_res": {
    "precision": 27.0,
    "recall": 1.8614,
    "f-score": 3.4827
  },
  "KL_res": {
    "KL divergence": 3.8192993874441807,
    "Euclidean Dist.": 0.23752593564589347,
    "WER": 0.9750771421789699,
    "CER": 0.8537474092398208,
    "Cosine Dist.": 0.8527778196153211
  },
  "occ_eval_res": {
    "precision": 18.107,
    "recall": 3.1332,
    "f-score": 5.342
  },
  "clean_eval": {
    "f-score": 1.3470848242475268,
    "precision": 0.7918831972284088,
    "recall": 4.507042253521127,
    "tp": 32,
    "fp": 4009,
    "fn": 678
  },
  "jaccard": [
    0.9749666221628839
  ],
  "braycurtis": [
    0.9299349695825466
  ],
  "dice": [
    0.9511559752523608
  ],
  "cosinus": [
    0.8143599892851787
  ]
}