{
  "voc_eval_res": {
    "precision": 13.8889,
    "recall": 0.3104,
    "f-score": 0.6072
  },
  "KL_res": {
    "KL divergence": 4.468219553164989,
    "Euclidean Dist.": 0.3018864957788941,
    "WER": 0.9941564561734213,
    "CER": 0.9433285279513055,
    "Cosine Dist.": 0.9613563758048774
  },
  "occ_eval_res": {
    "precision": 14.4681,
    "recall": 0.6409,
    "f-score": 1.2274
  },
  "clean_eval": {
    "f-score": 0.11545122185876468,
    "precision": 0.06035003017501509,
    "recall": 1.3274336283185841,
    "tp": 3,
    "fp": 4968,
    "fn": 223
  },
  "jaccard": [
    0.46
  ],
  "braycurtis": [
    0.8844570785585265
  ],
  "dice": [
    0.2987012987012987
  ],
  "cosinus": [
    0.06129276223684266
  ]
}