{
  "voc_eval_res": {
    "precision": 62.6424,
    "recall": 66.9086,
    "f-score": 64.7053
  },
  "KL_res": {
    "KL divergence": 0.23153494719778814,
    "Euclidean Dist.": 0.033311343604311865,
    "WER": 0.19377078713968957,
    "CER": 0.06399310464622833,
    "Cosine Dist.": 0.049261641275087475
  },
  "occ_eval_res": {
    "precision": 82.7543,
    "recall": 84.8577,
    "f-score": 83.7928
  },
  "clean_eval": {
    "f-score": 76.16337052308661,
    "precision": 75.81714524575317,
    "recall": 76.51277243965315,
    "tp": 65296,
    "fp": 20827,
    "fn": 20044
  },
  "jaccard": [
    0.5153859231553893
  ],
  "braycurtis": [
    0.14130695554284237
  ],
  "dice": [
    0.34715144574864015
  ],
  "cosinus": [
    0.012469892578857666
  ]
}