{
  "voc_eval_res": {
    "precision": 65.6716,
    "recall": 32.1168,
    "f-score": 43.1373
  },
  "KL_res": {
    "KL divergence": 2.676003022040581,
    "Euclidean Dist.": 0.4424151701503959,
    "WER": 0.6672535211267606,
    "CER": 0.38928267649560533,
    "Cosine Dist.": 0.456021680520161
  },
  "occ_eval_res": {
    "precision": 74.7368,
    "recall": 37.5,
    "f-score": 49.9414
  },
  "clean_eval": {
    "f-score": 15.42168674698795,
    "precision": 11.636363636363637,
    "recall": 22.857142857142858,
    "tp": 64,
    "fp": 486,
    "fn": 216
  },
  "jaccard": [
    0.2682926829268293
  ],
  "braycurtis": [
    0.1668148148148148
  ],
  "dice": [
    0.15492957746478872
  ],
  "cosinus": [
    0.07997644955646066
  ]
}