{
  "voc_eval_res": {
    "precision": 13.8889,
    "recall": 0.2673,
    "f-score": 0.5245
  },
  "KL_res": {
    "KL divergence": 4.133153341242691,
    "Euclidean Dist.": 0.17654500376230622,
    "WER": 0.998262380538662,
    "CER": 0.9790250253146247,
    "Cosine Dist.": 0.9711047668734624
  },
  "occ_eval_res": {
    "precision": 13.7931,
    "recall": 0.2085,
    "f-score": 0.4108
  },
  "clean_eval": {
    "f-score": 0.08261049153242463,
    "precision": 0.04203446826397646,
    "recall": 2.380952380952381,
    "tp": 2,
    "fp": 4756,
    "fn": 82
  },
  "jaccard": [
    0.9975948690539819
  ],
  "braycurtis": [
    0.9952799828363013
  ],
  "dice": [
    0.9952012796587577
  ],
  "cosinus": [
    0.9761038897178118
  ]
}