{
  "voc_eval_res": {
    "precision": 7.9761,
    "recall": 50.9057,
    "f-score": 13.7913
  },
  "KL_res": {
    "KL divergence": 0.5407630439023169,
    "Euclidean Dist.": 0.06719587686911385,
    "WER": 2.264705059323931,
    "CER": 1.6639587479645377,
    "Cosine Dist.": 0.2296164170339211
  },
  "occ_eval_res": {
    "precision": 27.805,
    "recall": 76.1193,
    "f-score": 40.7315
  },
  "clean_eval": {
    "f-score": 21.006618700784493,
    "precision": 39.34461385207117,
    "recall": 14.328361969063335,
    "tp": 56875,
    "fp": 87681,
    "fn": 340065
  },
  "jaccard": [
    0.8360331745191459
  ],
  "braycurtis": [
    0.5103342761547861
  ],
  "dice": [
    0.7182620296534368
  ],
  "cosinus": [
    0.0647639139599665
  ]
}