{
  "voc_eval_res": {
    "precision": 12.9288,
    "recall": 1.6317,
    "f-score": 2.8977
  },
  "KL_res": {
    "KL divergence": 3.435451776393048,
    "Euclidean Dist.": 0.2553035054692279,
    "WER": 0.9765357237015555,
    "CER": 0.750927024621774,
    "Cosine Dist.": 0.6269074898460646
  },
  "occ_eval_res": {
    "precision": 9.9193,
    "recall": 4.5347,
    "f-score": 6.224
  },
  "clean_eval": {
    "f-score": 0.49514378213673593,
    "precision": 0.356261989586188,
    "recall": 0.8114856429463172,
    "tp": 13,
    "fp": 3636,
    "fn": 1589
  },
  "jaccard": [
    0.7770017865843755
  ],
  "braycurtis": [
    0.5669499790999024
  ],
  "dice": [
    0.6353253652058433
  ],
  "cosinus": [
    0.29339083106558916
  ]
}