{
  "voc_eval_res": {
    "precision": 35.7143,
    "recall": 0.861,
    "f-score": 1.6814
  },
  "KL_res": {
    "KL divergence": 4.877004376541175,
    "Euclidean Dist.": 0.2599284524160396,
    "WER": 0.9932805375569954,
    "CER": 0.9529120879120879,
    "Cosine Dist.": 0.9565678914239325
  },
  "occ_eval_res": {
    "precision": 28.9062,
    "recall": 0.8879,
    "f-score": 1.7229
  },
  "clean_eval": {
    "f-score": 1.3052506674577278,
    "precision": 0.6775485063135201,
    "recall": 17.741935483870968,
    "tp": 22,
    "fp": 3225,
    "fn": 102
  },
  "jaccard": [
    0.5689655172413793
  ],
  "braycurtis": [
    0.9078452185660523
  ],
  "dice": [
    0.39759036144578314
  ],
  "cosinus": [
    0.13192039659506194
  ]
}