{
  "voc_eval_res": {
    "precision": 70.9763,
    "recall": 88.8258,
    "f-score": 78.9041
  },
  "KL_res": {
    "KL divergence": 0.04652054661201293,
    "Euclidean Dist.": 0.012323075697711164,
    "WER": 0.15389629926787685,
    "CER": 0.0665215199156621,
    "Cosine Dist.": 0.0035702788511441375
  },
  "occ_eval_res": {
    "precision": 87.2521,
    "recall": 93.4234,
    "f-score": 90.2324
  },
  "clean_eval": {
    "f-score": 81.35861565673433,
    "precision": 84.59065305177602,
    "recall": 78.36446816622188,
    "tp": 32888,
    "fp": 5991,
    "fn": 9080
  },
  "jaccard": [
    0.4734339277549154
  ],
  "braycurtis": [
    0.08674979139964388
  ],
  "dice": [
    0.31012999460851853
  ],
  "cosinus": [
    0.010311314124835658
  ]
}