{
  "voc_eval_res": {
    "precision": 69.0569,
    "recall": 93.5113,
    "f-score": 79.4448
  },
  "KL_res": {
    "KL divergence": 0.052989179774426326,
    "Euclidean Dist.": 0.013761540444552042,
    "WER": 0.23103149264908754,
    "CER": 0.16747192574047232,
    "Cosine Dist.": 0.005540622324244127
  },
  "occ_eval_res": {
    "precision": 81.8477,
    "recall": 96.7423,
    "f-score": 88.6739
  },
  "clean_eval": {
    "f-score": 81.6302695487746,
    "precision": 88.67252003705345,
    "recall": 75.62429155360148,
    "tp": 44033,
    "fp": 5625,
    "fn": 14193
  },
  "jaccard": [
    0.3378979502834714
  ],
  "braycurtis": [
    0.11236517719568567
  ],
  "dice": [
    0.20329554995801846
  ],
  "cosinus": [
    0.005597444102157567
  ]
}