{
  "voc_eval_res": {
    "precision": 3.4188,
    "recall": 1.0417,
    "f-score": 1.5968
  },
  "KL_res": {
    "KL divergence": 5.334115859454236,
    "Euclidean Dist.": 0.1337232693241118,
    "WER": 0.9923273657289002,
    "CER": 0.7854830005396654,
    "Cosine Dist.": 0.9603873853349162
  },
  "occ_eval_res": {
    "precision": 2.3121,
    "recall": 1.023,
    "f-score": 1.4184
  },
  "clean_eval": {
    "f-score": 1.1070110701107012,
    "precision": 0.7853403141361256,
    "recall": 1.875,
    "tp": 3,
    "fp": 379,
    "fn": 157
  },
  "jaccard": [
    0.9939148073022313
  ],
  "braycurtis": [
    0.9892086330935251
  ],
  "dice": [
    0.9879032258064516
  ],
  "cosinus": [
    0.9833682291011993
  ]
}