{
  "voc_eval_res": {
    "precision": 5.4217,
    "recall": 0.3687,
    "f-score": 0.6904
  },
  "KL_res": {
    "KL divergence": 3.710915414162849,
    "Euclidean Dist.": 0.17857979396364784,
    "WER": 0.9965556831228473,
    "CER": 0.8909647643560842,
    "Cosine Dist.": 0.9487415977770076
  },
  "occ_eval_res": {
    "precision": 3.866,
    "recall": 0.5741,
    "f-score": 0.9997
  },
  "clean_eval": {
    "f-score": 0.13693940431359122,
    "precision": 0.07886435331230283,
    "recall": 0.5194805194805194,
    "tp": 2,
    "fp": 2534,
    "fn": 383
  },
  "jaccard": [
    0.9972624168947986
  ],
  "braycurtis": [
    0.9945670628183362
  ],
  "dice": [
    0.9945397815912637
  ],
  "cosinus": [
    0.9931600889353128
  ]
}