{
  "voc_eval_res": {
    "precision": 10.0,
    "recall": 0.6813,
    "f-score": 1.2757
  },
  "KL_res": {
    "KL divergence": 4.315488246079792,
    "Euclidean Dist.": 0.35044199263162135,
    "WER": 0.9917751884852639,
    "CER": 0.8575396825396825,
    "Cosine Dist.": 0.9556551669947936
  },
  "occ_eval_res": {
    "precision": 6.2963,
    "recall": 1.1652,
    "f-score": 1.9665
  },
  "clean_eval": {
    "f-score": 0.2399520095980804,
    "precision": 0.14255167498218105,
    "recall": 0.7575757575757576,
    "tp": 2,
    "fp": 1401,
    "fn": 262
  },
  "jaccard": [
    0.9934306569343065
  ],
  "braycurtis": [
    0.9809183064997018
  ],
  "dice": [
    0.9869470630891951
  ],
  "cosinus": [
    0.9776093156393616
  ]
}