{
  "voc_eval_res": {
    "precision": 13.4503,
    "recall": 0.7116,
    "f-score": 1.3517
  },
  "KL_res": {
    "KL divergence": 3.6356144395973224,
    "Euclidean Dist.": 0.24487051528147952,
    "WER": 0.9820913956360642,
    "CER": 0.8725997810586112,
    "Cosine Dist.": 0.7345476520662382
  },
  "occ_eval_res": {
    "precision": 15.8824,
    "recall": 2.2231,
    "f-score": 3.9003
  },
  "clean_eval": {
    "f-score": 0.5001923816852636,
    "precision": 0.2877379371403276,
    "recall": 1.911764705882353,
    "tp": 13,
    "fp": 4505,
    "fn": 667
  },
  "jaccard": [
    0.8250344420389687
  ],
  "braycurtis": [
    0.7867045681228805
  ],
  "dice": [
    0.702177554438861
  ],
  "cosinus": [
    0.34814776920823376
  ]
}