{
  "voc_eval_res": {
    "precision": 39.7666,
    "recall": 95.651,
    "f-score": 56.1776
  },
  "KL_res": {
    "KL divergence": 0.08106025358353237,
    "Euclidean Dist.": 0.013348517771744714,
    "WER": 1.3882989142601299,
    "CER": 1.2725270748791646,
    "Cosine Dist.": 0.006559209012584111
  },
  "occ_eval_res": {
    "precision": 43.3482,
    "recall": 99.0941,
    "f-score": 60.3129
  },
  "clean_eval": {
    "f-score": 44.88160455450529,
    "precision": 75.85918260051467,
    "recall": 31.86807438470458,
    "tp": 109659,
    "fp": 34897,
    "fn": 234444
  },
  "jaccard": [
    0.7682388016810948
  ],
  "braycurtis": [
    0.4145917087220731
  ],
  "dice": [
    0.6236913475839142
  ],
  "cosinus": [
    0.016445548591523584
  ]
}