{
  "voc_eval_res": {
    "precision": 6.5958,
    "recall": 21.0607,
    "f-score": 10.0455
  },
  "KL_res": {
    "KL divergence": 0.7700539633774183,
    "Euclidean Dist.": 0.06819143424248432,
    "WER": 0.8084752247943371,
    "CER": 0.30768494190851853,
    "Cosine Dist.": 0.16656415166590954
  },
  "occ_eval_res": {
    "precision": 33.7275,
    "recall": 36.7802,
    "f-score": 35.1877
  },
  "clean_eval": {
    "f-score": 14.323364589690952,
    "precision": 14.960736397793898,
    "recall": 13.738081511375228,
    "tp": 15489,
    "fp": 88042,
    "fn": 97256
  },
  "jaccard": [
    0.7735203961329875
  ],
  "braycurtis": [
    0.29007402895005485
  ],
  "dice": [
    0.6306834566951841
  ],
  "cosinus": [
    0.05365744334238176
  ]
}