{
  "voc_eval_res": {
    "precision": 84.8341,
    "recall": 46.134,
    "f-score": 59.7663
  },
  "KL_res": {
    "KL divergence": 0.7640435635900866,
    "Euclidean Dist.": 0.07992895459394167,
    "WER": 0.41465968586387436,
    "CER": 0.3309175617962987,
    "Cosine Dist.": 0.03287729751152757
  },
  "occ_eval_res": {
    "precision": 83.4606,
    "recall": 68.6911,
    "f-score": 75.359
  },
  "clean_eval": {
    "f-score": 44.34126523505513,
    "precision": 40.68157614483493,
    "recall": 48.724489795918366,
    "tp": 382,
    "fp": 557,
    "fn": 402
  },
  "jaccard": [
    0.3090909090909091
  ],
  "braycurtis": [
    0.04465184986235144
  ],
  "dice": [
    0.1827956989247312
  ],
  "cosinus": [
    0.002631757149302194
  ]
}