{
  "voc_eval_res": {
    "precision": 83.5052,
    "recall": 48.3582,
    "f-score": 61.2476
  },
  "KL_res": {
    "KL divergence": 0.6222303637839761,
    "Euclidean Dist.": 0.07897501578704064,
    "WER": 0.34812286689419797,
    "CER": 0.24664955802680352,
    "Cosine Dist.": 0.011527566207578444
  },
  "occ_eval_res": {
    "precision": 83.8462,
    "recall": 74.4027,
    "f-score": 78.8427
  },
  "clean_eval": {
    "f-score": 60.309597523219814,
    "precision": 57.02576112412178,
    "recall": 63.99474375821288,
    "tp": 487,
    "fp": 367,
    "fn": 274
  },
  "jaccard": [
    0.3333333333333333
  ],
  "braycurtis": [
    0.040169442009932804
  ],
  "dice": [
    0.2
  ],
  "cosinus": [
    0.002207358017612737
  ]
}