{
  "voc_eval_res": {
    "precision": 13.4615,
    "recall": 0.5067,
    "f-score": 0.9766
  },
  "KL_res": {
    "KL divergence": 4.564859280809967,
    "Euclidean Dist.": 0.2769826303534075,
    "WER": 0.9968976215098242,
    "CER": 0.9281580421242002,
    "Cosine Dist.": 0.9951542046281104
  },
  "occ_eval_res": {
    "precision": 7.9223,
    "recall": 0.4983,
    "f-score": 0.9376
  },
  "clean_eval": {
    "f-score": 0.075046904315197,
    "precision": 0.03998400639744103,
    "recall": 0.6097560975609756,
    "tp": 4,
    "fp": 10000,
    "fn": 652
  },
  "jaccard": [
    0.45614035087719296
  ],
  "braycurtis": [
    0.8403992308396667
  ],
  "dice": [
    0.29545454545454547
  ],
  "cosinus": [
    0.09037736899296678
  ]
}