{
  "voc_eval_res": {
    "precision": 29.2994,
    "recall": 1.8068,
    "f-score": 3.4036
  },
  "KL_res": {
    "KL divergence": 3.7963360743399264,
    "Euclidean Dist.": 0.3014459442227271,
    "WER": 0.9546764474718366,
    "CER": 0.8710355509662192,
    "Cosine Dist.": 0.4924037144906621
  },
  "occ_eval_res": {
    "precision": 42.0152,
    "recall": 5.7899,
    "f-score": 10.1773
  },
  "clean_eval": {
    "f-score": 1.4988758431176619,
    "precision": 0.8588605782994561,
    "recall": 5.88235294117647,
    "tp": 30,
    "fp": 3463,
    "fn": 480
  },
  "jaccard": [
    0.46296296296296297
  ],
  "braycurtis": [
    0.7380360670362582
  ],
  "dice": [
    0.30120481927710846
  ],
  "cosinus": [
    0.0336469591568499
  ]
}