{
  "voc_eval_res": {
    "precision": 24.2424,
    "recall": 5.7623,
    "f-score": 9.3113
  },
  "KL_res": {
    "KL divergence": 3.693423395770293,
    "Euclidean Dist.": 0.20503772268633352,
    "WER": 0.9326923076923077,
    "CER": 0.6941393932804175,
    "Cosine Dist.": 0.6589356700669953
  },
  "occ_eval_res": {
    "precision": 22.7504,
    "recall": 11.7133,
    "f-score": 15.4645
  },
  "clean_eval": {
    "f-score": 0.3627569528415961,
    "precision": 0.273972602739726,
    "recall": 0.5366726296958855,
    "tp": 3,
    "fp": 1092,
    "fn": 556
  },
  "jaccard": [
    0.2857142857142857
  ],
  "braycurtis": [
    0.33618393382868356
  ],
  "dice": [
    0.16666666666666666
  ],
  "cosinus": [
    0.015259189006134988
  ]
}