{
  "voc_eval_res": {
    "precision": 26.2136,
    "recall": 8.9404,
    "f-score": 13.3333
  },
  "KL_res": {
    "KL divergence": 2.103476622962168,
    "Euclidean Dist.": 0.25391859882245155,
    "WER": 0.7091932457786116,
    "CER": 0.5200460829493088,
    "Cosine Dist.": 0.016338676815840558
  },
  "occ_eval_res": {
    "precision": 52.619,
    "recall": 41.4634,
    "f-score": 46.3799
  },
  "clean_eval": {
    "f-score": 5.376344086021505,
    "precision": 4.826254826254826,
    "recall": 6.067961165048544,
    "tp": 25,
    "fp": 493,
    "fn": 387
  },
  "jaccard": [
    0.6746776084407972
  ],
  "braycurtis": [
    0.2810942093825898
  ],
  "dice": [
    0.5090667846085802
  ],
  "cosinus": [
    0.02774386549278518
  ]
}