{
  "voc_eval_res": {
    "precision": 5.152,
    "recall": 19.7018,
    "f-score": 8.168
  },
  "KL_res": {
    "KL divergence": 1.3281506930449618,
    "Euclidean Dist.": 0.1261800365866856,
    "WER": 1.52812795138176,
    "CER": 0.7690358434172406,
    "Cosine Dist.": 0.5287347452798687
  },
  "occ_eval_res": {
    "precision": 19.3188,
    "recall": 33.2567,
    "f-score": 24.4402
  },
  "clean_eval": {
    "f-score": 9.615218790005372,
    "precision": 14.997516967389505,
    "recall": 7.075844698485839,
    "tp": 7248,
    "fp": 41080,
    "fn": 95185
  },
  "jaccard": [
    0.9474816732922426
  ],
  "braycurtis": [
    0.6888413205144766
  ],
  "dice": [
    0.9002044422883676
  ],
  "cosinus": [
    0.2186528330926878
  ]
}