{
  "voc_eval_res": {
    "precision": 12.9412,
    "recall": 0.4713,
    "f-score": 0.9095
  },
  "KL_res": {
    "KL divergence": 3.7993730692307937,
    "Euclidean Dist.": 0.4668913413827541,
    "WER": 0.9848091885883661,
    "CER": 0.8770847392268389,
    "Cosine Dist.": 0.7790838738488548
  },
  "occ_eval_res": {
    "precision": 12.0907,
    "recall": 1.7784,
    "f-score": 3.1008
  },
  "clean_eval": {
    "f-score": 0.40858018386108275,
    "precision": 0.23538642604943116,
    "recall": 1.5463917525773196,
    "tp": 6,
    "fp": 2543,
    "fn": 382
  },
  "jaccard": [
    0.8587903036008473
  ],
  "braycurtis": [
    0.8495480249308622
  ],
  "dice": [
    0.7525262940812538
  ],
  "cosinus": [
    0.6073201810189057
  ]
}