{
  "voc_eval_res": {
    "precision": 10.0,
    "recall": 0.4215,
    "f-score": 0.8089
  },
  "KL_res": {
    "KL divergence": 4.016564650310423,
    "Euclidean Dist.": 0.3532846455737885,
    "WER": 0.9844858156028369,
    "CER": 0.8645945182254874,
    "Cosine Dist.": 0.7234616938250487
  },
  "occ_eval_res": {
    "precision": 10.1877,
    "recall": 1.6844,
    "f-score": 2.8908
  },
  "clean_eval": {
    "f-score": 0.32141422257934915,
    "precision": 0.18823529411764706,
    "recall": 1.098901098901099,
    "tp": 4,
    "fp": 2121,
    "fn": 360
  },
  "jaccard": [
    0.863875658059664
  ],
  "braycurtis": [
    0.837160850419054
  ],
  "dice": [
    0.7603706972639012
  ],
  "cosinus": [
    0.6044381710588586
  ]
}