{
  "voc_eval_res": {
    "precision": 30.0,
    "recall": 2.3316,
    "f-score": 4.3269
  },
  "KL_res": {
    "KL divergence": 4.650718968048735,
    "Euclidean Dist.": 0.47749086221485854,
    "WER": 0.9671328671328672,
    "CER": 0.8254808540674078,
    "Cosine Dist.": 0.7447330262537197
  },
  "occ_eval_res": {
    "precision": 20.7407,
    "recall": 3.9161,
    "f-score": 6.5882
  },
  "clean_eval": {
    "f-score": 1.7177914110429446,
    "precision": 1.0248901903367496,
    "recall": 5.303030303030303,
    "tp": 14,
    "fp": 1352,
    "fn": 250
  },
  "jaccard": [
    0.391304347826087
  ],
  "braycurtis": [
    0.6386651323360184
  ],
  "dice": [
    0.24324324324324326
  ],
  "cosinus": [
    0.06787447909872268
  ]
}