{
  "voc_eval_res": {
    "precision": 63.0435,
    "recall": 29.4915,
    "f-score": 40.1848
  },
  "KL_res": {
    "KL divergence": 1.882347644763593,
    "Euclidean Dist.": 0.13217150271674893,
    "WER": 0.7186379928315412,
    "CER": 0.6235978396343996,
    "Cosine Dist.": 0.16057545787200445
  },
  "occ_eval_res": {
    "precision": 74.2331,
    "recall": 43.3692,
    "f-score": 54.7511
  },
  "clean_eval": {
    "f-score": 32.73596176821983,
    "precision": 26.045627376425855,
    "recall": 44.05144694533762,
    "tp": 137,
    "fp": 389,
    "fn": 174
  },
  "jaccard": [
    0.7337278106508875
  ],
  "braycurtis": [
    0.4263217097862767
  ],
  "dice": [
    0.5794392523364486
  ],
  "cosinus": [
    0.22509291862128944
  ]
}