{
  "Kraken": {
    "spacy-sm": [
      0.6203703703703703,
      0.6542143357459724,
      0.5982875490545844,
      0.6119005328596803,
      0.6510263929618768,
      0.7468950749464668,
      0.5554474708171206,
      0.4971771347918137,
      0.5250851305334847,
      0.6028708133971292,
      0.6119246861924686
    ],
    "spacy-md": [
      0.6856810244470314,
      0.6982881597717546,
      0.6133982035928144,
      0.6525336091003102,
      0.712516129032258,
      0.8343373493975904,
      0.6046277665995976,
      0.5485512920908379,
      0.5722163308589607,
      0.6656462585034013,
      0.6490335707019329
    ],
    "stanza-fr": [
      0.677547770700637,
      0.6861118544286862,
      0.5816894284269094,
      0.5982905982905983,
      0.5788597586350396,
      0.764540995094604,
      0.584573748308525,
      0.5836092715231788,
      0.4880777156314395,
      0.5420673076923077,
      0.5138121546961326
    ],
    "txt": [
      0.6765258215962441,
      0.7663477269347082,
      0.6564245810055865,
      0.575153174292791,
      0.7244624534344161,
      0.7439945092656143,
      0.6338508140855736,
      0.6300360432519023,
      0.6760224538893344,
      0.6928034371643395,
      0.6403436614569052
    ],
    "spacy-lg": [
      0.6848101265822785,
      0.7253765932792584,
      0.6475914523723288,
      0.6852248394004282,
      0.7055101502768257,
      0.8232886904761905,
      0.620604259534423,
      0.5618238021638331,
      0.5706946616037525,
      0.6562169778090877,
      0.6391129032258065
    ],
    "camembert-4.41.1": [
      0.6916403785488959,
      0.8098831985624438,
      0.5626361655773421,
      0.6316831683168317,
      0.5373549883990719,
      0.7085828343313373,
      0.5643421998562186,
      0.5870039249890973,
      0.4474858673013984,
      0.6402349486049926,
      0.42138364779874216
    ],
    "flair-0.13.1": [
      0.45829145728643217,
      0.4588427057864711,
      0.4836520666255398,
      0.4775,
      0.5499322187076366,
      0.5164644714038128,
      0.4366863905325444,
      0.44248261102193687,
      0.4161911554921541,
      0.5064562410329986,
      0.5060337892196299
    ]
  },
  "Tess. fr": {
    "spacy-sm": [
      0.7271458478715981,
      0.6728164867517173,
      0.6142222222222222,
      0.721850613154961,
      0.6909215328467153,
      0.5322812051649928,
      0.3925596890616324,
      0.3581321725366047,
      0.34177545691906003,
      0.4431869624264373,
      0.4726398075766687
    ],
    "spacy-md": [
      0.716037273173124,
      0.6655397247041778,
      0.59747493501671,
      0.7269938650306749,
      0.6978035849532946,
      0.5706122448979591,
      0.4617775015537601,
      0.35961995249406176,
      0.3510989010989011,
      0.4609450337512054,
      0.4966360856269113
    ],
    "stanza-fr": [
      0.6707211120764552,
      0.4869109947643979,
      0.5466058763931104,
      0.5326460481099656,
      0.49626373626373627,
      0.6082474226804123,
      0.43908421913327883,
      0.3149915777653004,
      0.2622891998564765,
      0.361211247296323,
      0.45611510791366905
    ],
    "txt": [
      0.7602352282273873,
      0.7828170460379942,
      0.6138496882179193,
      0.6456237424547284,
      0.7367829021372329,
      0.5008570816370259,
      0.5199556541019955,
      0.4070448307410796,
      0.5973451327433629,
      0.5895444775705471,
      0.5491932147290028
    ],
    "spacy-lg": [
      0.7693293464331482,
      0.7103033006244425,
      0.651238591916558,
      0.7954696868754164,
      0.6965658636596617,
      0.5556514236410699,
      0.4960341671751068,
      0.36872309899569583,
      0.3477637614678899,
      0.4658536585365854,
      0.4618834080717489
    ],
    "camembert-4.41.1": [
      0.548051948051948,
      0.5229835212489159,
      0.5423340961098398,
      0.5324384787472036,
      0.5391628677994198,
      0.41359223300970877,
      0.4538152610441767,
      0.41106290672451196,
      0.2982917214191853,
      0.3783982365907421,
      0.28893058161350843
    ],
    "flair-0.13.1": [
      0.49559255631733595,
      0.3797909407665505,
      0.4792147806004619,
      0.46889400921658986,
      0.5139067180145486,
      0.3756708407871199,
      0.3523086654016445,
      0.3729003359462486,
      0.31877729257641924,
      0.476123595505618,
      0.4616600790513834
    ]
  },
  "Kraken Lectp. 4.3.13": {
    "spacy-sm": [
      0.8185804329953412,
      0.7973463907755489,
      0.7696545878364061,
      0.8592567102546456,
      0.7760199833472107,
      0.8496839791151415,
      0.7920512820512821,
      0.7850513755386145,
      0.7284282937042021,
      0.812822966507177,
      0.8611740473738414
    ],
    "spacy-md": [
      0.8505847953216374,
      0.8317455439459127,
      0.8123238018525977,
      0.8942240779401531,
      0.8005686433793664,
      0.8866087871612733,
      0.8321060382916053,
      0.8159561718883753,
      0.7536294379761391,
      0.8294661384644406,
      0.866113239676458
    ],
    "stanza-fr": [
      0.90572878897752,
      0.8695318495778972,
      0.8344961240310077,
      0.8984771573604061,
      0.7904942066682431,
      0.9241593131409492,
      0.8711279262236935,
      0.8634361233480177,
      0.8017785797138807,
      0.8692226890756303,
      0.8888457054022542
    ],
    "txt": [
      0.7788781624500666,
      0.8122961104140527,
      0.7789231779382797,
      0.7425338905310366,
      0.761167320531351,
      0.7753482482059941,
      0.7622673434856176,
      0.7876363237792514,
      0.7682513176433753,
      0.7857757560855667,
      0.7894179894179895
    ],
    "spacy-lg": [
      0.8651010376843256,
      0.8497872964647205,
      0.8196055684454756,
      0.9122331413080311,
      0.8135755258126195,
      0.8977353992848629,
      0.8456344586728755,
      0.8225806451612904,
      0.761570827489481,
      0.8390417036379769,
      0.8706827309236947
    ],
    "camembert-4.41.1": [
      0.9084158415841584,
      0.8680282796543598,
      0.8353793519822902,
      0.9287185826122786,
      0.7824410163339383,
      0.9285546966502694,
      0.8550613496932515,
      0.8822142236564479,
      0.7645653616456536,
      0.8872486995641783,
      0.8932900802458597
    ],
    "flair-0.13.1": [
      0.7020933977455717,
      0.6519471488178025,
      0.700277520814061,
      0.7395309882747069,
      0.6772424598511555,
      0.7104637336504162,
      0.6567877629063098,
      0.6535922330097087,
      0.6385974599668691,
      0.7041758241758241,
      0.7308795411089866
    ]
  },
  "Tess. fr 3.10": {
    "spacy-sm": [
      0.48916227299355597,
      0.4525122549019608,
      0.4546881129854845,
      0.5335169880624426,
      0.5337524818001324,
      0.5091307523739956,
      0.4209702660406886,
      0.36480186480186483,
      0.34564369310793236,
      0.47370766488413546,
      0.4991615427613192
    ],
    "spacy-md": [
      0.5773405698778833,
      0.5010245901639344,
      0.5138422818791947,
      0.5160098522167488,
      0.5719557195571956,
      0.5699523052464229,
      0.477124183006536,
      0.40711462450592883,
      0.3683790258184722,
      0.534763948497854,
      0.5041469194312796
    ],
    "stanza-fr": [
      0.6995336442371752,
      0.5223355610270841,
      0.4763200870985302,
      0.5057283142389526,
      0.42723880597014924,
      0.5879732739420935,
      0.481981981981982,
      0.3382756727073037,
      0.28232833739979085,
      0.4143344709897611,
      0.47892190739460955
    ],
    "txt": [
      0.5819459859415465,
      0.6106515307046676,
      0.5210471870772658,
      0.45508229677095113,
      0.5883987743176797,
      0.4989812332439678,
      0.534617808589178,
      0.42646409327797896,
      0.6023551190414974,
      0.5986208779954939,
      0.5671949286846276
    ],