{
  "voc_eval_res": {
    "precision": 23.7284,
    "recall": 43.3617,
    "f-score": 30.6722
  },
  "KL_res": {
    "KL divergence": 0.46160956910089085,
    "Euclidean Dist.": 0.03655187536681356,
    "WER": 0.552903739061257,
    "CER": 0.19074409244516446,
    "Cosine Dist.": 0.056372322263900876
  },
  "occ_eval_res": {
    "precision": 55.7152,
    "recall": 60.6101,
    "f-score": 58.0597
  },
  "clean_eval": {
    "f-score": 47.57549611734254,
    "precision": 48.63291585817605,
    "recall": 46.563080560716095,
    "tp": 13785,
    "fp": 14560,
    "fn": 15820
  },
  "jaccard": [
    0.8115092780407182
  ],
  "braycurtis": [
    0.41015250079982934
  ],
  "dice": [
    0.6828065739570164
  ],
  "cosinus": [
    0.049920709224454685
  ]
}