{
  "voc_eval_res": {
    "precision": 62.6506,
    "recall": 46.8468,
    "f-score": 53.6082
  },
  "KL_res": {
    "KL divergence": 1.4175321258176705,
    "Euclidean Dist.": 0.10481837864623546,
    "WER": 0.6192893401015228,
    "CER": 0.4931506849315068,
    "Cosine Dist.": 0.10779505496080533
  },
  "occ_eval_res": {
    "precision": 72.6667,
    "recall": 55.3299,
    "f-score": 62.8242
  },
  "clean_eval": {
    "f-score": 52.88753799392097,
    "precision": 47.28260869565217,
    "recall": 60.0,
    "tp": 87,
    "fp": 97,
    "fn": 58
  },
  "jaccard": [
    0.3961772371850565
  ],
  "braycurtis": [
    0.215973676338618
  ],
  "dice": [
    0.24702058504875407
  ],
  "cosinus": [
    0.04303315843344335
  ]
}