{
  "voc_eval_res": {
    "precision": 80.9886,
    "recall": 33.0233,
    "f-score": 46.9163
  },
  "KL_res": {
    "KL divergence": 1.6417109414811337,
    "Euclidean Dist.": 0.09880910681333968,
    "WER": 0.6103238866396761,
    "CER": 0.48136376769719735,
    "Cosine Dist.": 0.09738439398543086
  },
  "occ_eval_res": {
    "precision": 80.6691,
    "recall": 43.9271,
    "f-score": 56.8807
  },
  "clean_eval": {
    "f-score": 42.22069910897875,
    "precision": 32.731137088204036,
    "recall": 59.45945945945946,
    "tp": 308,
    "fp": 633,
    "fn": 210
  },
  "jaccard": [
    0.6735294117647059
  ],
  "braycurtis": [
    0.39747843397478433
  ],
  "dice": [
    0.5077605321507761
  ],
  "cosinus": [
    0.110631631177176
  ]
}