{
  "voc_eval_res": {
    "precision": 69.375,
    "recall": 40.5109,
    "f-score": 51.1521
  },
  "KL_res": {
    "KL divergence": 1.3004364853688373,
    "Euclidean Dist.": 0.10318292068106966,
    "WER": 0.511070110701107,
    "CER": 0.35903712770297835,
    "Cosine Dist.": 0.047125495773207016
  },
  "occ_eval_res": {
    "precision": 78.5894,
    "recall": 57.5646,
    "f-score": 66.4537
  },
  "clean_eval": {
    "f-score": 42.58823529411765,
    "precision": 36.63967611336032,
    "recall": 50.84269662921348,
    "tp": 181,
    "fp": 313,
    "fn": 175
  },
  "jaccard": [
    0.4098360655737705
  ],
  "braycurtis": [
    0.12579042457091238
  ],
  "dice": [
    0.25773195876288657
  ],
  "cosinus": [
    0.007501069271891203
  ]
}