{
  "voc_eval_res": {
    "precision": 35.0515,
    "recall": 4.0364,
    "f-score": 7.2392
  },
  "KL_res": {
    "KL divergence": 3.2392624666650276,
    "Euclidean Dist.": 0.18195030711581595,
    "WER": 0.941468253968254,
    "CER": 0.8354024217884564,
    "Cosine Dist.": 0.5624302709220814
  },
  "occ_eval_res": {
    "precision": 44.5906,
    "recall": 7.5645,
    "f-score": 12.9347
  },
  "clean_eval": {
    "f-score": 3.0590961761297795,
    "precision": 1.8072289156626504,
    "recall": 9.95475113122172,
    "tp": 66,
    "fp": 3586,
    "fn": 597
  },
  "jaccard": [
    0.4642857142857143
  ],
  "braycurtis": [
    0.6577254901960784
  ],
  "dice": [
    0.3023255813953488
  ],
  "cosinus": [
    0.026751106988358586
  ]
}