{
  "voc_eval_res": {
    "precision": 34.1637,
    "recall": 4.0421,
    "f-score": 7.2289
  },
  "KL_res": {
    "KL divergence": 3.2823837592282255,
    "Euclidean Dist.": 0.18440220415165753,
    "WER": 0.9501369863013699,
    "CER": 0.8429131559189121,
    "Cosine Dist.": 0.682274086962884
  },
  "occ_eval_res": {
    "precision": 38.3821,
    "recall": 6.1096,
    "f-score": 10.5412
  },
  "clean_eval": {
    "f-score": 2.5225225225225225,
    "precision": 1.4772384684956286,
    "recall": 8.626760563380282,
    "tp": 49,
    "fp": 3268,
    "fn": 519
  },
  "jaccard": [
    0.41818181818181815
  ],
  "braycurtis": [
    0.6735454482711022
  ],
  "dice": [
    0.26436781609195403
  ],
  "cosinus": [
    0.02825052748173107
  ]
}