{
  "voc_eval_res": {
    "precision": 11.3402,
    "recall": 1.0144,
    "f-score": 1.8623
  },
  "KL_res": {
    "KL divergence": 3.6713835762599967,
    "Euclidean Dist.": 0.21564746161240753,
    "WER": 0.9775816837586454,
    "CER": 0.8614090167022479,
    "Cosine Dist.": 0.7609916288426513
  },
  "occ_eval_res": {
    "precision": 11.2811,
    "recall": 2.8142,
    "f-score": 4.5047
  },
  "clean_eval": {
    "f-score": 0.1710498182595681,
    "precision": 0.10893246187363835,
    "recall": 0.3980099502487562,
    "tp": 4,
    "fp": 3668,
    "fn": 1001
  },
  "jaccard": [
    0.8393308968231656
  ],
  "braycurtis": [
    0.7442746519482659
  ],
  "dice": [
    0.7231439990311251
  ],
  "cosinus": [
    0.28999819096010937
  ]
}