{
  "voc_eval_res": {
    "precision": 25.6684,
    "recall": 11.6788,
    "f-score": 16.0535
  },
  "KL_res": {
    "KL divergence": 3.356040285115968,
    "Euclidean Dist.": 0.15526106956018743,
    "WER": 0.8557692307692307,
    "CER": 0.6333802156586966,
    "Cosine Dist.": 0.33618133801520644
  },
  "occ_eval_res": {
    "precision": 32.2946,
    "recall": 21.9231,
    "f-score": 26.1168
  },
  "clean_eval": {
    "f-score": 10.830324909747292,
    "precision": 8.946322067594433,
    "recall": 13.719512195121952,
    "tp": 45,
    "fp": 458,
    "fn": 283
  },
  "jaccard": [
    0.5879899916597164
  ],
  "braycurtis": [
    0.34431097314077475
  ],
  "dice": [
    0.41642055522740695
  ],
  "cosinus": [
    0.10190760378567965
  ]
}