{
  "voc_eval_res": {
    "precision": 83.3333,
    "recall": 27.1493,
    "f-score": 40.9556
  },
  "KL_res": {
    "KL divergence": 2.353097876625405,
    "Euclidean Dist.": 0.15472495348700452,
    "WER": 0.7489451476793249,
    "CER": 0.6647165886635465,
    "Cosine Dist.": 0.20266619800870556
  },
  "occ_eval_res": {
    "precision": 86.3222,
    "recall": 29.9578,
    "f-score": 44.4792
  },
  "clean_eval": {
    "f-score": 30.031948881789134,
    "precision": 20.25862068965517,
    "recall": 58.0246913580247,
    "tp": 188,
    "fp": 740,
    "fn": 136
  },
  "jaccard": [
    0.5378366823428816
  ],
  "braycurtis": [
    0.43413201138345725
  ],
  "dice": [
    0.3678362573099415
  ],
  "cosinus": [
    0.09098149092816521
  ]
}