{
  "voc_eval_res": {
    "precision": 84.7222,
    "recall": 41.9244,
    "f-score": 56.092
  },
  "KL_res": {
    "KL divergence": 2.3393796928989716,
    "Euclidean Dist.": 0.25241403726796285,
    "WER": 0.5510204081632653,
    "CER": 0.4803318992009834,
    "Cosine Dist.": 0.544057667715274
  },
  "occ_eval_res": {
    "precision": 86.75,
    "recall": 47.2109,
    "f-score": 61.1454
  },
  "clean_eval": {
    "f-score": 38.81932021466905,
    "precision": 29.972375690607734,
    "recall": 55.0761421319797,
    "tp": 217,
    "fp": 507,
    "fn": 177
  },
  "jaccard": [
    0.5895765472312704
  ],
  "braycurtis": [
    0.363079615048119
  ],
  "dice": [
    0.418013856812933
  ],
  "cosinus": [
    0.65521152767445
  ]
}