{
  "voc_eval_res": {
    "precision": 30.0,
    "recall": 4.2056,
    "f-score": 7.377
  },
  "KL_res": {
    "KL divergence": 3.5553323416203186,
    "Euclidean Dist.": 0.22673305169110733,
    "WER": 0.9077238550922762,
    "CER": 0.7323054211432789,
    "Cosine Dist.": 0.3134156707003002
  },
  "occ_eval_res": {
    "precision": 31.8699,
    "recall": 13.3971,
    "f-score": 18.8643
  },
  "clean_eval": {
    "f-score": 2.7494908350305503,
    "precision": 1.9970414201183433,
    "recall": 4.411764705882353,
    "tp": 27,
    "fp": 1325,
    "fn": 585
  },
  "jaccard": [
    0.4909090909090909
  ],
  "braycurtis": [
    0.4048069433626349
  ],
  "dice": [
    0.3253012048192771
  ],
  "cosinus": [
    0.03344812558575683
  ]
}