{
  "voc_eval_res": {
    "precision": 27.044,
    "recall": 2.1565,
    "f-score": 3.9944
  },
  "KL_res": {
    "KL divergence": 3.5884429621624907,
    "Euclidean Dist.": 0.2869807025710668,
    "WER": 0.9354838709677419,
    "CER": 0.7826369243611743,
    "Cosine Dist.": 0.3296484139361333
  },
  "occ_eval_res": {
    "precision": 31.2997,
    "recall": 7.9301,
    "f-score": 12.6542
  },
  "clean_eval": {
    "f-score": 0.6269592476489028,
    "precision": 0.3986951794128307,
    "recall": 1.4666666666666666,
    "tp": 11,
    "fp": 2748,
    "fn": 739
  },
  "jaccard": [
    0.46153846153846156
  ],
  "braycurtis": [
    0.5361224703785258
  ],
  "dice": [
    0.3
  ],
  "cosinus": [
    0.04337791123320467
  ]
}