{
  "voc_eval_res": {
    "precision": 25.7143,
    "recall": 1.3751,
    "f-score": 2.6106
  },
  "KL_res": {
    "KL divergence": 4.336949401624354,
    "Euclidean Dist.": 0.5992321582039387,
    "WER": 0.9531789058649581,
    "CER": 0.853068538151411,
    "Cosine Dist.": 0.43366811476485245
  },
  "occ_eval_res": {
    "precision": 32.3204,
    "recall": 5.7664,
    "f-score": 9.7867
  },
  "clean_eval": {
    "f-score": 0.36363636363636365,
    "precision": 0.2175095160413268,
    "recall": 1.10803324099723,
    "tp": 4,
    "fp": 1835,
    "fn": 357
  },
  "jaccard": [
    0.4791666666666667
  ],
  "braycurtis": [
    0.7064404649701539
  ],
  "dice": [
    0.3150684931506849
  ],
  "cosinus": [
    0.06699210365887087
  ]
}