{
  "voc_eval_res": {
    "precision": 8.8993,
    "recall": 0.796,
    "f-score": 1.4613
  },
  "KL_res": {
    "KL divergence": 3.6065277875026953,
    "Euclidean Dist.": 0.16477107318047796,
    "WER": 0.9917463075586447,
    "CER": 0.8815267680105751,
    "Cosine Dist.": 0.9647193335591087
  },
  "occ_eval_res": {
    "precision": 8.7701,
    "recall": 1.1874,
    "f-score": 2.0916
  },
  "clean_eval": {
    "f-score": 0.1883745963401507,
    "precision": 0.10734549915657107,
    "recall": 0.7683863885839737,
    "tp": 7,
    "fp": 6514,
    "fn": 904
  },
  "jaccard": [
    0.9902234636871509
  ],
  "braycurtis": [
    0.9735269000853971
  ],
  "dice": [
    0.9806362378976486
  ],
  "cosinus": [
    0.9421236187857349
  ]
}