{
  "voc_eval_res": {
    "precision": 72.1519,
    "recall": 25.2772,
    "f-score": 37.4384
  },
  "KL_res": {
    "KL divergence": 2.343009404691691,
    "Euclidean Dist.": 0.2510168137000939,
    "WER": 0.7107107107107107,
    "CER": 0.4936088250744178,
    "Cosine Dist.": 0.2620453430720209
  },
  "occ_eval_res": {
    "precision": 75.6152,
    "recall": 33.8338,
    "f-score": 46.7497
  },
  "clean_eval": {
    "f-score": 20.224719101123593,
    "precision": 14.678899082568808,
    "recall": 32.50564334085779,
    "tp": 144,
    "fp": 837,
    "fn": 299
  },
  "jaccard": [
    0.3870967741935484
  ],
  "braycurtis": [
    0.20425053642587104
  ],
  "dice": [
    0.24
  ],
  "cosinus": [
    0.03171249524476094
  ]
}