{
  "voc_eval_res": {
    "precision": 68.0848,
    "recall": 92.0979,
    "f-score": 78.2914
  },
  "KL_res": {
    "KL divergence": 0.07023010275980297,
    "Euclidean Dist.": 0.01640209655098349,
    "WER": 0.2086769659658497,
    "CER": 0.10683504459267032,
    "Cosine Dist.": 0.007665354412439318
  },
  "occ_eval_res": {
    "precision": 83.0096,
    "recall": 95.072,
    "f-score": 88.6323
  },
  "clean_eval": {
    "f-score": 79.64476495726495,
    "precision": 86.28432535663649,
    "recall": 73.95401899754471,
    "tp": 29819,
    "fp": 4740,
    "fn": 10502
  },
  "jaccard": [
    0.33786170357288414
  ],
  "braycurtis": [
    0.10810145284412706
  ],
  "dice": [
    0.20326930935839804
  ],
  "cosinus": [
    0.012159997079533746
  ]
}