{
  "voc_eval_res": {
    "precision": 34.5,
    "recall": 4.9462,
    "f-score": 8.652
  },
  "KL_res": {
    "KL divergence": 3.7916417028153018,
    "Euclidean Dist.": 0.20006602568886409,
    "WER": 0.9330058061634658,
    "CER": 0.7557724351344918,
    "Cosine Dist.": 0.4879345456843823
  },
  "occ_eval_res": {
    "precision": 34.8333,
    "recall": 9.3345,
    "f-score": 14.7235
  },
  "clean_eval": {
    "f-score": 5.208763952046301,
    "precision": 3.450164293537788,
    "recall": 10.623946037099493,
    "tp": 63,
    "fp": 1763,
    "fn": 530
  },
  "jaccard": [
    0.8206676136363636
  ],
  "braycurtis": [
    0.5573553719008264
  ],
  "dice": [
    0.695874736525143
  ],
  "cosinus": [
    0.17834288845374646
  ]
}