{
  "voc_eval_res": {
    "precision": 71.2963,
    "recall": 20.21,
    "f-score": 31.4928
  },
  "KL_res": {
    "KL divergence": 2.248912443560497,
    "Euclidean Dist.": 0.21824092028465697,
    "WER": 0.6890012642225032,
    "CER": 0.4963007398520296,
    "Cosine Dist.": 0.0733396874889296
  },
  "occ_eval_res": {
    "precision": 79.3451,
    "recall": 39.823,
    "f-score": 53.0303
  },
  "clean_eval": {
    "f-score": 16.737830913748933,
    "precision": 12.596401028277635,
    "recall": 24.93638676844784,
    "tp": 98,
    "fp": 680,
    "fn": 295
  },
  "jaccard": [
    0.4461538461538462
  ],
  "braycurtis": [
    0.20242337847469707
  ],
  "dice": [
    0.2871287128712871
  ],
  "cosinus": [
    0.0232489074624741
  ]
}