{
  "voc_eval_res": {
    "precision": 35.7895,
    "recall": 12.3188,
    "f-score": 18.3288
  },
  "KL_res": {
    "KL divergence": 2.6159699471836313,
    "Euclidean Dist.": 0.13717825639237285,
    "WER": 0.8170802077322562,
    "CER": 0.6378264925373134,
    "Cosine Dist.": 0.19244929665944654
  },
  "occ_eval_res": {
    "precision": 43.3267,
    "recall": 25.101,
    "f-score": 31.7866
  },
  "clean_eval": {
    "f-score": 12.298232129131437,
    "precision": 9.876543209876543,
    "recall": 16.293279022403258,
    "tp": 160,
    "fp": 1460,
    "fn": 822
  },
  "jaccard": [
    0.6227483273288729
  ],
  "braycurtis": [
    0.35793409675157745
  ],
  "dice": [
    0.4521674140508221
  ],
  "cosinus": [
    0.10742750959026859
  ]
}