{
  "voc_eval_res": {
    "precision": 35.305,
    "recall": 7.103,
    "f-score": 11.8266
  },
  "KL_res": {
    "KL divergence": 3.1219759383874415,
    "Euclidean Dist.": 0.13329765913239547,
    "WER": 0.8981600342319213,
    "CER": 0.7192381562099872,
    "Cosine Dist.": 0.605287034979574
  },
  "occ_eval_res": {
    "precision": 37.2663,
    "recall": 12.3663,
    "f-score": 18.5703
  },
  "clean_eval": {
    "f-score": 8.732694355697552,
    "precision": 6.007326007326007,
    "recall": 15.984405458089668,
    "tp": 246,
    "fp": 3849,
    "fn": 1293
  },
  "jaccard": [
    0.6580705009276437
  ],
  "braycurtis": [
    0.5016758040530043
  ],
  "dice": [
    0.4903912622701507
  ],
  "cosinus": [
    0.1381938037333441
  ]
}