{
  "voc_eval_res": {
    "precision": 19.6847,
    "recall": 45.1374,
    "f-score": 27.4139
  },
  "KL_res": {
    "KL divergence": 0.3480666933886734,
    "Euclidean Dist.": 0.041397849512756775,
    "WER": 0.5342302153219292,
    "CER": 0.16569086274156378,
    "Cosine Dist.": 0.06986149198258063
  },
  "occ_eval_res": {
    "precision": 56.5159,
    "recall": 59.6649,
    "f-score": 58.0477
  },
  "clean_eval": {
    "f-score": 45.813009742105194,
    "precision": 46.75636540243014,
    "recall": 44.906967503412055,
    "tp": 51987,
    "fp": 59200,
    "fn": 63779
  },
  "jaccard": [
    0.7469505308335216
  ],
  "braycurtis": [
    0.17709103673180399
  ],
  "dice": [
    0.5961061787372122
  ],
  "cosinus": [
    0.0250619454462212
  ]
}