{
  "voc_eval_res": {
    "precision": 39.899,
    "recall": 6.6892,
    "f-score": 11.4576
  },
  "KL_res": {
    "KL divergence": 3.210489956552747,
    "Euclidean Dist.": 0.17499773469390306,
    "WER": 0.8730456535334584,
    "CER": 0.6251032825058214,
    "Cosine Dist.": 0.2036644424065086
  },
  "occ_eval_res": {
    "precision": 37.8582,
    "recall": 15.6973,
    "f-score": 22.1927
  },
  "clean_eval": {
    "f-score": 4.2850489054494645,
    "precision": 3.0065359477124183,
    "recall": 7.455429497568882,
    "tp": 46,
    "fp": 1484,
    "fn": 571
  },
  "jaccard": [
    0.6798472866103081
  ],
  "braycurtis": [
    0.41917192159163125
  ],
  "dice": [
    0.5149762445775666
  ],
  "cosinus": [
    0.15423596506771775
  ]
}