{
  "voc_eval_res": {
    "precision": 11.1111,
    "recall": 0.2565,
    "f-score": 0.5015
  },
  "KL_res": {
    "KL divergence": 4.796208345984219,
    "Euclidean Dist.": 0.23837686625729207,
    "WER": 0.9985056039850561,
    "CER": 0.9537295025807335,
    "Cosine Dist.": 0.9926018032672511
  },
  "occ_eval_res": {
    "precision": 5.2632,
    "recall": 0.1743,
    "f-score": 0.3375
  },
  "clean_eval": {
    "f-score": 0.26420079260237783,
    "precision": 0.13691128148959475,
    "recall": 3.7593984962406015,
    "tp": 5,
    "fp": 3647,
    "fn": 128
  },
  "jaccard": [
    0.922077922077922
  ],
  "braycurtis": [
    0.9235684963392441
  ],
  "dice": [
    0.8554216867469879
  ],
  "cosinus": [
    0.42011508740477177
  ]
}