{
  "voc_eval_res": {
    "precision": 80.8771,
    "recall": 96.9586,
    "f-score": 88.1907
  },
  "KL_res": {
    "KL divergence": 0.014382491371352647,
    "Euclidean Dist.": 0.0048732883447269665,
    "WER": 0.04901849087988334,
    "CER": 0.027835715288111008,
    "Cosine Dist.": 0.000578376514625667
  },
  "occ_eval_res": {
    "precision": 95.5432,
    "recall": 98.2079,
    "f-score": 96.8572
  },
  "clean_eval": {
    "f-score": 91.26118536396548,
    "precision": 92.56581986143188,
    "recall": 89.99281512416364,
    "tp": 160324,
    "fp": 12876,
    "fn": 17828
  },
  "jaccard": [
    0.5361270651634404
  ],
  "braycurtis": [
    0.06677903974122838
  ],
  "dice": [
    0.36623879874061516
  ],
  "cosinus": [
    0.006942097857739693
  ]
}