{
  "voc_eval_res": {
    "precision": 28.2609,
    "recall": 8.2452,
    "f-score": 12.766
  },
  "KL_res": {
    "KL divergence": 3.374472249656845,
    "Euclidean Dist.": 0.16157233673427565,
    "WER": 0.8841940532081377,
    "CER": 0.6925566343042071,
    "Cosine Dist.": 0.32928858821195606
  },
  "occ_eval_res": {
    "precision": 37.4233,
    "recall": 19.0923,
    "f-score": 25.285
  },
  "clean_eval": {
    "f-score": 1.711229946524064,
    "precision": 1.282051282051282,
    "recall": 2.572347266881029,
    "tp": 8,
    "fp": 616,
    "fn": 303
  },
  "jaccard": [
    0.2631578947368421
  ],
  "braycurtis": [
    0.30098723814110284
  ],
  "dice": [
    0.15151515151515152
  ],
  "cosinus": [
    0.02080822690255013
  ]
}