{
  "voc_eval_res": {
    "precision": 31.0513,
    "recall": 4.3065,
    "f-score": 7.564
  },
  "KL_res": {
    "KL divergence": 3.2380461522970836,
    "Euclidean Dist.": 0.19683617280728583,
    "WER": 0.912911084043849,
    "CER": 0.7343281793119981,
    "Cosine Dist.": 0.42952776325478825
  },
  "occ_eval_res": {
    "precision": 33.1226,
    "recall": 10.6374,
    "f-score": 16.1033
  },
  "clean_eval": {
    "f-score": 3.6706188078609716,
    "precision": 2.455987828732884,
    "recall": 7.262210796915166,
    "tp": 113,
    "fp": 4488,
    "fn": 1443
  },
  "jaccard": [
    0.4918032786885246
  ],
  "braycurtis": [
    0.44501882698321527
  ],
  "dice": [
    0.32608695652173914
  ],
  "cosinus": [
    0.04294553782091293
  ]
}