{
  "voc_eval_res": {
    "precision": 10.1137,
    "recall": 33.851,
    "f-score": 15.5742
  },
  "KL_res": {
    "KL divergence": 0.4921983092845644,
    "Euclidean Dist.": 0.05913025305499853,
    "WER": 0.6477370917260316,
    "CER": 0.2184463833887103,
    "Cosine Dist.": 0.11969214951831109
  },
  "occ_eval_res": {
    "precision": 44.4939,
    "recall": 43.0385,
    "f-score": 43.7541
  },
  "clean_eval": {
    "f-score": 30.59902023088124,
    "precision": 29.956106832833658,
    "recall": 31.270135103347414,
    "tp": 30575,
    "fp": 71491,
    "fn": 67202
  },
  "jaccard": [
    0.9022813363333428
  ],
  "braycurtis": [
    0.5445384671846656
  ],
  "dice": [
    0.8219604587203571
  ],
  "cosinus": [
    0.12052271680670601
  ]
}