{
  "voc_eval_res": {
    "precision": 51.3966,
    "recall": 46.9388,
    "f-score": 49.0667
  },
  "KL_res": {
    "KL divergence": 1.1766192463746912,
    "Euclidean Dist.": 0.08882990351062456,
    "WER": 0.6255813953488372,
    "CER": 0.5468882005068995,
    "Cosine Dist.": 0.03841530881165767
  },
  "occ_eval_res": {
    "precision": 64.6512,
    "recall": 64.6512,
    "f-score": 64.6512
  },
  "clean_eval": {
    "f-score": 31.807228915662648,
    "precision": 31.73076923076923,
    "recall": 31.88405797101449,
    "tp": 132,
    "fp": 284,
    "fn": 282
  },
  "jaccard": [
    0.6727272727272727
  ],
  "braycurtis": [
    0.3517877739331027
  ],
  "dice": [
    0.5068493150684932
  ],
  "cosinus": [
    0.07096720577867555
  ]
}