{
  "voc_eval_res": {
    "precision": 68.8889,
    "recall": 50.5435,
    "f-score": 58.3072
  },
  "KL_res": {
    "KL divergence": 2.151985050417812,
    "Euclidean Dist.": 0.22275877460498866,
    "WER": 0.5463510848126233,
    "CER": 0.4667396660279223,
    "Cosine Dist.": 0.39941990194069277
  },
  "occ_eval_res": {
    "precision": 75.9887,
    "recall": 53.0572,
    "f-score": 62.4855
  },
  "clean_eval": {
    "f-score": 32.77511961722488,
    "precision": 27.45490981963928,
    "recall": 40.652818991097924,
    "tp": 137,
    "fp": 362,
    "fn": 200
  },
  "jaccard": [
    0.5764192139737991
  ],
  "braycurtis": [
    0.37142857142857144
  ],
  "dice": [
    0.4049079754601227
  ],
  "cosinus": [
    0.5281435016667118
  ]
}