{
  "voc_eval_res": {
    "precision": 20.904,
    "recall": 2.1131,
    "f-score": 3.8382
  },
  "KL_res": {
    "KL divergence": 4.399423451266305,
    "Euclidean Dist.": 0.18399482102357306,
    "WER": 0.96962879640045,
    "CER": 0.8416153055983564,
    "Cosine Dist.": 0.7899384662841431
  },
  "occ_eval_res": {
    "precision": 26.2774,
    "recall": 4.0495,
    "f-score": 7.0175
  },
  "clean_eval": {
    "f-score": 0.7352941176470588,
    "precision": 0.42390843577787196,
    "recall": 2.7700831024930745,
    "tp": 10,
    "fp": 2349,
    "fn": 351
  },
  "jaccard": [
    0.43636363636363634
  ],
  "braycurtis": [
    0.6420422280728925
  ],
  "dice": [
    0.27906976744186046
  ],
  "cosinus": [
    0.06296699999103339
  ]
}