{
  "voc_eval_res": {
    "precision": 85.4037,
    "recall": 44.0,
    "f-score": 58.0781
  },
  "KL_res": {
    "KL divergence": 1.2076612332081411,
    "Euclidean Dist.": 0.1429872766482653,
    "WER": 0.4674070497344278,
    "CER": 0.35690069218816217,
    "Cosine Dist.": 0.10053298294309831
  },
  "occ_eval_res": {
    "precision": 88.881,
    "recall": 60.2125,
    "f-score": 71.7904
  },
  "clean_eval": {
    "f-score": 47.28132387706856,
    "precision": 39.741679085941385,
    "recall": 58.351568198395334,
    "tp": 800,
    "fp": 1213,
    "fn": 571
  },
  "jaccard": [
    0.41728312037659715
  ],
  "braycurtis": [
    0.16729623427703572
  ],
  "dice": [
    0.26364988315275123
  ],
  "cosinus": [
    0.06803395990016947
  ]
}