{
  "voc_eval_res": {
    "precision": 59.1549,
    "recall": 4.6927,
    "f-score": 8.6957
  },
  "KL_res": {
    "KL divergence": 4.995598724448468,
    "Euclidean Dist.": 0.2952955668831411,
    "WER": 0.9642409033877039,
    "CER": 0.8840383669454008,
    "Cosine Dist.": 0.8042108225079172
  },
  "occ_eval_res": {
    "precision": 41.8478,
    "recall": 4.8306,
    "f-score": 8.6614
  },
  "clean_eval": {
    "f-score": 4.40324449594438,
    "precision": 2.4643320363164722,
    "recall": 20.652173913043477,
    "tp": 38,
    "fp": 1504,
    "fn": 146
  },
  "jaccard": [
    0.8432527990571597
  ],
  "braycurtis": [
    0.7733361684031469
  ],
  "dice": [
    0.7289862455425369
  ],
  "cosinus": [
    0.32600668612318895
  ]
}