{
  "voc_eval_res": {
    "precision": 37.5,
    "recall": 3.2028,
    "f-score": 5.9016
  },
  "KL_res": {
    "KL divergence": 4.378693453971264,
    "Euclidean Dist.": 0.42648804057674194,
    "WER": 0.93048128342246,
    "CER": 0.8591549295774648,
    "Cosine Dist.": 0.2753361948893783
  },
  "occ_eval_res": {
    "precision": 44.8276,
    "recall": 8.6898,
    "f-score": 14.5577
  },
  "clean_eval": {
    "f-score": 6.060606060606061,
    "precision": 3.6656891495601176,
    "recall": 17.482517482517483,
    "tp": 25,
    "fp": 657,
    "fn": 118
  },
  "jaccard": [
    0.4444444444444444
  ],
  "braycurtis": [
    0.7163006892130149
  ],
  "dice": [
    0.2857142857142857
  ],
  "cosinus": [
    0.04620667090316688
  ]
}