{
  "voc_eval_res": {
    "precision": 4.2471,
    "recall": 1.6641,
    "f-score": 2.3913
  },
  "KL_res": {
    "KL divergence": 4.330812595827526,
    "Euclidean Dist.": 0.11904839331595372,
    "WER": 0.9834938101788171,
    "CER": 0.7498908138011355,
    "Cosine Dist.": 0.6944914946612095
  },
  "occ_eval_res": {
    "precision": 5.6042,
    "recall": 4.4017,
    "f-score": 4.9307
  },
  "clean_eval": {
    "f-score": 0.4858299595141701,
    "precision": 0.4335260115606936,
    "recall": 0.5524861878453038,
    "tp": 3,
    "fp": 689,
    "fn": 540
  },
  "jaccard": [
    0.669606512890095
  ],
  "braycurtis": [
    0.4883794717220592
  ],
  "dice": [
    0.5033146353901071
  ],
  "cosinus": [
    0.22556306108577517
  ]
}