{
  "voc_eval_res": {
    "precision": 4.0,
    "recall": 0.1308,
    "f-score": 0.2533
  },
  "KL_res": {
    "KL divergence": 3.4282046663294263,
    "Euclidean Dist.": 0.23043224676170646,
    "WER": 0.9935100054083288,
    "CER": 0.8971466489714665,
    "Cosine Dist.": 0.9332616561112587
  },
  "occ_eval_res": {
    "precision": 7.8947,
    "recall": 0.8518,
    "f-score": 1.5377
  },
  "clean_eval": {
    "f-score": 0.05460005460005459,
    "precision": 0.03062318174858368,
    "recall": 0.25157232704402516,
    "tp": 2,
    "fp": 6529,
    "fn": 793
  },
  "jaccard": [
    0.852395069433609
  ],
  "braycurtis": [
    0.8293672604998545
  ],
  "dice": [
    0.7427600271923861
  ],
  "cosinus": [
    0.42396202325662036
  ]
}