{
  "voc_eval_res": {
    "precision": 5.2288,
    "recall": 0.1218,
    "f-score": 0.238
  },
  "KL_res": {
    "KL divergence": 3.2100381488109964,
    "Euclidean Dist.": 0.22983928998697373,
    "WER": 0.9952969484851799,
    "CER": 0.9126331765519107,
    "Cosine Dist.": 0.940361425357641
  },
  "occ_eval_res": {
    "precision": 7.2704,
    "recall": 0.6234,
    "f-score": 1.1484
  },
  "clean_eval": {
    "f-score": 0.06759040216289286,
    "precision": 0.03705533596837944,
    "recall": 0.3841229193341869,
    "tp": 3,
    "fp": 8093,
    "fn": 778
  },
  "jaccard": [
    0.866596795927534
  ],
  "braycurtis": [
    0.8572025671448603
  ],
  "dice": [
    0.7645970937912814
  ],
  "cosinus": [
    0.42694380181092095
  ]
}