{
  "voc_eval_res": {
    "precision": 100.0,
    "recall": 50.0,
    "f-score": 66.6667
  },
  "KL_res": {
    "KL divergence": 10.545392929028361,
    "Euclidean Dist.": 1.1995243080264355,
    "WER": 0.9491525423728814,
    "CER": 0.9344569288389513,
    "Cosine Dist.": 0.9547011745833147
  },
  "occ_eval_res": {
    "precision": 100.0,
    "recall": 5.0847,
    "f-score": 9.6774
  },
  "clean_eval": {
    "f-score": 9.67741935483871,
    "precision": 5.084745762711865,
    "recall": 100.0,
    "tp": 3,
    "fp": 56,
    "fn": 0
  },
  "jaccard": [
    0.4528301886792453
  ],
  "braycurtis": [
    0.8833922261484098
  ],
  "dice": [
    0.2926829268292683
  ],
  "cosinus": [
    0.9085529350849432
  ]
}