{
  "voc_eval_res": {
    "precision": 66.6667,
    "recall": 16.6667,
    "f-score": 26.6667
  },
  "KL_res": {
    "KL divergence": 7.486038638861511,
    "Euclidean Dist.": 0.7370277311900889,
    "WER": 0.8888888888888888,
    "CER": 0.7297297297297297,
    "Cosine Dist.": 0.7303200550147031
  },
  "occ_eval_res": {
    "precision": 66.6667,
    "recall": 11.1111,
    "f-score": 19.0476
  },
  "clean_eval": {
    "f-score": 19.04761904761905,
    "precision": 11.11111111111111,
    "recall": 66.66666666666666,
    "tp": 2,
    "fp": 16,
    "fn": 1
  },
  "jaccard": [
    0.7803468208092486
  ],
  "braycurtis": [
    0.6896551724137931
  ],
  "dice": [
    0.6398104265402843
  ],
  "cosinus": [
    0.6324498318750158
  ]
}