{
  "voc_eval_res": {
    "precision": 51.8135,
    "recall": 13.3245,
    "f-score": 21.1977
  },
  "KL_res": {
    "KL divergence": 2.492788646563285,
    "Euclidean Dist.": 0.1470993938775628,
    "WER": 0.7943210775391336,
    "CER": 0.6107846215961599,
    "Cosine Dist.": 0.31893948900491587
  },
  "occ_eval_res": {
    "precision": 46.4309,
    "recall": 26.2832,
    "f-score": 33.5658
  },
  "clean_eval": {
    "f-score": 16.037046063855712,
    "precision": 12.756882512601782,
    "recall": 21.58792650918635,
    "tp": 329,
    "fp": 2250,
    "fn": 1195
  },
  "jaccard": [
    0.8670731707317073
  ],
  "braycurtis": [
    0.6330872774641771
  ],
  "dice": [
    0.7653390742734123
  ],
  "cosinus": [
    0.37540128031337505
  ]
}