{
  "voc_eval_res": {
    "precision": 8.0952,
    "recall": 0.714,
    "f-score": 1.3122
  },
  "KL_res": {
    "KL divergence": 3.814029896190503,
    "Euclidean Dist.": 0.21332621902301308,
    "WER": 0.9825493171471927,
    "CER": 0.871195030748787,
    "Cosine Dist.": 0.6536706236648293
  },
  "occ_eval_res": {
    "precision": 7.3239,
    "recall": 1.9727,
    "f-score": 3.1082
  },
  "clean_eval": {
    "f-score": 0.1327580484566877,
    "precision": 0.086244070720138,
    "recall": 0.2881844380403458,
    "tp": 2,
    "fp": 2317,
    "fn": 692
  },
  "jaccard": [
    0.9910167415271539
  ],
  "braycurtis": [
    0.9651307596513076
  ],
  "dice": [
    0.9821934439498179
  ],
  "cosinus": [
    0.7656946417475805
  ]
}