{
  "voc_eval_res": {
    "precision": 20.9877,
    "recall": 3.3268,
    "f-score": 5.7432
  },
  "KL_res": {
    "KL divergence": 4.406810602559988,
    "Euclidean Dist.": 0.2543129111611044,
    "WER": 0.93026941362916,
    "CER": 0.7000652032166921,
    "Cosine Dist.": 0.5114736917616071
  },
  "occ_eval_res": {
    "precision": 22.0532,
    "recall": 9.1918,
    "f-score": 12.9754
  },
  "clean_eval": {
    "f-score": 1.9607843137254901,
    "precision": 1.36986301369863,
    "recall": 3.4482758620689653,
    "tp": 8,
    "fp": 576,
    "fn": 224
  },
  "jaccard": [
    0.9620938628158845
  ],
  "braycurtis": [
    0.8895558223289316
  ],
  "dice": [
    0.9269565217391305
  ],
  "cosinus": [
    0.7301032346469793
  ]
}