{
    "Precision": 0.8470948012232415,
    "Recall": 0.9326599326599326,
    "F-score": 0.8878205128205128,
    "Total Tokens": 6500,
    "Tokens VP": 831,
    "Tokens FN": 60,
    "Tokens FP": 150,
    "Tokens FP (NA)": {
        "MISC": 55,
        "PER": 41,
        "LOC": 17,
        "ORG": 3
    },
    "Tokens FP (Label Error)": {
        "LOC": 4,
        "PER": 14,
        "MISC": 14,
        "ORG": 2
    }
}