{
    "Precision": 0.676153091265947,
    "Recall": 0.936141304347826,
    "F-score": 0.7851851851851851,
    "Total Tokens": 6500,
    "Tokens VP": 1378,
    "Tokens FN": 94,
    "Tokens FP": 660,
    "Tokens FP (NA)": {
        "MISC": 134,
        "PER": 303,
        "LOC": 94,
        "ORG": 45
    },
    "Tokens FP (Label Error)": {
        "LOC": 27,
        "PER": 33,
        "MISC": 24
    }
}