{
    "Precision": 0.823019801980198,
    "Recall": 0.8962264150943396,
    "F-score": 0.8580645161290323,
    "Total Tokens": 6500,
    "Tokens VP": 665,
    "Tokens FN": 77,
    "Tokens FP": 143,
    "Tokens FP (NA)": {
        "MISC": 62,
        "LOC": 9,
        "PER": 21,
        "ORG": 15
    },
    "Tokens FP (Label Error)": {
        "LOC": 15,
        "PER": 11,
        "MISC": 8,
        "ORG": 2
    }
}