{
  "voc_eval_res": {
    "precision": 65.6716,
    "recall": 19.3833,
    "f-score": 29.932
  },
  "KL_res": {
    "KL divergence": 2.788277390059634,
    "Euclidean Dist.": 0.1911581259728672,
    "WER": 0.6992084432717678,
    "CER": 0.6125244618395304,
    "Cosine Dist.": 0.2171314477421482
  },
  "occ_eval_res": {
    "precision": 77.0186,
    "recall": 32.7177,
    "f-score": 45.9259
  },
  "clean_eval": {
    "f-score": 43.40770791075051,
    "precision": 30.835734870317005,
    "recall": 73.28767123287672,
    "tp": 107,
    "fp": 240,
    "fn": 39
  },
  "jaccard": [
    0.49122807017543857
  ],
  "braycurtis": [
    0.3568627450980392
  ],
  "dice": [
    0.32558139534883723
  ],
  "cosinus": [
    0.041110878634478376
  ]
}