{
  "voc_eval_res": {
    "precision": 82.0513,
    "recall": 25.498,
    "f-score": 38.9058
  },
  "KL_res": {
    "KL divergence": 1.3897446760257288,
    "Euclidean Dist.": 0.21622349429690574,
    "WER": 0.5223367697594502,
    "CER": 0.38703339882121807,
    "Cosine Dist.": 0.019282539809042487
  },
  "occ_eval_res": {
    "precision": 85.5228,
    "recall": 54.811,
    "f-score": 66.8063
  },
  "clean_eval": {
    "f-score": 27.630180658873538,
    "precision": 22.807017543859647,
    "recall": 35.04043126684636,
    "tp": 130,
    "fp": 440,
    "fn": 241
  },
  "jaccard": [
    0.43333333333333335
  ],
  "braycurtis": [
    0.14084117321527392
  ],
  "dice": [
    0.2765957446808511
  ],
  "cosinus": [
    0.01314385113524208
  ]
}