{
  "voc_eval_res": {
    "precision": 17.9558,
    "recall": 1.3042,
    "f-score": 2.4317
  },
  "KL_res": {
    "KL divergence": 3.027346282182119,
    "Euclidean Dist.": 0.1597532622194029,
    "WER": 0.9677072120559742,
    "CER": 0.8325276121246339,
    "Cosine Dist.": 0.3750976012717655
  },
  "occ_eval_res": {
    "precision": 23.7467,
    "recall": 4.8439,
    "f-score": 8.0465
  },
  "clean_eval": {
    "f-score": 0.7529411764705882,
    "precision": 0.44723969252271134,
    "recall": 2.379182156133829,
    "tp": 32,
    "fp": 7123,
    "fn": 1313
  },
  "jaccard": [
    0.9835229501765398
  ],
  "braycurtis": [
    0.9253713884664873
  ],
  "dice": [
    0.9675800849093015
  ],
  "cosinus": [
    0.5644233421431
  ]
}