{
  "voc_eval_res": {
    "precision": 73.4807,
    "recall": 30.6452,
    "f-score": 43.252
  },
  "KL_res": {
    "KL divergence": 1.891274258661502,
    "Euclidean Dist.": 0.2559757835911039,
    "WER": 0.700887688151293,
    "CER": 0.5519177390865506,
    "Cosine Dist.": 0.44979242113892015
  },
  "occ_eval_res": {
    "precision": 81.9471,
    "recall": 33.462,
    "f-score": 47.5199
  },
  "clean_eval": {
    "f-score": 27.31843575418994,
    "precision": 19.176470588235293,
    "recall": 47.47572815533981,
    "tp": 489,
    "fp": 2061,
    "fn": 541
  },
  "jaccard": [
    0.6990881458966566
  ],
  "braycurtis": [
    0.41478129713423834
  ],
  "dice": [
    0.5373831775700935
  ],
  "cosinus": [
    0.11096975312934132
  ]
}