{
  "voc_eval_res": {
    "precision": 67.3495,
    "recall": 91.2616,
    "f-score": 77.5031
  },
  "KL_res": {
    "KL divergence": 0.053176839541770236,
    "Euclidean Dist.": 0.0166245229561131,
    "WER": 0.20881472688056982,
    "CER": 0.10948946579341907,
    "Cosine Dist.": 0.006146352593978777
  },
  "occ_eval_res": {
    "precision": 83.7286,
    "recall": 95.5609,
    "f-score": 89.2543
  },
  "clean_eval": {
    "f-score": 75.81178777110648,
    "precision": 81.223538678657,
    "recall": 71.07613659209052,
    "tp": 49496,
    "fp": 11442,
    "fn": 20142
  },
  "jaccard": [
    0.5993213881778677
  ],
  "braycurtis": [
    0.11843466244180934
  ],
  "dice": [
    0.42787930301742455
  ],
  "cosinus": [
    0.017836704704066064
  ]
}