{
  "voc_eval_res": {
    "precision": 32.5581,
    "recall": 6.4553,
    "f-score": 10.7744
  },
  "KL_res": {
    "KL divergence": 3.2900263584129608,
    "Euclidean Dist.": 0.1813049464116271,
    "WER": 0.9008735282947209,
    "CER": 0.728800442233278,
    "Cosine Dist.": 0.3085827489359312
  },
  "occ_eval_res": {
    "precision": 36.9214,
    "recall": 13.027,
    "f-score": 19.2588
  },
  "clean_eval": {
    "f-score": 8.834037025008119,
    "precision": 6.267281105990784,
    "recall": 14.96149614961496,
    "tp": 136,
    "fp": 2034,
    "fn": 773
  },
  "jaccard": [
    0.9328893442622951
  ],
  "braycurtis": [
    0.7699165947656025
  ],
  "dice": [
    0.8742198751800287
  ],
  "cosinus": [
    0.27912422786495517
  ]
}