{
  "voc_eval_res": {
    "precision": 75.4545,
    "recall": 40.8867,
    "f-score": 53.0351
  },
  "KL_res": {
    "KL divergence": 1.7390269202000737,
    "Euclidean Dist.": 0.370294063373337,
    "WER": 0.5360281195079086,
    "CER": 0.3381294964028777,
    "Cosine Dist.": 0.13989037369027102
  },
  "occ_eval_res": {
    "precision": 74.6803,
    "recall": 51.3181,
    "f-score": 60.8333
  },
  "clean_eval": {
    "f-score": 33.89473684210526,
    "precision": 28.54609929078014,
    "recall": 41.70984455958549,
    "tp": 161,
    "fp": 403,
    "fn": 225
  },
  "jaccard": [
    0.47462277091906724
  ],
  "braycurtis": [
    0.2096891872172771
  ],
  "dice": [
    0.31115107913669066
  ],
  "cosinus": [
    0.06254781360927675
  ]
}