{
  "voc_eval_res": {
    "precision": 53.2258,
    "recall": 35.1064,
    "f-score": 42.3077
  },
  "KL_res": {
    "KL divergence": 2.8080434850219262,
    "Euclidean Dist.": 0.49130077788700244,
    "WER": 0.7945670628183361,
    "CER": 0.6643737460590428,
    "Cosine Dist.": 0.7268433111767878
  },
  "occ_eval_res": {
    "precision": 52.7027,
    "recall": 33.107,
    "f-score": 40.6674
  },
  "clean_eval": {
    "f-score": 17.08860759493671,
    "precision": 13.846153846153847,
    "recall": 22.31404958677686,
    "tp": 81,
    "fp": 504,
    "fn": 282
  },
  "jaccard": [
    0.7182539682539683
  ],
  "braycurtis": [
    0.4763157894736842
  ],
  "dice": [
    0.5603715170278638
  ],
  "cosinus": [
    0.2784565687887902
  ]
}