{
  "voc_eval_res": {
    "precision": 41.6058,
    "recall": 40.4255,
    "f-score": 41.0072
  },
  "KL_res": {
    "KL divergence": 1.4919048741254524,
    "Euclidean Dist.": 0.1545369037321911,
    "WER": 1.1781376518218623,
    "CER": 0.80361956103196,
    "Cosine Dist.": 0.16381463762074366
  },
  "occ_eval_res": {
    "precision": 41.7391,
    "recall": 58.2996,
    "f-score": 48.6486
  },
  "clean_eval": {
    "f-score": 8.084358523725834,
    "precision": 9.663865546218489,
    "recall": 6.948640483383686,
    "tp": 23,
    "fp": 215,
    "fn": 308
  },
  "jaccard": [
    0.7149532710280374
  ],
  "braycurtis": [
    0.4940577249575552
  ],
  "dice": [
    0.5563636363636364
  ],
  "cosinus": [
    0.18301682727637225
  ]
}