{
  "voc_eval_res": {
    "precision": 60.0,
    "recall": 32.3864,
    "f-score": 42.0664
  },
  "KL_res": {
    "KL divergence": 1.7903336184497192,
    "Euclidean Dist.": 0.17512086373264094,
    "WER": 0.7797202797202797,
    "CER": 0.6602809706257982,
    "Cosine Dist.": 0.12851132495434126
  },
  "occ_eval_res": {
    "precision": 55.814,
    "recall": 50.3497,
    "f-score": 52.9412
  },
  "clean_eval": {
    "f-score": 29.601518026565465,
    "precision": 28.26086956521739,
    "recall": 31.07569721115538,
    "tp": 78,
    "fp": 198,
    "fn": 173
  },
  "jaccard": [
    0.75
  ],
  "braycurtis": [
    0.46741154562383613
  ],
  "dice": [
    0.6
  ],
  "cosinus": [
    0.13989465818943014
  ]
}