{
  "voc_eval_res": {
    "precision": 76.5472,
    "recall": 47.0,
    "f-score": 58.2404
  },
  "KL_res": {
    "KL divergence": 0.9144393871818531,
    "Euclidean Dist.": 0.0952148941075431,
    "WER": 0.48350515463917526,
    "CER": 0.42529215358931555,
    "Cosine Dist.": 0.01117681889835731
  },
  "occ_eval_res": {
    "precision": 82.9876,
    "recall": 61.8557,
    "f-score": 70.8801
  },
  "clean_eval": {
    "f-score": 53.22872661436331,
    "precision": 46.421052631578945,
    "recall": 62.37623762376238,
    "tp": 441,
    "fp": 509,
    "fn": 266
  },
  "jaccard": [
    0.3836589698046181
  ],
  "braycurtis": [
    0.1642110084739293
  ],
  "dice": [
    0.23736263736263735
  ],
  "cosinus": [
    0.0137982827160964
  ]
}