{
  "voc_eval_res": {
    "precision": 30.192,
    "recall": 4.6833,
    "f-score": 8.1087
  },
  "KL_res": {
    "KL divergence": 2.3904123635064107,
    "Euclidean Dist.": 0.2492925751986586,
    "WER": 0.8829802360301436,
    "CER": 0.6984436622704719,
    "Cosine Dist.": 0.5989375971816551
  },
  "occ_eval_res": {
    "precision": 43.7084,
    "recall": 16.7923,
    "f-score": 24.263
  },
  "clean_eval": {
    "f-score": 1.4087559601213697,
    "precision": 0.9869419981779531,
    "recall": 2.460257380772142,
    "tp": 65,
    "fp": 6521,
    "fn": 2577
  },
  "jaccard": [
    0.5076923076923077
  ],
  "braycurtis": [
    0.36613099064352544
  ],
  "dice": [
    0.3402061855670103
  ],
  "cosinus": [
    0.0173202375580771
  ]
}