{
  "voc_eval_res": {
    "precision": 54.7486,
    "recall": 32.6667,
    "f-score": 40.9186
  },
  "KL_res": {
    "KL divergence": 1.7050337772681698,
    "Euclidean Dist.": 0.10362546987958213,
    "WER": 0.7983310152990264,
    "CER": 0.7219988512349225,
    "Cosine Dist.": 0.11801461673096669
  },
  "occ_eval_res": {
    "precision": 69.509,
    "recall": 37.4131,
    "f-score": 48.6438
  },
  "clean_eval": {
    "f-score": 25.140712945590998,
    "precision": 19.225251076040173,
    "recall": 36.31436314363143,
    "tp": 134,
    "fp": 563,
    "fn": 235
  },
  "jaccard": [
    0.4592783505154639
  ],
  "braycurtis": [
    0.37369420702754036
  ],
  "dice": [
    0.29809300769488123
  ],
  "cosinus": [
    0.0842488172441378
  ]
}