{
  "voc_eval_res": {
    "precision": 15.8416,
    "recall": 0.3925,
    "f-score": 0.7661
  },
  "KL_res": {
    "KL divergence": 3.4616275612677496,
    "Euclidean Dist.": 0.3223963046613291,
    "WER": 0.9820038068870047,
    "CER": 0.9075178437265214,
    "Cosine Dist.": 0.6440806277406301
  },
  "occ_eval_res": {
    "precision": 21.562,
    "recall": 2.1976,
    "f-score": 3.9887
  },
  "clean_eval": {
    "f-score": 0.3703703703703704,
    "precision": 0.2055306427503737,
    "recall": 1.870748299319728,
    "tp": 11,
    "fp": 5341,
    "fn": 577
  },
  "jaccard": [
    0.5254237288135594
  ],
  "braycurtis": [
    0.8040619765494137
  ],
  "dice": [
    0.3563218390804598
  ],
  "cosinus": [
    0.05810773445772566
  ]
}