{
  "voc_eval_res": {
    "precision": 6.3241,
    "recall": 3.1809,
    "f-score": 4.2328
  },
  "KL_res": {
    "KL divergence": 4.517721614342632,
    "Euclidean Dist.": 0.14709542633489991,
    "WER": 1.1376811594202898,
    "CER": 0.9050847457627119,
    "Cosine Dist.": 0.4409481219458169
  },
  "occ_eval_res": {
    "precision": 6.3369,
    "recall": 7.4275,
    "f-score": 6.839
  },
  "clean_eval": {
    "f-score": 1.0517090271691498,
    "precision": 1.1235955056179776,
    "recall": 0.9884678747940692,
    "tp": 6,
    "fp": 528,
    "fn": 601
  },
  "jaccard": [
    0.9778393351800554
  ],
  "braycurtis": [
    0.9306846999154691
  ],
  "dice": [
    0.9566395663956639
  ],
  "cosinus": [
    0.5937722052293577
  ]
}