{
  "voc_eval_res": {
    "precision": 7.6233,
    "recall": 0.3661,
    "f-score": 0.6987
  },
  "KL_res": {
    "KL divergence": 3.3926395369980358,
    "Euclidean Dist.": 0.2104939504434091,
    "WER": 0.9889821615949633,
    "CER": 0.8828442637440339,
    "Cosine Dist.": 0.7360941031193565
  },
  "occ_eval_res": {
    "precision": 9.9859,
    "recall": 1.2417,
    "f-score": 2.2087
  },
  "clean_eval": {
    "f-score": 0.16548072149594573,
    "precision": 0.09340556697179152,
    "recall": 0.7246376811594203,
    "tp": 5,
    "fp": 5348,
    "fn": 685
  },
  "jaccard": [
    0.9953566905867455
  ],
  "braycurtis": [
    0.9747563508547691
  ],
  "dice": [
    0.9907563025210084
  ],
  "cosinus": [
    0.7850979374292797
  ]
}