{
  "voc_eval_res": {
    "precision": 1.9421,
    "recall": 9.3486,
    "f-score": 3.2161
  },
  "KL_res": {
    "KL divergence": 1.41694338077276,
    "Euclidean Dist.": 0.08848176970899152,
    "WER": 0.9147641083738167,
    "CER": 0.6176341878494827,
    "Cosine Dist.": 0.3796681324957386
  },
  "occ_eval_res": {
    "precision": 16.0173,
    "recall": 15.1174,
    "f-score": 15.5544
  },
  "clean_eval": {
    "f-score": 2.230509358114543,
    "precision": 2.1799619853820076,
    "recall": 2.283456486042693,
    "tp": 2225,
    "fp": 99841,
    "fn": 95215
  },
  "jaccard": [
    0.9774350879323255
  ],
  "braycurtis": [
    0.7977372309125161
  ],
  "dice": [
    0.9558660544648512
  ],
  "cosinus": [
    0.3394214307860731
  ]
}