{
  "voc_eval_res": {
    "precision": 6.1033,
    "recall": 0.5669,
    "f-score": 1.0375
  },
  "KL_res": {
    "KL divergence": 3.938394411100605,
    "Euclidean Dist.": 0.30812356142636765,
    "WER": 0.9873544093178036,
    "CER": 0.8289119747704294,
    "Cosine Dist.": 0.9119187596245732
  },
  "occ_eval_res": {
    "precision": 6.4052,
    "recall": 1.6306,
    "f-score": 2.5995
  },
  "clean_eval": {
    "f-score": 0.2398081534772182,
    "precision": 0.15384615384615385,
    "recall": 0.5434782608695652,
    "tp": 4,
    "fp": 2596,
    "fn": 732
  },
  "jaccard": [
    0.5178571428571429
  ],
  "braycurtis": [
    0.6093508361805431
  ],
  "dice": [
    0.3493975903614458
  ],
  "cosinus": [
    0.11088572346622683
  ]
}