{
  "voc_eval_res": {
    "precision": 3.352,
    "recall": 2.5532,
    "f-score": 2.8986
  },
  "KL_res": {
    "KL divergence": 4.84497844958196,
    "Euclidean Dist.": 0.20674810588737255,
    "WER": 1.5223880597014925,
    "CER": 1.155755241762944,
    "Cosine Dist.": 0.5438082857932642
  },
  "occ_eval_res": {
    "precision": 6.5116,
    "recall": 10.4478,
    "f-score": 8.0229
  },
  "clean_eval": {
    "f-score": 0.5943536404160475,
    "precision": 0.7722007722007722,
    "recall": 0.4830917874396135,
    "tp": 2,
    "fp": 257,
    "fn": 412
  },
  "jaccard": [
    0.4146341463414634
  ],
  "braycurtis": [
    0.28187479514913144
  ],
  "dice": [
    0.26153846153846155
  ],
  "cosinus": [
    0.059269407956978215
  ]
}