{
  "voc_eval_res": {
    "precision": 8.0247,
    "recall": 0.8145,
    "f-score": 1.479
  },
  "KL_res": {
    "KL divergence": 4.382826313249414,
    "Euclidean Dist.": 0.3799019525412294,
    "WER": 0.9933957072096863,
    "CER": 0.7828333572556337,
    "Cosine Dist.": 0.9527119525938158
  },
  "occ_eval_res": {
    "precision": 2.5676,
    "recall": 1.0457,
    "f-score": 1.4861
  },
  "clean_eval": {
    "f-score": 0.1638672675133142,
    "precision": 0.11689070718877849,
    "recall": 0.273972602739726,
    "tp": 2,
    "fp": 1709,
    "fn": 728
  },
  "jaccard": [
    0.7923290436537976
  ],
  "braycurtis": [
    0.6825995396444487
  ],
  "dice": [
    0.6560802340158797
  ],
  "cosinus": [
    0.5158036494973612
  ]
}