{
  "voc_eval_res": {
    "precision": 29.2994,
    "recall": 19.2469,
    "f-score": 23.2323
  },
  "KL_res": {
    "KL divergence": 3.004029116497979,
    "Euclidean Dist.": 0.15720215778840882,
    "WER": 0.8862876254180602,
    "CER": 0.6962444771723122,
    "Cosine Dist.": 0.3807217191028347
  },
  "occ_eval_res": {
    "precision": 31.4879,
    "recall": 30.4348,
    "f-score": 30.9524
  },
  "clean_eval": {
    "f-score": 9.764918625678119,
    "precision": 9.574468085106384,
    "recall": 9.96309963099631,
    "tp": 27,
    "fp": 255,
    "fn": 244
  },
  "jaccard": [
    0.2894736842105263
  ],
  "braycurtis": [
    0.0797153024911032
  ],
  "dice": [
    0.16923076923076924
  ],
  "cosinus": [
    0.008977075182599603
  ]
}