{
  "voc_eval_res": {
    "precision": 6.2727,
    "recall": 20.6427,
    "f-score": 9.6217
  },
  "KL_res": {
    "KL divergence": 0.9470855063909542,
    "Euclidean Dist.": 0.06790041486620471,
    "WER": 0.8586748296632764,
    "CER": 0.36803484553748395,
    "Cosine Dist.": 0.20563161676151076
  },
  "occ_eval_res": {
    "precision": 31.2348,
    "recall": 34.0288,
    "f-score": 32.572
  },
  "clean_eval": {
    "f-score": 11.132692797269392,
    "precision": 11.696931871093016,
    "recall": 10.620384445863653,
    "tp": 11807,
    "fp": 89134,
    "fn": 99366
  },
  "jaccard": [
    0.7913448370309504
  ],
  "braycurtis": [
    0.32371089454715124
  ],
  "dice": [
    0.6547316896301668
  ],
  "cosinus": [
    0.06822116456732585
  ]
}