{
  "voc_eval_res": {
    "precision": 9.375,
    "recall": 4.8649,
    "f-score": 6.4057
  },
  "KL_res": {
    "KL divergence": 4.6835758982809566,
    "Euclidean Dist.": 0.19888846650465197,
    "WER": 1.1481481481481481,
    "CER": 0.7876401813409687,
    "Cosine Dist.": 0.7079180545818287
  },
  "occ_eval_res": {
    "precision": 7.9304,
    "recall": 9.4907,
    "f-score": 8.6407
  },
  "clean_eval": {
    "f-score": 1.1235955056179776,
    "precision": 1.187648456057007,
    "recall": 1.0660980810234542,
    "tp": 5,
    "fp": 416,
    "fn": 464
  },
  "jaccard": [
    0.2894736842105263
  ],
  "braycurtis": [
    0.12400224845418775
  ],
  "dice": [
    0.16923076923076924
  ],
  "cosinus": [
    0.0332835529433666
  ]
}