{
  "voc_eval_res": {
    "precision": 78.4228,
    "recall": 93.5912,
    "f-score": 85.3382
  },
  "KL_res": {
    "KL divergence": 0.03386702410262273,
    "Euclidean Dist.": 0.011154431709912193,
    "WER": 0.1048763058495253,
    "CER": 0.05700763339009278,
    "Cosine Dist.": 0.004049048390611598
  },
  "occ_eval_res": {
    "precision": 91.0462,
    "recall": 96.3657,
    "f-score": 93.6305
  },
  "clean_eval": {
    "f-score": 88.10421189752496,
    "precision": 90.88075103912855,
    "recall": 85.49229783935012,
    "tp": 25363,
    "fp": 2545,
    "fn": 4304
  },
  "jaccard": [
    0.4151633349585568
  ],
  "braycurtis": [
    0.07813883302859473
  ],
  "dice": [
    0.26195969850792183
  ],
  "cosinus": [
    0.008862838630769532
  ]
}