{
  "voc_eval_res": {
    "precision": 71.9008,
    "recall": 40.9091,
    "f-score": 52.1479
  },
  "KL_res": {
    "KL divergence": 0.8836036743073967,
    "Euclidean Dist.": 0.06235818221199775,
    "WER": 0.4812680115273775,
    "CER": 0.3444158706833211,
    "Cosine Dist.": 0.021842487271971578
  },
  "occ_eval_res": {
    "precision": 80.7621,
    "recall": 62.6081,
    "f-score": 70.5357
  },
  "clean_eval": {
    "f-score": 49.25170068027211,
    "precision": 43.335993615323225,
    "recall": 57.03781512605042,
    "tp": 543,
    "fp": 710,
    "fn": 409
  },
  "jaccard": [
    0.6108843537414966
  ],
  "braycurtis": [
    0.30299199325748
  ],
  "dice": [
    0.4397649363369246
  ],
  "cosinus": [
    0.049838678029356265
  ]
}