{
  "voc_eval_res": {
    "precision": 59.8901,
    "recall": 50.6977,
    "f-score": 54.9118
  },
  "KL_res": {
    "KL divergence": 0.7350333043764388,
    "Euclidean Dist.": 0.04389143538480398,
    "WER": 0.5473801560758083,
    "CER": 0.4593615879828326,
    "Cosine Dist.": 0.0315794429161349
  },
  "occ_eval_res": {
    "precision": 72.4566,
    "recall": 65.1059,
    "f-score": 68.5849
  },
  "clean_eval": {
    "f-score": 43.110838946723824,
    "precision": 40.5997693194925,
    "recall": 45.95300261096606,
    "tp": 352,
    "fp": 515,
    "fn": 414
  },
  "jaccard": [
    0.5698924731182796
  ],
  "braycurtis": [
    0.28365106874638935
  ],
  "dice": [
    0.39849624060150374
  ],
  "cosinus": [
    0.039574508278567566
  ]
}