{
  "voc_eval_res": {
    "precision": 8.7948,
    "recall": 0.8115,
    "f-score": 1.486
  },
  "KL_res": {
    "KL divergence": 3.403318723752421,
    "Euclidean Dist.": 0.19857052004627593,
    "WER": 0.9851520150836672,
    "CER": 0.7850015688735488,
    "Cosine Dist.": 0.7500138102693517
  },
  "occ_eval_res": {
    "precision": 6.9116,
    "recall": 2.6161,
    "f-score": 3.7955
  },
  "clean_eval": {
    "f-score": 0.2923976608187135,
    "precision": 0.1979218208807521,
    "recall": 0.5594405594405595,
    "tp": 8,
    "fp": 4034,
    "fn": 1422
  },
  "jaccard": [
    0.7887901572112098
  ],
  "braycurtis": [
    0.6122531408771072
  ],
  "dice": [
    0.6512415349887133
  ],
  "cosinus": [
    0.33023926543688475
  ]
}