{
  "voc_eval_res": {
    "precision": 15.8824,
    "recall": 2.1531,
    "f-score": 3.7921
  },
  "KL_res": {
    "KL divergence": 4.413396630790006,
    "Euclidean Dist.": 0.162557888842072,
    "WER": 0.9733250620347395,
    "CER": 0.821672430610978,
    "Cosine Dist.": 0.8055847223265533
  },
  "occ_eval_res": {
    "precision": 15.6522,
    "recall": 3.3499,
    "f-score": 5.5187
  },
  "clean_eval": {
    "f-score": 1.06951871657754,
    "precision": 0.6676557863501483,
    "recall": 2.6865671641791042,
    "tp": 9,
    "fp": 1339,
    "fn": 326
  },
  "jaccard": [
    0.8135161606268364
  ],
  "braycurtis": [
    0.6649625085207908
  ],
  "dice": [
    0.6856529635132904
  ],
  "cosinus": [
    0.2584856610060695
  ]
}