{
  "voc_eval_res": {
    "precision": 69.6836,
    "recall": 90.76,
    "f-score": 78.8375
  },
  "KL_res": {
    "KL divergence": 0.06705510539724858,
    "Euclidean Dist.": 0.014518974875760406,
    "WER": 0.17802053542125745,
    "CER": 0.09048680024007037,
    "Cosine Dist.": 0.006881782350985355
  },
  "occ_eval_res": {
    "precision": 85.0844,
    "recall": 94.5426,
    "f-score": 89.5645
  },
  "clean_eval": {
    "f-score": 83.06471498061016,
    "precision": 88.22016950766593,
    "recall": 78.47854631708246,
    "tp": 18528,
    "fp": 2474,
    "fn": 5081
  },
  "jaccard": [
    0.3476542361230452
  ],
  "braycurtis": [
    0.10701667022361339
  ],
  "dice": [
    0.21040041601664067
  ],
  "cosinus": [
    0.009473021246766411
  ]
}