{
  "voc_eval_res": {
    "precision": 60.0,
    "recall": 12.3077,
    "f-score": 20.4255
  },
  "KL_res": {
    "KL divergence": 4.346762216780856,
    "Euclidean Dist.": 0.44944914425625043,
    "WER": 0.8848920863309353,
    "CER": 0.68818292189397,
    "Cosine Dist.": 0.797370824767164
  },
  "occ_eval_res": {
    "precision": 33.7802,
    "recall": 18.1295,
    "f-score": 23.5955
  },
  "clean_eval": {
    "f-score": 4.026845637583893,
    "precision": 3.0927835051546393,
    "recall": 5.769230769230769,
    "tp": 21,
    "fp": 658,
    "fn": 343
  },
  "jaccard": [
    0.730989010989011
  ],
  "braycurtis": [
    0.5570534424650939
  ],
  "dice": [
    0.5760304814686525
  ],
  "cosinus": [
    0.5671350469705394
  ]
}