{
  "voc_eval_res": {
    "precision": 18.1834,
    "recall": 19.7331,
    "f-score": 18.9266
  },
  "KL_res": {
    "KL divergence": 0.6326932174702701,
    "Euclidean Dist.": 0.06849066649272467,
    "WER": 0.9218426133391878,
    "CER": 0.7876002199111193,
    "Cosine Dist.": 0.22027921825375474
  },
  "occ_eval_res": {
    "precision": 46.2285,
    "recall": 16.6485,
    "f-score": 24.4806
  },
  "clean_eval": {
    "f-score": 16.84957077117233,
    "precision": 11.458013822448754,
    "recall": 31.824608468677496,
    "tp": 17557,
    "fp": 135672,
    "fn": 37611
  },
  "jaccard": [
    0.885157576204886
  ],
  "braycurtis": [
    0.7554607340429392
  ],
  "dice": [
    0.7939755047997352
  ],
  "cosinus": [
    0.07260876919915427
  ]
}