{
  "voc_eval_res": {
    "precision": 78.3019,
    "recall": 20.5446,
    "f-score": 32.549
  },
  "KL_res": {
    "KL divergence": 1.2076464612648434,
    "Euclidean Dist.": 0.15662277535031802,
    "WER": 0.5984555984555985,
    "CER": 0.5014907573047108,
    "Cosine Dist.": 0.021953241894931863
  },
  "occ_eval_res": {
    "precision": 90.7801,
    "recall": 49.4208,
    "f-score": 64.0
  },
  "clean_eval": {
    "f-score": 20.100502512562812,
    "precision": 15.54907677356657,
    "recall": 28.419182948490228,
    "tp": 160,
    "fp": 869,
    "fn": 403
  },
  "jaccard": [
    0.34615384615384615
  ],
  "braycurtis": [
    0.2484066992737513
  ],
  "dice": [
    0.20930232558139536
  ],
  "cosinus": [
    0.002996456169722106
  ]
}