{
  "voc_eval_res": {
    "precision": 25.5319,
    "recall": 2.5388,
    "f-score": 4.6183
  },
  "KL_res": {
    "KL divergence": 4.188738060907687,
    "Euclidean Dist.": 0.3849145269246432,
    "WER": 0.9676170362548399,
    "CER": 0.805561125593209,
    "Cosine Dist.": 0.8598604950178729
  },
  "occ_eval_res": {
    "precision": 22.9645,
    "recall": 3.8719,
    "f-score": 6.6265
  },
  "clean_eval": {
    "f-score": 1.0769718086791258,
    "precision": 0.6343283582089552,
    "recall": 3.563941299790356,
    "tp": 17,
    "fp": 2663,
    "fn": 460
  },
  "jaccard": [
    0.8128113879003559
  ],
  "braycurtis": [
    0.6676174670677316
  ],
  "dice": [
    0.684652278177458
  ],
  "cosinus": [
    0.36331323352476397
  ]
}