{
  "voc_eval_res": {
    "precision": 26.3889,
    "recall": 1.6536,
    "f-score": 3.1122
  },
  "KL_res": {
    "KL divergence": 4.882778966467063,
    "Euclidean Dist.": 0.2698990239329169,
    "WER": 0.9732905982905983,
    "CER": 0.8704185643027543,
    "Cosine Dist.": 0.7980430619878155
  },
  "occ_eval_res": {
    "precision": 32.4873,
    "recall": 3.4188,
    "f-score": 6.1866
  },
  "clean_eval": {
    "f-score": 4.257703081232493,
    "precision": 2.388434946574481,
    "recall": 19.587628865979383,
    "tp": 38,
    "fp": 1553,
    "fn": 156
  },
  "jaccard": [
    0.8770997235806932
  ],
  "braycurtis": [
    0.7652656621728786
  ],
  "dice": [
    0.7811020640030297
  ],
  "cosinus": [
    0.3561831079622443
  ]
}