{
  "voc_eval_res": {
    "precision": 6.7114,
    "recall": 0.6447,
    "f-score": 1.1765
  },
  "KL_res": {
    "KL divergence": 4.3054256370848005,
    "Euclidean Dist.": 0.15614166356461598,
    "WER": 0.9942495687176538,
    "CER": 0.8838123035473732,
    "Cosine Dist.": 0.933282743360288
  },
  "occ_eval_res": {
    "precision": 3.7037,
    "recall": 0.7476,
    "f-score": 1.244
  },
  "clean_eval": {
    "f-score": 0.2089864158829676,
    "precision": 0.12690355329949238,
    "recall": 0.591715976331361,
    "tp": 2,
    "fp": 1574,
    "fn": 336
  },
  "jaccard": [
    0.9933333333333333
  ],
  "braycurtis": [
    0.9858942065491184
  ],
  "dice": [
    0.9867549668874173
  ],
  "cosinus": [
    0.9499964119528432
  ]
}