{
  "voc_eval_res": {
    "precision": 4.8485,
    "recall": 1.9277,
    "f-score": 2.7586
  },
  "KL_res": {
    "KL divergence": 5.2904636532677785,
    "Euclidean Dist.": 0.18159809279047548,
    "WER": 0.9910714285714286,
    "CER": 0.7537429013939081,
    "Cosine Dist.": 0.9558406574587339
  },
  "occ_eval_res": {
    "precision": 2.719,
    "recall": 2.0089,
    "f-score": 2.3107
  },
  "clean_eval": {
    "f-score": 0.26990553306342785,
    "precision": 0.234192037470726,
    "recall": 0.3184713375796179,
    "tp": 1,
    "fp": 426,
    "fn": 313
  },
  "jaccard": [
    0.9892280071813285
  ],
  "braycurtis": [
    0.9814569536423841
  ],
  "dice": [
    0.9786856127886323
  ],
  "cosinus": [
    0.9801454857613208
  ]
}