{
  "voc_eval_res": {
    "precision": 54.3689,
    "recall": 43.9216,
    "f-score": 48.59
  },
  "KL_res": {
    "KL divergence": 0.8778880865059908,
    "Euclidean Dist.": 0.06616483484904823,
    "WER": 0.5862595419847328,
    "CER": 0.499260081391047,
    "Cosine Dist.": 0.02205134219998095
  },
  "occ_eval_res": {
    "precision": 76.25,
    "recall": 65.1908,
    "f-score": 70.2881
  },
  "clean_eval": {
    "f-score": 30.220713073005097,
    "precision": 28.075709779179807,
    "recall": 32.720588235294116,
    "tp": 178,
    "fp": 456,
    "fn": 366
  },
  "jaccard": [
    0.39100160685591856
  ],
  "braycurtis": [
    0.14895904603655558
  ],
  "dice": [
    0.24300932090545938
  ],
  "cosinus": [
    0.017561007796212058
  ]
}