{
  "voc_eval_res": {
    "precision": 46.0154,
    "recall": 6.8979,
    "f-score": 11.9973
  },
  "KL_res": {
    "KL divergence": 3.151854145978099,
    "Euclidean Dist.": 0.4722512165470638,
    "WER": 0.898876404494382,
    "CER": 0.6927917298724647,
    "Cosine Dist.": 0.7968561824438369
  },
  "occ_eval_res": {
    "precision": 23.3579,
    "recall": 14.0979,
    "f-score": 17.5833
  },
  "clean_eval": {
    "f-score": 10.398139280339308,
    "precision": 8.442568318151523,
    "recall": 13.532763532763534,
    "tp": 380,
    "fp": 4121,
    "fn": 2428
  },
  "jaccard": [
    0.9221891288160834
  ],
  "braycurtis": [
    0.8064134421961898
  ],
  "dice": [
    0.8556131260794473
  ],
  "cosinus": [
    0.6738750892010368
  ]
}