{
  "voc_eval_res": {
    "precision": 49.4475,
    "recall": 11.7763,
    "f-score": 19.0223
  },
  "KL_res": {
    "KL divergence": 2.3112902078517514,
    "Euclidean Dist.": 0.13120081915830814,
    "WER": 0.7902097902097902,
    "CER": 0.5625986811553821,
    "Cosine Dist.": 0.1770961765948782
  },
  "occ_eval_res": {
    "precision": 48.0871,
    "recall": 26.8311,
    "f-score": 34.4437
  },
  "clean_eval": {
    "f-score": 16.12737544940935,
    "precision": 12.318556296586896,
    "recall": 23.345724907063197,
    "tp": 314,
    "fp": 2235,
    "fn": 1031
  },
  "jaccard": [
    0.8740012292563
  ],
  "braycurtis": [
    0.6391920130020896
  ],
  "dice": [
    0.7762008733624454
  ],
  "cosinus": [
    0.26478050372256146
  ]
}