{
  "voc_eval_res": {
    "precision": 9.901,
    "recall": 0.6109,
    "f-score": 1.1507
  },
  "KL_res": {
    "KL divergence": 4.330264343394265,
    "Euclidean Dist.": 0.21115505366609488,
    "WER": 0.9925886712546321,
    "CER": 0.8914075560013374,
    "Cosine Dist.": 0.9224816658713129
  },
  "occ_eval_res": {
    "precision": 6.0086,
    "recall": 0.7411,
    "f-score": 1.3195
  },
  "clean_eval": {
    "f-score": 0.6116207951070336,
    "precision": 0.34602076124567477,
    "recall": 2.631578947368421,
    "tp": 6,
    "fp": 1728,
    "fn": 222
  },
  "jaccard": [
    0.9934562760261749
  ],
  "braycurtis": [
    0.9861796643632774
  ],
  "dice": [
    0.9869976359338062
  ],
  "cosinus": [
    0.9454375878880397
  ]
}