{
  "voc_eval_res": {
    "precision": 80.7018,
    "recall": 20.7207,
    "f-score": 32.9749
  },
  "KL_res": {
    "KL divergence": 1.707636134653572,
    "Euclidean Dist.": 0.1673584028426451,
    "WER": 0.7015945330296127,
    "CER": 0.6580928481806776,
    "Cosine Dist.": 0.09174147889830564
  },
  "occ_eval_res": {
    "precision": 84.8404,
    "recall": 36.3326,
    "f-score": 50.8772
  },
  "clean_eval": {
    "f-score": 31.025179856115102,
    "precision": 22.22938144329897,
    "recall": 51.33928571428571,
    "tp": 345,
    "fp": 1207,
    "fn": 327
  },
  "jaccard": [
    0.6159126365054602
  ],
  "braycurtis": [
    0.4247455811462239
  ],
  "dice": [
    0.4449954914337241
  ],
  "cosinus": [
    0.11791176829685845
  ]
}