{
  "voc_eval_res": {
    "precision": 76.7544,
    "recall": 44.1919,
    "f-score": 56.0897
  },
  "KL_res": {
    "KL divergence": 1.4588239934351082,
    "Euclidean Dist.": 0.20736161617557206,
    "WER": 0.5807962529274004,
    "CER": 0.4145913714486145,
    "Cosine Dist.": 0.397005206441992
  },
  "occ_eval_res": {
    "precision": 80.315,
    "recall": 47.7752,
    "f-score": 59.9119
  },
  "clean_eval": {
    "f-score": 39.70037453183521,
    "precision": 31.62291169451074,
    "recall": 53.31991951710262,
    "tp": 265,
    "fp": 573,
    "fn": 232
  },
  "jaccard": [
    0.5796460176991151
  ],
  "braycurtis": [
    0.3090356871678056
  ],
  "dice": [
    0.40809968847352024
  ],
  "cosinus": [
    0.05517617441008227
  ]
}