{
  "voc_eval_res": {
    "precision": 26.875,
    "recall": 2.7423,
    "f-score": 4.9769
  },
  "KL_res": {
    "KL divergence": 3.6806141928070844,
    "Euclidean Dist.": 0.24439001560690088,
    "WER": 0.9542168674698795,
    "CER": 0.8155898509024326,
    "Cosine Dist.": 0.4189955007208247
  },
  "occ_eval_res": {
    "precision": 32.4937,
    "recall": 6.2169,
    "f-score": 10.4369
  },
  "clean_eval": {
    "f-score": 1.6115351993214586,
    "precision": 0.949050949050949,
    "recall": 5.337078651685393,
    "tp": 19,
    "fp": 1983,
    "fn": 337
  },
  "jaccard": [
    0.7724396531520975
  ],
  "braycurtis": [
    0.6797965644299133
  ],
  "dice": [
    0.6292478045055364
  ],
  "cosinus": [
    0.39917256088908715
  ]
}