{
  "voc_eval_res": {
    "precision": 7.0481,
    "recall": 18.8806,
    "f-score": 10.2645
  },
  "KL_res": {
    "KL divergence": 0.8149250031815516,
    "Euclidean Dist.": 0.0686832023956839,
    "WER": 0.8392086330935252,
    "CER": 0.3709044911492647,
    "Cosine Dist.": 0.2000513571045579
  },
  "occ_eval_res": {
    "precision": 31.9641,
    "recall": 34.3747,
    "f-score": 33.1256
  },
  "clean_eval": {
    "f-score": 15.090641842234199,
    "precision": 15.107501975638336,
    "recall": 15.073819299056526,
    "tp": 11088,
    "fp": 62306,
    "fn": 62470
  },
  "jaccard": [
    0.7708200076755789
  ],
  "braycurtis": [
    0.3127990025423759
  ],
  "dice": [
    0.6271010043190924
  ],
  "cosinus": [
    0.06891774254522742
  ]
}