{
  "voc_eval_res": {
    "precision": 16.4557,
    "recall": 26.2392,
    "f-score": 20.2265
  },
  "KL_res": {
    "KL divergence": 0.4579938394429334,
    "Euclidean Dist.": 0.04460520594327724,
    "WER": 0.8444319877587814,
    "CER": 0.7016177484880709,
    "Cosine Dist.": 0.08209134186810618
  },
  "occ_eval_res": {
    "precision": 55.8085,
    "recall": 21.0756,
    "f-score": 30.5966
  },
  "clean_eval": {
    "f-score": 22.678892841451834,
    "precision": 15.487744917750994,
    "recall": 42.33602133468792,
    "tp": 40005,
    "fp": 218296,
    "fn": 54489
  },
  "jaccard": [
    0.8789899709820292
  ],
  "braycurtis": [
    0.6981664399361212
  ],
  "dice": [
    0.7841053587647593
  ],
  "cosinus": [
    0.05670264429960292
  ]
}