{
  "voc_eval_res": {
    "precision": 42.7007,
    "recall": 1.9764,
    "f-score": 3.7778
  },
  "KL_res": {
    "KL divergence": 2.8574141633890804,
    "Euclidean Dist.": 0.1951257921318177,
    "WER": 0.9556536359815049,
    "CER": 0.8710044410329514,
    "Cosine Dist.": 0.3864044214506023
  },
  "occ_eval_res": {
    "precision": 50.2502,
    "recall": 7.3876,
    "f-score": 12.8814
  },
  "clean_eval": {
    "f-score": 0.7992622194897017,
    "precision": 0.4640095181439619,
    "recall": 2.880354505169867,
    "tp": 39,
    "fp": 8366,
    "fn": 1315
  },
  "jaccard": [
    0.9781565447625352
  ],
  "braycurtis": [
    0.8457948468643656
  ],
  "dice": [
    0.9572469635627531
  ],
  "cosinus": [
    0.3508026624839272
  ]
}