{
  "voc_eval_res": {
    "precision": 4.9031,
    "recall": 10.5411,
    "f-score": 6.693
  },
  "KL_res": {
    "KL divergence": 1.0004927787099653,
    "Euclidean Dist.": 0.06977841289394253,
    "WER": 0.9388279942126911,
    "CER": 0.7682398693632151,
    "Cosine Dist.": 0.21868813537036502
  },
  "occ_eval_res": {
    "precision": 31.3925,
    "recall": 11.6682,
    "f-score": 17.0129
  },
  "clean_eval": {
    "f-score": 4.963735267452403,
    "precision": 3.3913922129608483,
    "recall": 9.254270592336704,
    "tp": 8760,
    "fp": 249541,
    "fn": 85899
  },
  "jaccard": [
    0.958127247084997
  ],
  "braycurtis": [
    0.8279742956240794
  ],
  "dice": [
    0.9196202169644049
  ],
  "cosinus": [
    0.22829232452204995
  ]
}