{
  "voc_eval_res": {
    "precision": 7.0485,
    "recall": 2.3415,
    "f-score": 3.5152
  },
  "KL_res": {
    "KL divergence": 3.49005968352595,
    "Euclidean Dist.": 0.20970600405356393,
    "WER": 1.1015831134564644,
    "CER": 0.9399439123763162,
    "Cosine Dist.": 0.3572427377958035
  },
  "occ_eval_res": {
    "precision": 5.7534,
    "recall": 6.4644,
    "f-score": 6.0882
  },
  "clean_eval": {
    "f-score": 0.30133448127421436,
    "precision": 0.3146067415730337,
    "recall": 0.2891367203634862,
    "tp": 7,
    "fp": 2218,
    "fn": 2414
  },
  "jaccard": [
    0.9812241832519715
  ],
  "braycurtis": [
    0.9411642842345141
  ],
  "dice": [
    0.9631404349428677
  ],
  "cosinus": [
    0.47807055759144157
  ]
}