{
  "voc_eval_res": {
    "precision": 2.193,
    "recall": 0.3925,
    "f-score": 0.6658
  },
  "KL_res": {
    "KL divergence": 4.280778980961912,
    "Euclidean Dist.": 0.22769805572430377,
    "WER": 0.9835596854896355,
    "CER": 0.8034091822786845,
    "Cosine Dist.": 0.5246537658627131
  },
  "occ_eval_res": {
    "precision": 4.7619,
    "recall": 1.787,
    "f-score": 2.5988
  },
  "clean_eval": {
    "f-score": 0.21413276231263384,
    "precision": 0.14727540500736377,
    "recall": 0.39215686274509803,
    "tp": 2,
    "fp": 1356,
    "fn": 508
  },
  "jaccard": [
    0.49056603773584906
  ],
  "braycurtis": [
    0.4901387019371452
  ],
  "dice": [
    0.325
  ],
  "cosinus": [
    0.07532946618421177
  ]
}