{
  "voc_eval_res": {
    "precision": 36.2903,
    "recall": 7.4013,
    "f-score": 12.2951
  },
  "KL_res": {
    "KL divergence": 4.008064919531547,
    "Euclidean Dist.": 0.14039634368476883,
    "WER": 0.9116094986807388,
    "CER": 0.7778700780860608,
    "Cosine Dist.": 0.4269142415596159
  },
  "occ_eval_res": {
    "precision": 38.2883,
    "recall": 11.2137,
    "f-score": 17.3469
  },
  "clean_eval": {
    "f-score": 6.753812636165578,
    "precision": 4.3175487465181055,
    "recall": 15.5,
    "tp": 31,
    "fp": 687,
    "fn": 169
  },
  "jaccard": [
    0.7159877017678709
  ],
  "braycurtis": [
    0.6133299088223964
  ],
  "dice": [
    0.5576174797964681
  ],
  "cosinus": [
    0.19624964868343486
  ]
}