{
  "voc_eval_res": {
    "precision": 9.1405,
    "recall": 33.5,
    "f-score": 14.3623
  },
  "KL_res": {
    "KL divergence": 3.6903511726706917,
    "Euclidean Dist.": 0.22391442424005933,
    "WER": 7.199346405228758,
    "CER": 7.797121634168988,
    "Cosine Dist.": 0.7589774935462534
  },
  "occ_eval_res": {
    "precision": 4.6085,
    "recall": 33.6601,
    "f-score": 8.107
  },
  "clean_eval": {
    "f-score": 4.87408610885459,
    "precision": 20.33898305084746,
    "recall": 2.7688047992616522,
    "tp": 60,
    "fp": 235,
    "fn": 2107
  },
  "jaccard": [
    0.6835518474374255
  ],
  "braycurtis": [
    0.8278501865400455
  ],
  "dice": [
    0.5192394748755093
  ],
  "cosinus": [
    0.3321974026725376
  ]
}