{
  "voc_eval_res": {
    "precision": 8.0122,
    "recall": 54.4828,
    "f-score": 13.9699
  },
  "KL_res": {
    "KL divergence": 1.6846477561570303,
    "Euclidean Dist.": 0.24498340936526286,
    "WER": 9.287162162162161,
    "CER": 8.789595375722543,
    "Cosine Dist.": 0.4555294301294043
  },
  "occ_eval_res": {
    "precision": 7.8604,
    "recall": 75.3378,
    "f-score": 14.2356
  },
  "clean_eval": {
    "f-score": 6.999999999999999,
    "precision": 36.58536585365854,
    "recall": 3.870254330998894,
    "tp": 105,
    "fp": 182,
    "fn": 2608
  },
  "jaccard": [
    0.6928337793636634
  ],
  "braycurtis": [
    0.8171507007657853
  ],
  "dice": [
    0.5300272975432211
  ],
  "cosinus": [
    0.19365358928215393
  ]
}