{
  "voc_eval_res": {
    "precision": 5.5373,
    "recall": 14.714,
    "f-score": 8.0465
  },
  "KL_res": {
    "KL divergence": 1.1646730550941806,
    "Euclidean Dist.": 0.09032072919876372,
    "WER": 1.0785528031290743,
    "CER": 0.5007058715680432,
    "Cosine Dist.": 0.29944586375542215
  },
  "occ_eval_res": {
    "precision": 24.2722,
    "recall": 30.2678,
    "f-score": 26.9404
  },
  "clean_eval": {
    "f-score": 7.547005096083543,
    "precision": 8.89426168368528,
    "recall": 6.554207733131159,
    "tp": 3458,
    "fp": 35421,
    "fn": 49302
  },
  "jaccard": [
    0.9431312798550486
  ],
  "braycurtis": [
    0.6855194137147067
  ],
  "dice": [
    0.892382622248198
  ],
  "cosinus": [
    0.13665612436261376
  ]
}