{
  "voc_eval_res": {
    "precision": 31.25,
    "recall": 0.4264,
    "f-score": 0.8414
  },
  "KL_res": {
    "KL divergence": 4.799482047776825,
    "Euclidean Dist.": 0.4185148984200739,
    "WER": 0.9897107897664071,
    "CER": 0.9397867447208865,
    "Cosine Dist.": 0.9013555861521907
  },
  "occ_eval_res": {
    "precision": 17.9372,
    "recall": 1.1123,
    "f-score": 2.0948
  },
  "clean_eval": {
    "f-score": 0.24110910186859552,
    "precision": 0.12924071082390953,
    "recall": 1.7937219730941705,
    "tp": 4,
    "fp": 3091,
    "fn": 219
  },
  "jaccard": [
    0.9957118353344768
  ],
  "braycurtis": [
    0.9743095696852923
  ],
  "dice": [
    0.9914602903501281
  ],
  "cosinus": [
    0.8095372018993334
  ]
}