{
  "voc_eval_res": {
    "precision": 9.5238,
    "recall": 2.4242,
    "f-score": 3.8647
  },
  "KL_res": {
    "KL divergence": 5.019076019925125,
    "Euclidean Dist.": 0.4231854481819504,
    "WER": 0.9538043478260869,
    "CER": 0.7023926581448705,
    "Cosine Dist.": 0.6166670826092767
  },
  "occ_eval_res": {
    "precision": 9.4276,
    "recall": 7.6087,
    "f-score": 8.4211
  },
  "clean_eval": {
    "f-score": 0.9216589861751152,
    "precision": 0.821917808219178,
    "recall": 1.048951048951049,
    "tp": 3,
    "fp": 362,
    "fn": 283
  },
  "jaccard": [
    0.9824561403508771
  ],
  "braycurtis": [
    0.9150227617602428
  ],
  "dice": [
    0.9655172413793104
  ],
  "cosinus": [
    0.6667397671974762
  ]
}