{
  "voc_eval_res": {
    "precision": 71.6279,
    "recall": 40.8488,
    "f-score": 52.027
  },
  "KL_res": {
    "KL divergence": 0.9383957861382054,
    "Euclidean Dist.": 0.07767224905585643,
    "WER": 0.48094170403587444,
    "CER": 0.332345887995486,
    "Cosine Dist.": 0.017245677320456676
  },
  "occ_eval_res": {
    "precision": 80.6313,
    "recall": 63.0045,
    "f-score": 70.7363
  },
  "clean_eval": {
    "f-score": 44.26772697150431,
    "precision": 39.479905437352244,
    "recall": 50.37707390648567,
    "tp": 334,
    "fp": 512,
    "fn": 329
  },
  "jaccard": [
    0.3793103448275862
  ],
  "braycurtis": [
    0.1476644130301168
  ],
  "dice": [
    0.23404255319148937
  ],
  "cosinus": [
    0.015503623027156244
  ]
}