{
  "voc_eval_res": {
    "precision": 19.3147,
    "recall": 42.6761,
    "f-score": 26.5935
  },
  "KL_res": {
    "KL divergence": 0.4749383325020795,
    "Euclidean Dist.": 0.0453227128305804,
    "WER": 0.574808644754615,
    "CER": 0.1862351764899447,
    "Cosine Dist.": 0.08329950214014625
  },
  "occ_eval_res": {
    "precision": 53.8175,
    "recall": 54.9527,
    "f-score": 54.3792
  },
  "clean_eval": {
    "f-score": 43.06203717438186,
    "precision": 42.64599529922256,
    "recall": 43.486276588389835,
    "tp": 18870,
    "fp": 25378,
    "fn": 24523
  },
  "jaccard": [
    0.8159731543624161
  ],
  "braycurtis": [
    0.4064458907147052
  ],
  "dice": [
    0.6891508899217775
  ],
  "cosinus": [
    0.06854484733990451
  ]
}