{
  "voc_eval_res": {
    "precision": 63.717,
    "recall": 93.0433,
    "f-score": 75.637
  },
  "KL_res": {
    "KL divergence": 0.060899793994758915,
    "Euclidean Dist.": 0.017314765745610743,
    "WER": 0.23105951297476082,
    "CER": 0.15949461136841767,
    "Cosine Dist.": 0.00903910824996823
  },
  "occ_eval_res": {
    "precision": 81.6827,
    "recall": 95.9888,
    "f-score": 88.2598
  },
  "clean_eval": {
    "f-score": 80.06290083867785,
    "precision": 88.38987858844888,
    "recall": 73.16976949521894,
    "tp": 38949,
    "fp": 5116,
    "fn": 14282
  },
  "jaccard": [
    0.3787171015153241
  ],
  "braycurtis": [
    0.11874575751603933
  ],
  "dice": [
    0.23359100491918483
  ],
  "cosinus": [
    0.01420287793449404
  ]
}