{
  "voc_eval_res": {
    "precision": 12.6316,
    "recall": 0.7593,
    "f-score": 1.4326
  },
  "KL_res": {
    "KL divergence": 3.4532894652918644,
    "Euclidean Dist.": 0.20177762357386242,
    "WER": 0.9842389672770939,
    "CER": 0.8455639621906461,
    "Cosine Dist.": 0.8706973895847494
  },
  "occ_eval_res": {
    "precision": 10.734,
    "recall": 2.0414,
    "f-score": 3.4304
  },
  "clean_eval": {
    "f-score": 0.24255491173696264,
    "precision": 0.14527845036319612,
    "recall": 0.734094616639478,
    "tp": 9,
    "fp": 6186,
    "fn": 1217
  },
  "jaccard": [
    0.8099886123312184
  ],
  "braycurtis": [
    0.7396393228512583
  ],
  "dice": [
    0.6806561859193438
  ],
  "cosinus": [
    0.30083806902348986
  ]
}