{
  "voc_eval_res": {
    "precision": 10.2689,
    "recall": 1.1146,
    "f-score": 2.011
  },
  "KL_res": {
    "KL divergence": 3.847459562421771,
    "Euclidean Dist.": 0.2204425128384663,
    "WER": 0.9808518253400144,
    "CER": 0.7928296067848882,
    "Cosine Dist.": 0.9174617297279996
  },
  "occ_eval_res": {
    "precision": 8.7231,
    "recall": 2.4696,
    "f-score": 3.8494
  },
  "clean_eval": {
    "f-score": 0.3234342840341076,
    "precision": 0.20968356843309188,
    "recall": 0.7069408740359897,
    "tp": 11,
    "fp": 5235,
    "fn": 1545
  },
  "jaccard": [
    0.7731941116056145
  ],
  "braycurtis": [
    0.6533320711851571
  ],
  "dice": [
    0.6302497558253104
  ],
  "cosinus": [
    0.3111996867500815
  ]
}