{
  "voc_eval_res": {
    "precision": 16.7665,
    "recall": 0.8805,
    "f-score": 1.6731
  },
  "KL_res": {
    "KL divergence": 3.8602827279419962,
    "Euclidean Dist.": 0.35726021463623486,
    "WER": 0.9897243107769423,
    "CER": 0.91084353204369,
    "Cosine Dist.": 0.8869403482411051
  },
  "occ_eval_res": {
    "precision": 16.5789,
    "recall": 1.5789,
    "f-score": 2.8833
  },
  "clean_eval": {
    "f-score": 0.3065917220235054,
    "precision": 0.1693480101608806,
    "recall": 1.6172506738544474,
    "tp": 6,
    "fp": 3537,
    "fn": 365
  },
  "jaccard": [
    0.5263157894736842
  ],
  "braycurtis": [
    0.8091841546804999
  ],
  "dice": [
    0.35714285714285715
  ],
  "cosinus": [
    0.13725936974882869
  ]
}