{
  "voc_eval_res": {
    "precision": 14.6985,
    "recall": 33.9539,
    "f-score": 20.5158
  },
  "KL_res": {
    "KL divergence": 0.5205143857491797,
    "Euclidean Dist.": 0.0487865497710714,
    "WER": 0.6057717437653888,
    "CER": 0.18084901403023065,
    "Cosine Dist.": 0.10462799582542581
  },
  "occ_eval_res": {
    "precision": 48.9223,
    "recall": 51.0172,
    "f-score": 49.9478
  },
  "clean_eval": {
    "f-score": 37.484375,
    "precision": 37.33323901817925,
    "recall": 37.636739642016686,
    "tp": 26389,
    "fp": 44296,
    "fn": 43726
  },
  "jaccard": [
    0.8697635998898635
  ],
  "braycurtis": [
    0.4772594837130703
  ],
  "dice": [
    0.7695413099464049
  ],
  "cosinus": [
    0.0748634491916027
  ]
}