{
  "voc_eval_res": {
    "precision": 54.5455,
    "recall": 33.3333,
    "f-score": 41.3793
  },
  "KL_res": {
    "KL divergence": 5.138553148472793,
    "Euclidean Dist.": 0.4806803971277466,
    "WER": 0.723404255319149,
    "CER": 0.6234939759036144,
    "Cosine Dist.": 0.5083873233876808
  },
  "occ_eval_res": {
    "precision": 65.0,
    "recall": 27.6596,
    "f-score": 38.806
  },
  "clean_eval": {
    "f-score": 38.80597014925373,
    "precision": 27.659574468085108,
    "recall": 65.0,
    "tp": 13,
    "fp": 34,
    "fn": 7
  },
  "jaccard": [
    0.5914396887159533
  ],
  "braycurtis": [
    0.4803312629399586
  ],
  "dice": [
    0.4198895027624309
  ],
  "cosinus": [
    0.48017106614957605
  ]
}