{
  "voc_eval_res": {
    "precision": 63.6364,
    "recall": 53.8462,
    "f-score": 58.3333
  },
  "KL_res": {
    "KL divergence": 2.136802030332101,
    "Euclidean Dist.": 0.2719390568889024,
    "WER": 0.391304347826087,
    "CER": 0.2215568862275449,
    "Cosine Dist.": 0.14098983406993826
  },
  "occ_eval_res": {
    "precision": 70.0,
    "recall": 60.8696,
    "f-score": 65.1163
  },
  "clean_eval": {
    "f-score": 65.11627906976743,
    "precision": 60.86956521739131,
    "recall": 70.0,
    "tp": 14,
    "fp": 9,
    "fn": 6
  },
  "jaccard": [
    0.3370165745856354
  ],
  "braycurtis": [
    0.16352201257861634
  ],
  "dice": [
    0.2026578073089701
  ],
  "cosinus": [
    0.08028204177890541
  ]
}