{
  "voc_eval_res": {
    "precision": 14.4479,
    "recall": 39.5778,
    "f-score": 21.1683
  },
  "KL_res": {
    "KL divergence": 0.7507852043972594,
    "Euclidean Dist.": 0.0900048700206888,
    "WER": 0.9467936537008631,
    "CER": 0.3774560405529468,
    "Cosine Dist.": 0.3487577704394177
  },
  "occ_eval_res": {
    "precision": 38.4222,
    "recall": 53.3895,
    "f-score": 44.6859
  },
  "clean_eval": {
    "f-score": 31.612645058023208,
    "precision": 38.00286391909429,
    "recall": 27.06212258814907,
    "tp": 16985,
    "fp": 27709,
    "fn": 45778
  },
  "jaccard": [
    0.7855898745935903
  ],
  "braycurtis": [
    0.3049256077135163
  ],
  "dice": [
    0.6468900894009657
  ],
  "cosinus": [
    0.07975079246894701
  ]
}