{
  "voc_eval_res": {
    "precision": 7.5829,
    "recall": 0.5977,
    "f-score": 1.108
  },
  "KL_res": {
    "KL divergence": 3.7288860024708805,
    "Euclidean Dist.": 0.22471500564603294,
    "WER": 0.9859154929577465,
    "CER": 0.8904226829739654,
    "Cosine Dist.": 0.7497409115986438
  },
  "occ_eval_res": {
    "precision": 6.422,
    "recall": 1.605,
    "f-score": 2.5681
  },
  "clean_eval": {
    "f-score": 0.22271714922048996,
    "precision": 0.14104372355430184,
    "recall": 0.5291005291005291,
    "tp": 4,
    "fp": 2832,
    "fn": 752
  },
  "jaccard": [
    0.46938775510204084
  ],
  "braycurtis": [
    0.6691630355846042
  ],
  "dice": [
    0.30666666666666664
  ],
  "cosinus": [
    0.07886177718097964
  ]
}