{
  "voc_eval_res": {
    "precision": 23.7762,
    "recall": 4.266,
    "f-score": 7.234
  },
  "KL_res": {
    "KL divergence": 4.30841633396609,
    "Euclidean Dist.": 0.16401571401375784,
    "WER": 0.9607072691552063,
    "CER": 0.7803888655756049,
    "Cosine Dist.": 0.8279294546602018
  },
  "occ_eval_res": {
    "precision": 18.2156,
    "recall": 4.8134,
    "f-score": 7.6146
  },
  "clean_eval": {
    "f-score": 1.6722408026755848,
    "precision": 1.0548523206751055,
    "recall": 4.032258064516129,
    "tp": 10,
    "fp": 938,
    "fn": 238
  },
  "jaccard": [
    0.3829787234042553
  ],
  "braycurtis": [
    0.5347958433924636
  ],
  "dice": [
    0.23684210526315788
  ],
  "cosinus": [
    0.054998014507142146
  ]
}