{
  "voc_eval_res": {
    "precision": 30.8824,
    "recall": 3.2143,
    "f-score": 5.8226
  },
  "KL_res": {
    "KL divergence": 3.793132709593662,
    "Euclidean Dist.": 0.23099858403661022,
    "WER": 0.9486560992419021,
    "CER": 0.771283916633897,
    "Cosine Dist.": 0.6230935004961278
  },
  "occ_eval_res": {
    "precision": 22.7183,
    "recall": 7.8911,
    "f-score": 11.7136
  },
  "clean_eval": {
    "f-score": 0.17321016166281755,
    "precision": 0.1203852327447833,
    "recall": 0.30864197530864196,
    "tp": 3,
    "fp": 2489,
    "fn": 969
  },
  "jaccard": [
    0.9629805410536307
  ],
  "braycurtis": [
    0.8617733726225556
  ],
  "dice": [
    0.928604118993135
  ],
  "cosinus": [
    0.5786094592777555
  ]
}