{
  "voc_eval_res": {
    "precision": 38.1295,
    "recall": 8.3596,
    "f-score": 13.7128
  },
  "KL_res": {
    "KL divergence": 3.771890225621748,
    "Euclidean Dist.": 0.18162018200116387,
    "WER": 0.89375,
    "CER": 0.7012393998695369,
    "Cosine Dist.": 0.38733343338370596
  },
  "occ_eval_res": {
    "precision": 34.3284,
    "recall": 14.375,
    "f-score": 20.2643
  },
  "clean_eval": {
    "f-score": 6.226415094339623,
    "precision": 4.526748971193416,
    "recall": 9.969788519637463,
    "tp": 33,
    "fp": 696,
    "fn": 298
  },
  "jaccard": [
    0.44
  ],
  "braycurtis": [
    0.40954519932622124
  ],
  "dice": [
    0.28205128205128205
  ],
  "cosinus": [
    0.013407762194324047
  ]
}