{
  "voc_eval_res": {
    "precision": 1.9231,
    "recall": 0.4386,
    "f-score": 0.7143
  },
  "KL_res": {
    "KL divergence": 5.8987354521743764,
    "Euclidean Dist.": 0.27475842406940154,
    "WER": 0.979253112033195,
    "CER": 0.7943298969072164,
    "Cosine Dist.": 0.643208130917998
  },
  "occ_eval_res": {
    "precision": 5.4348,
    "recall": 2.0747,
    "f-score": 3.003
  },
  "clean_eval": {
    "f-score": 3.1347962382445136,
    "precision": 2.100840336134454,
    "recall": 6.172839506172839,
    "tp": 5,
    "fp": 233,
    "fn": 76
  },
  "jaccard": [
    0.7874015748031497
  ],
  "braycurtis": [
    0.6806883365200764
  ],
  "dice": [
    0.6493506493506493
  ],
  "cosinus": [
    0.3733627703250977
  ]
}