{
  "voc_eval_res": {
    "precision": 8.0292,
    "recall": 0.4322,
    "f-score": 0.8203
  },
  "KL_res": {
    "KL divergence": 5.5831014490668105,
    "Euclidean Dist.": 0.4654729057112917,
    "WER": 0.9915456717515163,
    "CER": 0.891708773541571,
    "Cosine Dist.": 0.9589874793738258
  },
  "occ_eval_res": {
    "precision": 11.4094,
    "recall": 0.9373,
    "f-score": 1.7323
  },
  "clean_eval": {
    "f-score": 0.21707670043415336,
    "precision": 0.11801730920535011,
    "recall": 1.3513513513513513,
    "tp": 6,
    "fp": 5078,
    "fn": 438
  },
  "jaccard": [
    0.8662882371491643
  ],
  "braycurtis": [
    0.8161912993373668
  ],
  "dice": [
    0.7641168289290682
  ],
  "cosinus": [
    0.6057246737460658
  ]
}