{
  "voc_eval_res": {
    "precision": 6.3354,
    "recall": 12.1029,
    "f-score": 8.3171
  },
  "KL_res": {
    "KL divergence": 1.0808227023001609,
    "Euclidean Dist.": 0.06169396093494409,
    "WER": 0.9478035793521669,
    "CER": 0.7491784138464653,
    "Cosine Dist.": 0.1570852513270351
  },
  "occ_eval_res": {
    "precision": 30.9704,
    "recall": 14.9726,
    "f-score": 20.1862
  },
  "clean_eval": {
    "f-score": 4.084247617522223,
    "precision": 2.9958586659617588,
    "recall": 6.4146908999434,
    "tp": 2040,
    "fp": 66054,
    "fn": 29762
  },
  "jaccard": [
    0.7541136293076685
  ],
  "braycurtis": [
    0.5028310022872998
  ],
  "dice": [
    0.6052828307999003
  ],
  "cosinus": [
    0.09104106300630588
  ]
}