{
  "voc_eval_res": {
    "precision": 31.5615,
    "recall": 13.2497,
    "f-score": 18.664
  },
  "KL_res": {
    "KL divergence": 2.701439847538946,
    "Euclidean Dist.": 0.17495734246143277,
    "WER": 0.8703140830800405,
    "CER": 0.7049180327868853,
    "Cosine Dist.": 0.08113157431040008
  },
  "occ_eval_res": {
    "precision": 37.4631,
    "recall": 25.7345,
    "f-score": 30.5105
  },
  "clean_eval": {
    "f-score": 10.766307789740342,
    "precision": 9.299781181619256,
    "recall": 12.781954887218044,
    "tp": 85,
    "fp": 829,
    "fn": 580
  },
  "jaccard": [
    0.8876772082878953
  ],
  "braycurtis": [
    0.6823104693140795
  ],
  "dice": [
    0.7980392156862746
  ],
  "cosinus": [
    0.10783381952462012
  ]
}