{
  "voc_eval_res": {
    "precision": 34.0686,
    "recall": 11.0143,
    "f-score": 16.6467
  },
  "KL_res": {
    "KL divergence": 3.019063131396911,
    "Euclidean Dist.": 0.13761993696642308,
    "WER": 0.8972792892837312,
    "CER": 0.7129768580680831,
    "Cosine Dist.": 0.31523995141788197
  },
  "occ_eval_res": {
    "precision": 38.6935,
    "recall": 17.1016,
    "f-score": 23.7197
  },
  "clean_eval": {
    "f-score": 10.110974106041924,
    "precision": 7.445520581113802,
    "recall": 15.749039692701663,
    "tp": 123,
    "fp": 1529,
    "fn": 658
  },
  "jaccard": [
    0.8980263157894737
  ],
  "braycurtis": [
    0.7382113821138211
  ],
  "dice": [
    0.8149253731343283
  ],
  "cosinus": [
    0.20185123678329397
  ]
}