{
  "voc_eval_res": {
    "precision": 71.8045,
    "recall": 45.6938,
    "f-score": 55.848
  },
  "KL_res": {
    "KL divergence": 1.0730665980146459,
    "Euclidean Dist.": 0.07796182020330164,
    "WER": 0.4827586206896552,
    "CER": 0.3561554724345422,
    "Cosine Dist.": 0.02461516799756225
  },
  "occ_eval_res": {
    "precision": 79.5853,
    "recall": 61.4532,
    "f-score": 69.3537
  },
  "clean_eval": {
    "f-score": 50.890947968638635,
    "precision": 45.13274336283185,
    "recall": 58.333333333333336,
    "tp": 357,
    "fp": 434,
    "fn": 255
  },
  "jaccard": [
    0.3887240356083086
  ],
  "braycurtis": [
    0.13924596669830042
  ],
  "dice": [
    0.24125230202578268
  ],
  "cosinus": [
    0.01334704679613341
  ]
}