{
  "voc_eval_res": {
    "precision": 6.3041,
    "recall": 19.075,
    "f-score": 9.4763
  },
  "KL_res": {
    "KL divergence": 1.11263071641467,
    "Euclidean Dist.": 0.0706949860873776,
    "WER": 0.8404772624943719,
    "CER": 0.3922350330536325,
    "Cosine Dist.": 0.21305355211057386
  },
  "occ_eval_res": {
    "precision": 28.9458,
    "recall": 30.2634,
    "f-score": 29.5899
  },
  "clean_eval": {
    "f-score": 11.607642855542862,
    "precision": 11.711263785933827,
    "recall": 11.50583951329988,
    "tp": 5182,
    "fp": 39066,
    "fn": 39856
  },
  "jaccard": [
    0.9373699240114225
  ],
  "braycurtis": [
    0.6614982474900493
  ],
  "dice": [
    0.882122523343202
  ],
  "cosinus": [
    0.19971064692809604
  ]
}