{
  "voc_eval_res": {
    "precision": 11.8036,
    "recall": 43.4028,
    "f-score": 18.5598
  },
  "KL_res": {
    "KL divergence": 2.1756976693569037,
    "Euclidean Dist.": 0.26895689159011327,
    "WER": 5.608843537414966,
    "CER": 5.97220867869332,
    "Cosine Dist.": 0.6580677155143944
  },
  "occ_eval_res": {
    "precision": 10.1761,
    "recall": 57.9932,
    "f-score": 17.314
  },
  "clean_eval": {
    "f-score": 10.553814002089863,
    "precision": 35.130434782608695,
    "recall": 6.209652628343068,
    "tp": 202,
    "fp": 373,
    "fn": 3051
  },
  "jaccard": [
    0.8871369294605809
  ],
  "braycurtis": [
    0.8180904522613065
  ],
  "dice": [
    0.7971662938105891
  ],
  "cosinus": [
    0.7111578362293929
  ]
}