{
  "voc_eval_res": {
    "precision": 5.1724,
    "recall": 22.3684,
    "f-score": 8.402
  },
  "KL_res": {
    "KL divergence": 2.8235245529453348,
    "Euclidean Dist.": 0.17547239415311405,
    "WER": 8.380664652567976,
    "CER": 7.877266387726639,
    "Cosine Dist.": 0.3680172855115178
  },
  "occ_eval_res": {
    "precision": 4.7938,
    "recall": 41.0876,
    "f-score": 8.5859
  },
  "clean_eval": {
    "f-score": 1.5156507413509062,
    "precision": 7.142857142857142,
    "recall": 0.8477699963140436,
    "tp": 23,
    "fp": 299,
    "fn": 2690
  },
  "jaccard": [
    0.7065527065527065
  ],
  "braycurtis": [
    0.808205458382516
  ],
  "dice": [
    0.5462555066079295
  ],
  "cosinus": [
    0.129410171006498
  ]
}