{
  "voc_eval_res": {
    "precision": 7.0039,
    "recall": 1.5437,
    "f-score": 2.5299
  },
  "KL_res": {
    "KL divergence": 4.676838521372586,
    "Euclidean Dist.": 0.2718217247493527,
    "WER": 0.9907120743034056,
    "CER": 0.8071846029826683,
    "Cosine Dist.": 0.9505705455104609
  },
  "occ_eval_res": {
    "precision": 4.159,
    "recall": 2.0124,
    "f-score": 2.7124
  },
  "clean_eval": {
    "f-score": 0.34322979234597567,
    "precision": 0.25316455696202533,
    "recall": 0.5327650506126799,
    "tp": 10,
    "fp": 3940,
    "fn": 1867
  },
  "jaccard": [
    0.8047124600638977
  ],
  "braycurtis": [
    0.6368696880006517
  ],
  "dice": [
    0.6732375542933512
  ],
  "cosinus": [
    0.4600879133320467
  ]
}