{
  "voc_eval_res": {
    "precision": 7.7432,
    "recall": 5.7343,
    "f-score": 6.589
  },
  "KL_res": {
    "KL divergence": 4.077397254875528,
    "Euclidean Dist.": 0.26119253661713104,
    "WER": 0.9948030634573304,
    "CER": 1.2538675368624608,
    "Cosine Dist.": 0.949640781612825
  },
  "occ_eval_res": {
    "precision": 6.3265,
    "recall": 5.7987,
    "f-score": 6.0511
  },
  "clean_eval": {
    "f-score": 0.39791857973676154,
    "precision": 0.3962206644315757,
    "recall": 0.3996311097448509,
    "tp": 13,
    "fp": 3268,
    "fn": 3240
  },
  "jaccard": [
    0.6704895583704211
  ],
  "braycurtis": [
    0.5392668978250101
  ],
  "dice": [
    0.5043131196086005
  ],
  "cosinus": [
    0.37297012895107606
  ]
}