{
  "voc_eval_res": {
    "precision": 35.8209,
    "recall": 3.8898,
    "f-score": 7.0175
  },
  "KL_res": {
    "KL divergence": 3.4682698359416393,
    "Euclidean Dist.": 0.27338332523509346,
    "WER": 0.9218313791178113,
    "CER": 0.7410328353681657,
    "Cosine Dist.": 0.2965591015219907
  },
  "occ_eval_res": {
    "precision": 34.24,
    "recall": 11.9486,
    "f-score": 17.7152
  },
  "clean_eval": {
    "f-score": 2.2686025408348454,
    "precision": 1.4654161781946073,
    "recall": 5.020080321285141,
    "tp": 25,
    "fp": 1681,
    "fn": 473
  },
  "jaccard": [
    0.9623824451410659
  ],
  "braycurtis": [
    0.8609865470852018
  ],
  "dice": [
    0.9274924471299094
  ],
  "cosinus": [
    0.4693051089530891
  ]
}