{
  "voc_eval_res": {
    "precision": 31.4286,
    "recall": 3.248,
    "f-score": 5.8876
  },
  "KL_res": {
    "KL divergence": 4.7376946972705465,
    "Euclidean Dist.": 0.23651865245807105,
    "WER": 0.9557907845579079,
    "CER": 0.8443790353209267,
    "Cosine Dist.": 0.7702950004743994
  },
  "occ_eval_res": {
    "precision": 32.971,
    "recall": 5.6663,
    "f-score": 9.6706
  },
  "clean_eval": {
    "f-score": 1.2971698113207548,
    "precision": 0.7708479327259986,
    "recall": 4.089219330855019,
    "tp": 11,
    "fp": 1416,
    "fn": 258
  },
  "jaccard": [
    0.965452847805789
  ],
  "braycurtis": [
    0.8873900293255131
  ],
  "dice": [
    0.9332129963898917
  ],
  "cosinus": [
    0.8036531699167095
  ]
}