{
  "voc_eval_res": {
    "precision": 43.3099,
    "recall": 44.2446,
    "f-score": 43.7722
  },
  "KL_res": {
    "KL divergence": 1.2616719711642177,
    "Euclidean Dist.": 0.06656292786648957,
    "WER": 0.8233995584988962,
    "CER": 0.6419437340153452,
    "Cosine Dist.": 0.10237149812551749
  },
  "occ_eval_res": {
    "precision": 52.9058,
    "recall": 58.2781,
    "f-score": 55.4622
  },
  "clean_eval": {
    "f-score": 27.75229357798165,
    "precision": 28.809523809523807,
    "recall": 26.769911504424783,
    "tp": 121,
    "fp": 299,
    "fn": 331
  },
  "jaccard": [
    0.24444444444444444
  ],
  "braycurtis": [
    0.0677173767864298
  ],
  "dice": [
    0.13924050632911392
  ],
  "cosinus": [
    0.0020033055638096764
  ]
}