{
  "voc_eval_res": {
    "precision": 70.1068,
    "recall": 23.3689,
    "f-score": 35.0534
  },
  "KL_res": {
    "KL divergence": 2.561800620434167,
    "Euclidean Dist.": 0.14765915268810312,
    "WER": 0.7506578947368421,
    "CER": 0.5812445030782761,
    "Cosine Dist.": 0.293333035207061
  },
  "occ_eval_res": {
    "precision": 73.494,
    "recall": 28.0921,
    "f-score": 40.6473
  },
  "clean_eval": {
    "f-score": 26.380952380952376,
    "precision": 18.080939947780678,
    "recall": 48.767605633802816,
    "tp": 277,
    "fp": 1255,
    "fn": 291
  },
  "jaccard": [
    0.48717948717948717
  ],
  "braycurtis": [
    0.31638777095248183
  ],
  "dice": [
    0.3220338983050847
  ],
  "cosinus": [
    0.03057385392426315
  ]
}