{
  "voc_eval_res": {
    "precision": 72.8522,
    "recall": 24.3959,
    "f-score": 36.5517
  },
  "KL_res": {
    "KL divergence": 2.246353827997985,
    "Euclidean Dist.": 0.1410652703025863,
    "WER": 0.7288573273079406,
    "CER": 0.5510139080581803,
    "Cosine Dist.": 0.19257118718937927
  },
  "occ_eval_res": {
    "precision": 75.2924,
    "recall": 33.2473,
    "f-score": 46.1263
  },
  "clean_eval": {
    "f-score": 27.24402345511953,
    "precision": 19.433719433719435,
    "recall": 45.55052790346908,
    "tp": 302,
    "fp": 1252,
    "fn": 361
  },
  "jaccard": [
    0.4533333333333333
  ],
  "braycurtis": [
    0.27190213101815314
  ],
  "dice": [
    0.29310344827586204
  ],
  "cosinus": [
    0.024316412453930236
  ]
}