{
  "voc_eval_res": {
    "precision": 40.0,
    "recall": 13.7931,
    "f-score": 20.5128
  },
  "KL_res": {
    "KL divergence": 6.195992809394403,
    "Euclidean Dist.": 0.3559026084010437,
    "WER": 0.8666666666666667,
    "CER": 0.7227722772277227,
    "Cosine Dist.": 0.6436516774501009
  },
  "occ_eval_res": {
    "precision": 40.0,
    "recall": 13.3333,
    "f-score": 20.0
  },
  "clean_eval": {
    "f-score": 21.052631578947366,
    "precision": 13.793103448275861,
    "recall": 44.44444444444444,
    "tp": 4,
    "fp": 25,
    "fn": 5
  },
  "jaccard": [
    0.7560321715817694
  ],
  "braycurtis": [
    0.6215277777777778
  ],
  "dice": [
    0.6077586206896551
  ],
  "cosinus": [
    0.505467339209303
  ]
}