{
  "voc_eval_res": {
    "precision": 40.0,
    "recall": 15.3846,
    "f-score": 22.2222
  },
  "KL_res": {
    "KL divergence": 5.991434254431139,
    "Euclidean Dist.": 0.3504857153813698,
    "WER": 0.8461538461538461,
    "CER": 0.6417112299465241,
    "Cosine Dist.": 0.6096399708205869
  },
  "occ_eval_res": {
    "precision": 40.0,
    "recall": 15.3846,
    "f-score": 22.2222
  },
  "clean_eval": {
    "f-score": 22.857142857142858,
    "precision": 15.384615384615385,
    "recall": 44.44444444444444,
    "tp": 4,
    "fp": 22,
    "fn": 5
  },
  "jaccard": [
    0.6635220125786163
  ],
  "braycurtis": [
    0.5457875457875457
  ],
  "dice": [
    0.4964705882352941
  ],
  "cosinus": [
    0.4071283540624787
  ]
}