{
  "voc_eval_res": {
    "precision": 40.0,
    "recall": 9.3023,
    "f-score": 15.0943
  },
  "KL_res": {
    "KL divergence": 6.509802886855154,
    "Euclidean Dist.": 0.36141013260645766,
    "WER": 0.9111111111111111,
    "CER": 0.7972222222222223,
    "Cosine Dist.": 0.7063107607142591
  },
  "occ_eval_res": {
    "precision": 40.0,
    "recall": 8.8889,
    "f-score": 14.5455
  },
  "clean_eval": {
    "f-score": 15.09433962264151,
    "precision": 9.090909090909092,
    "recall": 44.44444444444444,
    "tp": 4,
    "fp": 40,
    "fn": 5
  },
  "jaccard": [
    0.7649402390438247
  ],
  "braycurtis": [
    0.688195991091314
  ],
  "dice": [
    0.6193548387096774
  ],
  "cosinus": [
    0.4934537499435485
  ]
}