{
  "voc_eval_res": {
    "precision": 53.5714,
    "recall": 15.411,
    "f-score": 23.9362
  },
  "KL_res": {
    "KL divergence": 2.530580591519429,
    "Euclidean Dist.": 0.2809061735899208,
    "WER": 0.7781155015197568,
    "CER": 0.6994777018883086,
    "Cosine Dist.": 0.09399043135169738
  },
  "occ_eval_res": {
    "precision": 76.0943,
    "recall": 34.3465,
    "f-score": 47.3298
  },
  "clean_eval": {
    "f-score": 12.527472527472527,
    "precision": 9.134615384615383,
    "recall": 19.93006993006993,
    "tp": 57,
    "fp": 567,
    "fn": 229
  },
  "jaccard": [
    0.8580441640378549
  ],
  "braycurtis": [
    0.5054945054945055
  ],
  "dice": [
    0.7513812154696132
  ],
  "cosinus": [
    0.13134103605504233
  ]
}