{
  "voc_eval_res": {
    "precision": 87.5,
    "recall": 10.8359,
    "f-score": 19.2837
  },
  "KL_res": {
    "KL divergence": 2.60411883184933,
    "Euclidean Dist.": 0.3356041896469104,
    "WER": 0.7017268445839875,
    "CER": 0.6227557862859615,
    "Cosine Dist.": 0.0824479260995774
  },
  "occ_eval_res": {
    "precision": 82.1012,
    "recall": 33.124,
    "f-score": 47.2036
  },
  "clean_eval": {
    "f-score": 6.143344709897612,
    "precision": 4.326923076923077,
    "recall": 10.588235294117647,
    "tp": 27,
    "fp": 597,
    "fn": 228
  },
  "jaccard": [
    0.8856209150326797
  ],
  "braycurtis": [
    0.5023255813953489
  ],
  "dice": [
    0.7947214076246334
  ],
  "cosinus": [
    0.12101543676499837
  ]
}