{
  "voc_eval_res": {
    "precision": 2.6334,
    "recall": 15.1655,
    "f-score": 4.4875
  },
  "KL_res": {
    "KL divergence": 1.22919867928121,
    "Euclidean Dist.": 0.07822509035022593,
    "WER": 2.3147372862103657,
    "CER": 1.869210435582117,
    "Cosine Dist.": 0.26581772772710077
  },
  "occ_eval_res": {
    "precision": 13.9955,
    "recall": 34.122,
    "f-score": 19.8495
  },
  "clean_eval": {
    "f-score": 1.6079543247757018,
    "precision": 2.7614727854855925,
    "recall": 1.134184428250507,
    "tp": 828,
    "fp": 29156,
    "fn": 72176
  },
  "jaccard": [
    0.7927909920714238
  ],
  "braycurtis": [
    0.5479020665098023
  ],
  "dice": [
    0.6567139466857994
  ],
  "cosinus": [
    0.11881107591966922
  ]
}