{
  "voc_eval_res": {
    "precision": 44.3182,
    "recall": 5.1758,
    "f-score": 9.2692
  },
  "KL_res": {
    "KL divergence": 3.8404385263992693,
    "Euclidean Dist.": 0.2468649882757843,
    "WER": 0.9461743772241993,
    "CER": 0.8001928950329529,
    "Cosine Dist.": 0.8014866638079301
  },
  "occ_eval_res": {
    "precision": 36.7273,
    "recall": 8.9858,
    "f-score": 14.4389
  },
  "clean_eval": {
    "f-score": 6.108202443280978,
    "precision": 3.9954337899543377,
    "recall": 12.962962962962962,
    "tp": 70,
    "fp": 1682,
    "fn": 470
  },
  "jaccard": [
    0.8390501319261213
  ],
  "braycurtis": [
    0.5956368193210299
  ],
  "dice": [
    0.7227272727272728
  ],
  "cosinus": [
    0.2431253954185646
  ]
}