{
  "voc_eval_res": {
    "precision": 50.5556,
    "recall": 3.9773,
    "f-score": 7.3744
  },
  "KL_res": {
    "KL divergence": 4.264248964479394,
    "Euclidean Dist.": 0.2534776815394999,
    "WER": 0.9529411764705882,
    "CER": 0.8308792197339141,
    "Cosine Dist.": 0.8533744096862896
  },
  "occ_eval_res": {
    "precision": 43.5897,
    "recall": 6.8,
    "f-score": 11.7647
  },
  "clean_eval": {
    "f-score": 4.3020808978255785,
    "precision": 2.5006795324816524,
    "recall": 15.384615384615385,
    "tp": 92,
    "fp": 3587,
    "fn": 506
  },
  "jaccard": [
    0.8495449374288965
  ],
  "braycurtis": [
    0.6691263719964402
  ],
  "dice": [
    0.738442521631644
  ],
  "cosinus": [
    0.31230631592577074
  ]
}