{
  "voc_eval_res": {
    "precision": 2.4012,
    "recall": 33.9585,
    "f-score": 4.4853
  },
  "KL_res": {
    "KL divergence": 0.5513335299673853,
    "Euclidean Dist.": 0.05727486435367257,
    "WER": 4.681928150819373,
    "CER": 4.203015177245099,
    "Cosine Dist.": 0.11834048869136082
  },
  "occ_eval_res": {
    "precision": 13.5156,
    "recall": 65.9533,
    "f-score": 22.4338
  },
  "clean_eval": {
    "f-score": 4.12163674152112,
    "precision": 11.838527698141126,
    "recall": 2.4951708571216944,
    "tp": 12801,
    "fp": 95329,
    "fn": 500230
  },
  "jaccard": [
    0.8180082403778515
  ],
  "braycurtis": [
    0.6919837348817811
  ],
  "dice": [
    0.6920591736099303
  ],
  "cosinus": [
    0.10242229647756651
  ]
}