{
  "voc_eval_res": {
    "precision": 74.0741,
    "recall": 32.0,
    "f-score": 44.6927
  },
  "KL_res": {
    "KL divergence": 1.617063931130554,
    "Euclidean Dist.": 0.09940493870870616,
    "WER": 0.6009389671361502,
    "CER": 0.44979674796747965,
    "Cosine Dist.": 0.07878567957700644
  },
  "occ_eval_res": {
    "precision": 76.3415,
    "recall": 48.9828,
    "f-score": 59.6759
  },
  "clean_eval": {
    "f-score": 30.47808764940239,
    "precision": 25.040916530278235,
    "recall": 38.93129770992366,
    "tp": 153,
    "fp": 458,
    "fn": 240
  },
  "jaccard": [
    0.528051391862955
  ],
  "braycurtis": [
    0.21968649147072383
  ],
  "dice": [
    0.358743089903986
  ],
  "cosinus": [
    0.041183426589540106
  ]
}