{
  "voc_eval_res": {
    "precision": 75.1196,
    "recall": 35.8447,
    "f-score": 48.5317
  },
  "KL_res": {
    "KL divergence": 2.268293823516107,
    "Euclidean Dist.": 0.3425579083831362,
    "WER": 0.7068965517241379,
    "CER": 0.5042591816785366,
    "Cosine Dist.": 0.6800534744326302
  },
  "occ_eval_res": {
    "precision": 78.119,
    "recall": 33.4154,
    "f-score": 46.8085
  },
  "clean_eval": {
    "f-score": 29.694835680751176,
    "precision": 21.153846153846153,
    "recall": 49.803149606299215,
    "tp": 253,
    "fp": 943,
    "fn": 255
  },
  "jaccard": [
    0.4930286599535244
  ],
  "braycurtis": [
    0.3127251883393384
  ],
  "dice": [
    0.3271652531482909
  ],
  "cosinus": [
    0.33614515632381237
  ]
}