{
  "voc_eval_res": {
    "precision": 74.4444,
    "recall": 27.9167,
    "f-score": 40.6061
  },
  "KL_res": {
    "KL divergence": 2.1271021408771746,
    "Euclidean Dist.": 0.16776445776912763,
    "WER": 0.6119096509240246,
    "CER": 0.5261660978384528,
    "Cosine Dist.": 0.19222353827403316
  },
  "occ_eval_res": {
    "precision": 83.2685,
    "recall": 43.9425,
    "f-score": 57.5269
  },
  "clean_eval": {
    "f-score": 31.839258114374037,
    "precision": 23.953488372093023,
    "recall": 47.465437788018434,
    "tp": 103,
    "fp": 327,
    "fn": 114
  },
  "jaccard": [
    0.7068273092369478
  ],
  "braycurtis": [
    0.40771349862258954
  ],
  "dice": [
    0.546583850931677
  ],
  "cosinus": [
    0.28889333867442646
  ]
}