{
  "voc_eval_res": {
    "precision": 24.8239,
    "recall": 45.0479,
    "f-score": 32.0091
  },
  "KL_res": {
    "KL divergence": 1.3366188489407724,
    "Euclidean Dist.": 0.15231526034072596,
    "WER": 2.2018518518518517,
    "CER": 2.0582950271625573,
    "Cosine Dist.": 0.15663107990315128
  },
  "occ_eval_res": {
    "precision": 26.0294,
    "recall": 65.5556,
    "f-score": 37.2632
  },
  "clean_eval": {
    "f-score": 16.39528354856822,
    "precision": 28.627450980392155,
    "recall": 11.48701809598741,
    "tp": 146,
    "fp": 364,
    "fn": 1125
  },
  "jaccard": [
    0.16279069767441862
  ],
  "braycurtis": [
    0.4555599840573934
  ],
  "dice": [
    0.08860759493670886
  ],
  "cosinus": [
    0.008219740166524492
  ]
}