{
  "voc_eval_res": {
    "precision": 48.5342,
    "recall": 34.9765,
    "f-score": 40.6548
  },
  "KL_res": {
    "KL divergence": 1.4185570839182933,
    "Euclidean Dist.": 0.20238488370823346,
    "WER": 1.681437125748503,
    "CER": 1.4807133969307342,
    "Cosine Dist.": 0.4106545275886566
  },
  "occ_eval_res": {
    "precision": 31.0087,
    "recall": 59.6407,
    "f-score": 40.8029
  },
  "clean_eval": {
    "f-score": 30.264357338195076,
    "precision": 43.455497382198956,
    "recall": 23.216783216783217,
    "tp": 332,
    "fp": 432,
    "fn": 1098
  },
  "jaccard": [
    0.32142857142857145
  ],
  "braycurtis": [
    0.35224820143884894
  ],
  "dice": [
    0.19148936170212766
  ],
  "cosinus": [
    0.008812707417444443
  ]
}