{
  "voc_eval_res": {
    "precision": 6.7873,
    "recall": 4.8387,
    "f-score": 5.6497
  },
  "KL_res": {
    "KL divergence": 4.65773584676035,
    "Euclidean Dist.": 0.11701996891390976,
    "WER": 0.9879154078549849,
    "CER": 0.8445778876722007,
    "Cosine Dist.": 0.44454531621814486
  },
  "occ_eval_res": {
    "precision": 10.0917,
    "recall": 9.9698,
    "f-score": 10.0304
  },
  "clean_eval": {
    "f-score": 2.861685214626391,
    "precision": 2.803738317757009,
    "recall": 2.922077922077922,
    "tp": 9,
    "fp": 312,
    "fn": 299
  },
  "jaccard": [
    0.9743589743589743
  ],
  "braycurtis": [
    0.9075500770416025
  ],
  "dice": [
    0.95
  ],
  "cosinus": [
    0.5731663518800758
  ]
}