{
  "voc_eval_res": {
    "precision": 16.875,
    "recall": 1.3235,
    "f-score": 2.4545
  },
  "KL_res": {
    "KL divergence": 3.0545283701891237,
    "Euclidean Dist.": 0.24780977630637613,
    "WER": 0.9435765484285977,
    "CER": 0.817132730232654,
    "Cosine Dist.": 0.28987063662443446
  },
  "occ_eval_res": {
    "precision": 25.182,
    "recall": 7.6273,
    "f-score": 11.7083
  },
  "clean_eval": {
    "f-score": 0.39926289926289926,
    "precision": 0.26536027760767505,
    "recall": 0.805951642901426,
    "tp": 13,
    "fp": 4886,
    "fn": 1600
  },
  "jaccard": [
    0.55
  ],
  "braycurtis": [
    0.5877614152676184
  ],
  "dice": [
    0.3793103448275862
  ],
  "cosinus": [
    0.03172745387511389
  ]
}