{
  "voc_eval_res": {
    "precision": 15.2,
    "recall": 0.9025,
    "f-score": 1.7038
  },
  "KL_res": {
    "KL divergence": 3.0334704527151843,
    "Euclidean Dist.": 0.31500112721809603,
    "WER": 0.9556735667064051,
    "CER": 0.8033885297677027,
    "Cosine Dist.": 0.3853560121724253
  },
  "occ_eval_res": {
    "precision": 22.7092,
    "recall": 5.5598,
    "f-score": 8.9326
  },
  "clean_eval": {
    "f-score": 0.30015945971297253,
    "precision": 0.18925952211970665,
    "recall": 0.724966017217943,
    "tp": 16,
    "fp": 8438,
    "fn": 2191
  },
  "jaccard": [
    0.5245901639344263
  ],
  "braycurtis": [
    0.576894724717807
  ],
  "dice": [
    0.35555555555555557
  ],
  "cosinus": [
    0.0316621027758166
  ]
}