{
  "voc_eval_res": {
    "precision": 29.108,
    "recall": 3.9117,
    "f-score": 6.8966
  },
  "KL_res": {
    "KL divergence": 4.306446818214053,
    "Euclidean Dist.": 0.3202950692160913,
    "WER": 0.9508704061895551,
    "CER": 0.7682184474462288,
    "Cosine Dist.": 0.8913874205278731
  },
  "occ_eval_res": {
    "precision": 19.085,
    "recall": 5.648,
    "f-score": 8.7164
  },
  "clean_eval": {
    "f-score": 3.8554216867469884,
    "precision": 2.581834946980175,
    "recall": 7.608695652173914,
    "tp": 56,
    "fp": 2113,
    "fn": 680
  },
  "jaccard": [
    0.46296296296296297
  ],
  "braycurtis": [
    0.5242979869214002
  ],
  "dice": [
    0.30120481927710846
  ],
  "cosinus": [
    0.06970492302963094
  ]
}