{
  "voc_eval_res": {
    "precision": 20.1342,
    "recall": 0.9674,
    "f-score": 1.8462
  },
  "KL_res": {
    "KL divergence": 3.52077871608274,
    "Euclidean Dist.": 0.2805767820584189,
    "WER": 0.9737302977232924,
    "CER": 0.8613227304458676,
    "Cosine Dist.": 0.46058535174634996
  },
  "occ_eval_res": {
    "precision": 17.8443,
    "recall": 3.7278,
    "f-score": 6.1672
  },
  "clean_eval": {
    "f-score": 0.08896797153024912,
    "precision": 0.052576235541535225,
    "recall": 0.2890173410404624,
    "tp": 2,
    "fp": 3802,
    "fn": 690
  },
  "jaccard": [
    0.8449789996181749
  ],
  "braycurtis": [
    0.7536684437674537
  ],
  "dice": [
    0.7315702479338843
  ],
  "cosinus": [
    0.3392293862778577
  ]
}