{
  "voc_eval_res": {
    "precision": 18.3673,
    "recall": 17.4419,
    "f-score": 17.8926
  },
  "KL_res": {
    "KL divergence": 2.20842973281853,
    "Euclidean Dist.": 0.10735180023403164,
    "WER": 1.554885404101327,
    "CER": 1.2868074252515234,
    "Cosine Dist.": 0.16315588252628999
  },
  "occ_eval_res": {
    "precision": 22.9196,
    "recall": 39.2039,
    "f-score": 28.9275
  },
  "clean_eval": {
    "f-score": 7.659971975712285,
    "precision": 10.237203495630462,
    "recall": 6.119402985074627,
    "tp": 82,
    "fp": 719,
    "fn": 1258
  },
  "jaccard": [
    0.5651420651420651
  ],
  "braycurtis": [
    0.39479129864230555
  ],
  "dice": [
    0.3938662158898817
  ],
  "cosinus": [
    0.06287317380246105
  ]
}