{
  "voc_eval_res": {
    "precision": 22.8261,
    "recall": 5.8065,
    "f-score": 9.2579
  },
  "KL_res": {
    "KL divergence": 3.126991350610866,
    "Euclidean Dist.": 0.17313940795520086,
    "WER": 0.9280352057986021,
    "CER": 0.7223439429550252,
    "Cosine Dist.": 0.33960803810929296
  },
  "occ_eval_res": {
    "precision": 24.3657,
    "recall": 13.1763,
    "f-score": 17.1035
  },
  "clean_eval": {
    "f-score": 3.824020790792649,
    "precision": 3.064564117822077,
    "recall": 5.08390918065153,
    "tp": 103,
    "fp": 3258,
    "fn": 1923
  },
  "jaccard": [
    0.6574519230769231
  ],
  "braycurtis": [
    0.4146183099897969
  ],
  "dice": [
    0.4897045658012534
  ],
  "cosinus": [
    0.16772979838027313
  ]
}