{
  "voc_eval_res": {
    "precision": 12.1076,
    "recall": 1.1837,
    "f-score": 2.1565
  },
  "KL_res": {
    "KL divergence": 3.5944026509012814,
    "Euclidean Dist.": 0.22315823200558332,
    "WER": 0.9816105590983242,
    "CER": 0.8026875971025604,
    "Cosine Dist.": 0.8293429942781656
  },
  "occ_eval_res": {
    "precision": 8.631,
    "recall": 2.1504,
    "f-score": 3.443
  },
  "clean_eval": {
    "f-score": 0.8479860331712182,
    "precision": 0.533082470994042,
    "recall": 2.071907373552712,
    "tp": 34,
    "fp": 6344,
    "fn": 1607
  },
  "jaccard": [
    0.7553473848555816
  ],
  "braycurtis": [
    0.670049599389546
  ],
  "dice": [
    0.6068740592072253
  ],
  "cosinus": [
    0.316847713927663
  ]
}