{
  "voc_eval_res": {
    "precision": 0,
    "recall": 0,
    "f-score": 0
  },
  "KL_res": {
    "KL divergence": 9.697187865447468,
    "Euclidean Dist.": 0.6493537138809213,
    "WER": 1.1428571428571428,
    "CER": 0.8752997601918465,
    "Cosine Dist.": 1.0
  },
  "occ_eval_res": {
    "precision": 0,
    "recall": 0,
    "f-score": 0
  },
  "clean_eval": {
    "f-score": 0.0,
    "precision": 0.0,
    "recall": 0.0,
    "tp": 0,
    "fp": 49,
    "fn": 53
  },
  "jaccard": [
    0.808300395256917
  ],
  "braycurtis": [
    0.834619625137817
  ],
  "dice": [
    0.6782752902155887
  ],
  "cosinus": [
    0.8480994660307806
  ]
}