{
  "voc_eval_res": {
    "precision": 2.8571,
    "recall": 6.25,
    "f-score": 3.9216
  },
  "KL_res": {
    "KL divergence": 9.934359076771802,
    "Euclidean Dist.": 0.7696687183832128,
    "WER": 1.0,
    "CER": 0.7907869481765835,
    "Cosine Dist.": 0.9958242160387837
  },
  "occ_eval_res": {
    "precision": 1.7857,
    "recall": 1.7241,
    "f-score": 1.7544
  },
  "clean_eval": {
    "f-score": 1.8018018018018014,
    "precision": 1.7241379310344827,
    "recall": 1.8867924528301887,
    "tp": 1,
    "fp": 57,
    "fn": 52
  },
  "jaccard": [
    0.8081632653061225
  ],
  "braycurtis": [
    0.8557312252964426
  ],
  "dice": [
    0.678082191780822
  ],
  "cosinus": [
    0.8596214997336724
  ]
}