{
  "voc_eval_res": {
    "precision": 69.4737,
    "recall": 50.0,
    "f-score": 58.1498
  },
  "KL_res": {
    "KL divergence": 3.984002961709319,
    "Euclidean Dist.": 0.42917522606480973,
    "WER": 0.6692708333333334,
    "CER": 0.697294880393472,
    "Cosine Dist.": 0.7635135330730506
  },
  "occ_eval_res": {
    "precision": 75.8427,
    "recall": 35.1562,
    "f-score": 48.0427
  },
  "clean_eval": {
    "f-score": 41.681901279707496,
    "precision": 30.07915567282322,
    "recall": 67.85714285714286,
    "tp": 114,
    "fp": 265,
    "fn": 54
  },
  "jaccard": [
    0.36
  ],
  "braycurtis": [
    0.4968984655566438
  ],
  "dice": [
    0.21951219512195122
  ],
  "cosinus": [
    0.10358414497971558
  ]
}