{
  "voc_eval_res": {
    "precision": 32.7044,
    "recall": 4.3624,
    "f-score": 7.698
  },
  "KL_res": {
    "KL divergence": 3.9831507861486095,
    "Euclidean Dist.": 0.17958237335812557,
    "WER": 0.9454094292803971,
    "CER": 0.7810718358038768,
    "Cosine Dist.": 0.5611102926169487
  },
  "occ_eval_res": {
    "precision": 27.2527,
    "recall": 7.6923,
    "f-score": 11.9981
  },
  "clean_eval": {
    "f-score": 2.742616033755274,
    "precision": 1.7402945113788488,
    "recall": 6.467661691542288,
    "tp": 26,
    "fp": 1468,
    "fn": 376
  },
  "jaccard": [
    0.4444444444444444
  ],
  "braycurtis": [
    0.5020360674810936
  ],
  "dice": [
    0.2857142857142857
  ],
  "cosinus": [
    0.030325341551697194
  ]
}