{
  "voc_eval_res": {
    "precision": 16.9231,
    "recall": 0.8713,
    "f-score": 1.6573
  },
  "KL_res": {
    "KL divergence": 3.7259966875775503,
    "Euclidean Dist.": 0.3715103258306462,
    "WER": 0.9744786803610334,
    "CER": 0.8883297773841633,
    "Cosine Dist.": 0.5173224959103322
  },
  "occ_eval_res": {
    "precision": 21.2058,
    "recall": 3.1746,
    "f-score": 5.5225
  },
  "clean_eval": {
    "f-score": 0.1708428246013667,
    "precision": 0.09791122715404699,
    "recall": 0.6696428571428571,
    "tp": 3,
    "fp": 3061,
    "fn": 445
  },
  "jaccard": [
    0.8558686397729577
  ],
  "braycurtis": [
    0.8044255856361341
  ],
  "dice": [
    0.7480510276399717
  ],
  "cosinus": [
    0.3367815518509987
  ]
}