{
  "voc_eval_res": {
    "precision": 4.0816,
    "recall": 0.338,
    "f-score": 0.6243
  },
  "KL_res": {
    "KL divergence": 4.070085545389181,
    "Euclidean Dist.": 0.18027857495220928,
    "WER": 0.9857843137254902,
    "CER": 0.8838570373316665,
    "Cosine Dist.": 0.737526435519011
  },
  "occ_eval_res": {
    "precision": 10.1493,
    "recall": 1.6667,
    "f-score": 2.8632
  },
  "clean_eval": {
    "f-score": 0.26121027427078797,
    "precision": 0.15267175572519084,
    "recall": 0.9036144578313252,
    "tp": 3,
    "fp": 1962,
    "fn": 329
  },
  "jaccard": [
    0.8220648698035633
  ],
  "braycurtis": [
    0.7940014630577907
  ],
  "dice": [
    0.6978863680434361
  ],
  "cosinus": [
    0.35293697916127
  ]
}