{
  "voc_eval_res": {
    "precision": 4.3011,
    "recall": 4.6784,
    "f-score": 4.4818
  },
  "KL_res": {
    "KL divergence": 5.347482641558421,
    "Euclidean Dist.": 0.14454152114871172,
    "WER": 1.861878453038674,
    "CER": 1.425214899713467,
    "Cosine Dist.": 0.5128168395412427
  },
  "occ_eval_res": {
    "precision": 4.3228,
    "recall": 8.2873,
    "f-score": 5.6818
  },
  "clean_eval": {
    "f-score": 0.7920792079207921,
    "precision": 1.1560693641618496,
    "recall": 0.6024096385542169,
    "tp": 2,
    "fp": 171,
    "fn": 330
  },
  "jaccard": [
    0.6839295248264816
  ],
  "braycurtis": [
    0.5526004728132388
  ],
  "dice": [
    0.5196754563894523
  ],
  "cosinus": [
    0.2429043365512722
  ]
}