{
  "voc_eval_res": {
    "precision": 37.2032,
    "recall": 5.8677,
    "f-score": 10.1366
  },
  "KL_res": {
    "KL divergence": 2.998635832965036,
    "Euclidean Dist.": 0.17962826502671025,
    "WER": 0.9165,
    "CER": 0.7700444339585545,
    "Cosine Dist.": 0.5494796287159425
  },
  "occ_eval_res": {
    "precision": 43.949,
    "recall": 10.35,
    "f-score": 16.7544
  },
  "clean_eval": {
    "f-score": 6.006674082313682,
    "precision": 3.7772803581421375,
    "recall": 14.65798045602606,
    "tp": 135,
    "fp": 3439,
    "fn": 786
  },
  "jaccard": [
    0.423728813559322
  ],
  "braycurtis": [
    0.5418586559751062
  ],
  "dice": [
    0.26881720430107525
  ],
  "cosinus": [
    0.025597327729214636
  ]
}