{
  "voc_eval_res": {
    "precision": 14.2169,
    "recall": 1.8589,
    "f-score": 3.2878
  },
  "KL_res": {
    "KL divergence": 3.7333771829996865,
    "Euclidean Dist.": 0.17761384555968812,
    "WER": 0.9790551547591343,
    "CER": 0.8059085033262919,
    "Cosine Dist.": 0.9066182385002257
  },
  "occ_eval_res": {
    "precision": 10.6383,
    "recall": 2.4436,
    "f-score": 3.9743
  },
  "clean_eval": {
    "f-score": 1.2003311258278146,
    "precision": 0.7522697795071336,
    "recall": 2.968270214943705,
    "tp": 29,
    "fp": 3826,
    "fn": 948
  },
  "jaccard": [
    0.9812841923409157
  ],
  "braycurtis": [
    0.9562756197540504
  ],
  "dice": [
    0.963256076879593
  ],
  "cosinus": [
    0.926461027105035
  ]
}