{
  "voc_eval_res": {
    "precision": 5.4545,
    "recall": 0.6923,
    "f-score": 1.2287
  },
  "KL_res": {
    "KL divergence": 4.531516253951645,
    "Euclidean Dist.": 0.34050971081726655,
    "WER": 0.991875423155044,
    "CER": 0.7739618012966533,
    "Cosine Dist.": 0.9471743093543379
  },
  "occ_eval_res": {
    "precision": 2.5276,
    "recall": 1.0833,
    "f-score": 1.5166
  },
  "clean_eval": {
    "f-score": 0.399002493765586,
    "precision": 0.2898550724637681,
    "recall": 0.64,
    "tp": 4,
    "fp": 1376,
    "fn": 621
  },
  "jaccard": [
    0.5
  ],
  "braycurtis": [
    0.39570875835385155
  ],
  "dice": [
    0.3333333333333333
  ],
  "cosinus": [
    0.03606283479390904
  ]
}