{
  "voc_eval_res": {
    "precision": 2.9412,
    "recall": 0.2235,
    "f-score": 0.4154
  },
  "KL_res": {
    "KL divergence": 4.097079818896441,
    "Euclidean Dist.": 0.1871843584221796,
    "WER": 0.9924433249370277,
    "CER": 0.9237203744274048,
    "Cosine Dist.": 0.7918355522801404
  },
  "occ_eval_res": {
    "precision": 4.9853,
    "recall": 0.8564,
    "f-score": 1.4617
  },
  "clean_eval": {
    "f-score": 0.09140767824497259,
    "precision": 0.05408328826392645,
    "recall": 0.2949852507374631,
    "tp": 1,
    "fp": 1848,
    "fn": 338
  },
  "jaccard": [
    0.9973600844772967
  ],
  "braycurtis": [
    0.9831261101243339
  ],
  "dice": [
    0.9947340705634544
  ],
  "cosinus": [
    0.8606487819216133
  ]
}