{
  "voc_eval_res": {
    "precision": 80.8989,
    "recall": 46.7532,
    "f-score": 59.2593
  },
  "KL_res": {
    "KL divergence": 3.802206919200415,
    "Euclidean Dist.": 0.33747251331599565,
    "WER": 0.6934306569343066,
    "CER": 0.48093971631205673,
    "Cosine Dist.": 0.6545509827499072
  },
  "occ_eval_res": {
    "precision": 78.8571,
    "recall": 33.5766,
    "f-score": 47.099
  },
  "clean_eval": {
    "f-score": 40.90121317157712,
    "precision": 29.1358024691358,
    "recall": 68.6046511627907,
    "tp": 118,
    "fp": 287,
    "fn": 54
  },
  "jaccard": [
    0.41903019213174747
  ],
  "braycurtis": [
    0.3011218765935747
  ],
  "dice": [
    0.2650462962962963
  ],
  "cosinus": [
    0.34747984015587796
  ]
}