{
  "voc_eval_res": {
    "precision": 81.9672,
    "recall": 42.0168,
    "f-score": 55.5556
  },
  "KL_res": {
    "KL divergence": 1.5426374949259443,
    "Euclidean Dist.": 0.13424754266455713,
    "WER": 0.5,
    "CER": 0.4085714285714286,
    "Cosine Dist.": 0.05090403395268828
  },
  "occ_eval_res": {
    "precision": 80.315,
    "recall": 56.6667,
    "f-score": 66.4495
  },
  "clean_eval": {
    "f-score": 61.12956810631229,
    "precision": 51.9774011299435,
    "recall": 74.19354838709677,
    "tp": 92,
    "fp": 85,
    "fn": 32
  },
  "jaccard": [
    0.4494494494494494
  ],
  "braycurtis": [
    0.22708840227088403
  ],
  "dice": [
    0.289864428663654
  ],
  "cosinus": [
    0.043588760792811265
  ]
}