{
  "voc_eval_res": {
    "precision": 76.1194,
    "recall": 45.5357,
    "f-score": 56.9832
  },
  "KL_res": {
    "KL divergence": 2.045126631189986,
    "Euclidean Dist.": 0.17471738583026394,
    "WER": 0.5454545454545454,
    "CER": 0.48037974683544304,
    "Cosine Dist.": 0.2699545889867775
  },
  "occ_eval_res": {
    "precision": 80.4878,
    "recall": 50.0,
    "f-score": 61.6822
  },
  "clean_eval": {
    "f-score": 53.67412140575081,
    "precision": 43.29896907216495,
    "recall": 70.58823529411765,
    "tp": 84,
    "fp": 110,
    "fn": 35
  },
  "jaccard": [
    0.39720129171151775
  ],
  "braycurtis": [
    0.2824514655500571
  ],
  "dice": [
    0.2478173270651444
  ],
  "cosinus": [
    0.15728998053674936
  ]
}