{
  "voc_eval_res": {
    "precision": 63.4921,
    "recall": 60.6061,
    "f-score": 62.0155
  },
  "KL_res": {
    "KL divergence": 0.9077916135645441,
    "Euclidean Dist.": 0.08723596640387069,
    "WER": 0.6052631578947368,
    "CER": 0.5109717868338558,
    "Cosine Dist.": 0.06746351539001694
  },
  "occ_eval_res": {
    "precision": 72.8972,
    "recall": 68.4211,
    "f-score": 70.5882
  },
  "clean_eval": {
    "f-score": 59.18367346938774,
    "precision": 57.99999999999999,
    "recall": 60.416666666666664,
    "tp": 58,
    "fp": 42,
    "fn": 38
  },
  "jaccard": [
    0.36551724137931035
  ],
  "braycurtis": [
    0.18060735215769846
  ],
  "dice": [
    0.22362869198312235
  ],
  "cosinus": [
    0.038215773175777956
  ]
}