{
  "voc_eval_res": {
    "precision": 10.8197,
    "recall": 0.8298,
    "f-score": 1.5413
  },
  "KL_res": {
    "KL divergence": 4.051894568270934,
    "Euclidean Dist.": 0.23565366604046664,
    "WER": 0.99102420259657,
    "CER": 0.8382543964828137,
    "Cosine Dist.": 0.9741628275067886
  },
  "occ_eval_res": {
    "precision": 6.5874,
    "recall": 1.154,
    "f-score": 1.964
  },
  "clean_eval": {
    "f-score": 0.14267370523612502,
    "precision": 0.08437394532568343,
    "recall": 0.46168051708217916,
    "tp": 5,
    "fp": 5921,
    "fn": 1078
  },
  "jaccard": [
    0.5333333333333333
  ],
  "braycurtis": [
    0.6288045744237298
  ],
  "dice": [
    0.36363636363636365
  ],
  "cosinus": [
    0.06115718764565925
  ]
}