{
  "voc_eval_res": {
    "precision": 13.7566,
    "recall": 0.4217,
    "f-score": 0.8183
  },
  "KL_res": {
    "KL divergence": 3.779571458286158,
    "Euclidean Dist.": 0.2936302143621799,
    "WER": 0.9909359405234749,
    "CER": 0.9084451068057625,
    "Cosine Dist.": 0.9437880677485658
  },
  "occ_eval_res": {
    "precision": 16.0963,
    "recall": 1.2934,
    "f-score": 2.3944
  },
  "clean_eval": {
    "f-score": 0.06271558482282848,
    "precision": 0.03396354579418091,
    "recall": 0.4087193460490463,
    "tp": 3,
    "fp": 8830,
    "fn": 731
  },
  "jaccard": [
    0.4
  ],
  "braycurtis": [
    0.7944568722582145
  ],
  "dice": [
    0.25
  ],
  "cosinus": [
    0.08735237367883752
  ]
}