{
  "voc_eval_res": {
    "precision": 8.2524,
    "recall": 0.5749,
    "f-score": 1.0749
  },
  "KL_res": {
    "KL divergence": 3.5781522335225113,
    "Euclidean Dist.": 0.25249945734233337,
    "WER": 0.9807642318689889,
    "CER": 0.8342240663900415,
    "Cosine Dist.": 0.6872669016087143
  },
  "occ_eval_res": {
    "precision": 10.3349,
    "recall": 2.8074,
    "f-score": 4.4154
  },
  "clean_eval": {
    "f-score": 0.34737299174989145,
    "precision": 0.2179242713157178,
    "recall": 0.8556149732620321,
    "tp": 8,
    "fp": 3663,
    "fn": 927
  },
  "jaccard": [
    0.8082271147161066
  ],
  "braycurtis": [
    0.7108700176917473
  ],
  "dice": [
    0.6781720952843947
  ],
  "cosinus": [
    0.3723432122298569
  ]
}