{
  "voc_eval_res": {
    "precision": 57.4219,
    "recall": 55.6818,
    "f-score": 56.5385
  },
  "KL_res": {
    "KL divergence": 0.5834349796415497,
    "Euclidean Dist.": 0.03828465345842603,
    "WER": 0.6389324960753532,
    "CER": 0.5361632355620332,
    "Cosine Dist.": 0.009165114384109718
  },
  "occ_eval_res": {
    "precision": 72.8083,
    "recall": 76.9231,
    "f-score": 74.8092
  },
  "clean_eval": {
    "f-score": 34.31455004205215,
    "precision": 35.35528596187175,
    "recall": 33.33333333333333,
    "tp": 204,
    "fp": 373,
    "fn": 408
  },
  "jaccard": [
    0.0975609756097561
  ],
  "braycurtis": [
    0.05625162015034995
  ],
  "dice": [
    0.05128205128205128
  ],
  "cosinus": [
    0.0008317209397079584
  ]
}