{
  "voc_eval_res": {
    "precision": 73.6842,
    "recall": 14.3223,
    "f-score": 23.9829
  },
  "KL_res": {
    "KL divergence": 4.4820134617826115,
    "Euclidean Dist.": 0.31588365483133884,
    "WER": 0.8808139534883721,
    "CER": 0.7754963898916968,
    "Cosine Dist.": 0.6254690599728352
  },
  "occ_eval_res": {
    "precision": 78.8618,
    "recall": 14.0988,
    "f-score": 23.9211
  },
  "clean_eval": {
    "f-score": 17.692307692307693,
    "precision": 10.486322188449847,
    "recall": 56.557377049180324,
    "tp": 69,
    "fp": 589,
    "fn": 53
  },
  "jaccard": [
    0.8475452196382429
  ],
  "braycurtis": [
    0.7183499288762447
  ],
  "dice": [
    0.7354260089686099
  ],
  "cosinus": [
    0.11998123724116938
  ]
}