{
  "voc_eval_res": {
    "precision": 46.4286,
    "recall": 37.6812,
    "f-score": 41.6
  },
  "KL_res": {
    "KL divergence": 2.655368465537313,
    "Euclidean Dist.": 0.1378202789915893,
    "WER": 0.7710843373493976,
    "CER": 0.6703910614525139,
    "Cosine Dist.": 0.2751641797063593
  },
  "occ_eval_res": {
    "precision": 48.6111,
    "recall": 42.1687,
    "f-score": 45.1613
  },
  "clean_eval": {
    "f-score": 36.36363636363636,
    "precision": 33.33333333333333,
    "recall": 40.0,
    "tp": 26,
    "fp": 52,
    "fn": 39
  },
  "jaccard": [
    0.7551020408163265
  ],
  "braycurtis": [
    0.564625850340136
  ],
  "dice": [
    0.6065573770491803
  ],
  "cosinus": [
    0.42293143381284315
  ]
}