{
  "voc_eval_res": {
    "precision": 5.5901,
    "recall": 0.4834,
    "f-score": 0.8898
  },
  "KL_res": {
    "KL divergence": 3.5589049288445747,
    "Euclidean Dist.": 0.23293956836097843,
    "WER": 0.9974380871050385,
    "CER": 0.8259125324895469,
    "Cosine Dist.": 0.9905331336492837
  },
  "occ_eval_res": {
    "precision": 1.4255,
    "recall": 0.427,
    "f-score": 0.6571
  },
  "clean_eval": {
    "f-score": 0.06885866758478223,
    "precision": 0.04506534474988734,
    "recall": 0.14587892049598833,
    "tp": 2,
    "fp": 4436,
    "fn": 1369
  },
  "jaccard": [
    0.8022381535233433
  ],
  "braycurtis": [
    0.7536811061483555
  ],
  "dice": [
    0.6697810218978102
  ],
  "cosinus": [
    0.5834035213706174
  ]
}