{
  "voc_eval_res": {
    "precision": 6.0,
    "recall": 0.2294,
    "f-score": 0.4419
  },
  "KL_res": {
    "KL divergence": 3.2248274237023296,
    "Euclidean Dist.": 0.188163247819735,
    "WER": 0.9981155778894473,
    "CER": 0.9138166619780573,
    "Cosine Dist.": 0.9866130174981032
  },
  "occ_eval_res": {
    "precision": 2.1948,
    "recall": 0.2513,
    "f-score": 0.4509
  },
  "clean_eval": {
    "f-score": 0.1492091912861832,
    "precision": 0.08344459279038718,
    "recall": 0.7042253521126761,
    "tp": 5,
    "fp": 5987,
    "fn": 705
  },
  "jaccard": [
    0.8466218379763049
  ],
  "braycurtis": [
    0.8750804433321416
  ],
  "dice": [
    0.7340366463076069
  ],
  "cosinus": [
    0.610502273308567
  ]
}