{
  "voc_eval_res": {
    "precision": 7.7143,
    "recall": 4.5997,
    "f-score": 5.7631
  },
  "KL_res": {
    "KL divergence": 4.318781132280205,
    "Euclidean Dist.": 0.09562836033784881,
    "WER": 0.9634920634920635,
    "CER": 0.7374371859296482,
    "Cosine Dist.": 0.4243107400001904
  },
  "occ_eval_res": {
    "precision": 9.0265,
    "recall": 8.0952,
    "f-score": 8.5356
  },
  "clean_eval": {
    "f-score": 0.5226480836236933,
    "precision": 0.487012987012987,
    "recall": 0.5639097744360901,
    "tp": 3,
    "fp": 613,
    "fn": 529
  },
  "jaccard": [
    0.6141759776536313
  ],
  "braycurtis": [
    0.3940386505076974
  ],
  "dice": [
    0.4431846812799194
  ],
  "cosinus": [
    0.13714985998562146
  ]
}