{
  "voc_eval_res": {
    "precision": 35.8974,
    "recall": 1.1076,
    "f-score": 2.1489
  },
  "KL_res": {
    "KL divergence": 4.8339517625110595,
    "Euclidean Dist.": 0.9116332515794175,
    "WER": 0.9690126050420168,
    "CER": 0.8399373181105888,
    "Cosine Dist.": 0.8563905153885605
  },
  "occ_eval_res": {
    "precision": 19.0616,
    "recall": 3.4139,
    "f-score": 5.7906
  },
  "clean_eval": {
    "f-score": 0.4708097928436912,
    "precision": 0.28042624789680315,
    "recall": 1.466275659824047,
    "tp": 5,
    "fp": 1778,
    "fn": 336
  },
  "jaccard": [
    0.9896907216494846
  ],
  "braycurtis": [
    0.9395348837209302
  ],
  "dice": [
    0.9795918367346939
  ],
  "cosinus": [
    0.8870371456356259
  ]
}