{
  "voc_eval_res": {
    "precision": 30.4348,
    "recall": 2.2152,
    "f-score": 4.1298
  },
  "KL_res": {
    "KL divergence": 4.3880452449040845,
    "Euclidean Dist.": 0.5978197035010888,
    "WER": 0.9504434011476265,
    "CER": 0.8085348290760251,
    "Cosine Dist.": 0.781648423091964
  },
  "occ_eval_res": {
    "precision": 24.2424,
    "recall": 5.8425,
    "f-score": 9.4157
  },
  "clean_eval": {
    "f-score": 0.9119927040583675,
    "precision": 0.5763688760806917,
    "recall": 2.1834061135371177,
    "tp": 10,
    "fp": 1725,
    "fn": 448
  },
  "jaccard": [
    0.9792307692307692
  ],
  "braycurtis": [
    0.8988361683079678
  ],
  "dice": [
    0.9593067068575735
  ],
  "cosinus": [
    0.7734078737984119
  ]
}