{
  "voc_eval_res": {
    "precision": 57.7093,
    "recall": 37.4286,
    "f-score": 45.4073
  },
  "KL_res": {
    "KL divergence": 1.3898231711442446,
    "Euclidean Dist.": 0.10176425470138131,
    "WER": 0.7507507507507507,
    "CER": 0.6302831350020517,
    "Cosine Dist.": 0.15009522477273984
  },
  "occ_eval_res": {
    "precision": 66.3951,
    "recall": 48.9489,
    "f-score": 56.3526
  },
  "clean_eval": {
    "f-score": 19.056261343012704,
    "precision": 16.64025356576862,
    "recall": 22.29299363057325,
    "tp": 105,
    "fp": 526,
    "fn": 366
  },
  "jaccard": [
    0.09302325581395349
  ],
  "braycurtis": [
    0.1635380209990455
  ],
  "dice": [
    0.04878048780487805
  ],
  "cosinus": [
    0.000895359359822212
  ]
}