{
  "voc_eval_res": {
    "precision": 11.0,
    "recall": 0.5519,
    "f-score": 1.0511
  },
  "KL_res": {
    "KL divergence": 4.679783455197832,
    "Euclidean Dist.": 0.6184800233227189,
    "WER": 0.9846204188481675,
    "CER": 0.8996229491490879,
    "Cosine Dist.": 0.8540017010964978
  },
  "occ_eval_res": {
    "precision": 19.708,
    "recall": 1.767,
    "f-score": 3.2432
  },
  "clean_eval": {
    "f-score": 0.2616088947024199,
    "precision": 0.14357501794687724,
    "recall": 1.4705882352941175,
    "tp": 4,
    "fp": 2782,
    "fn": 268
  },
  "jaccard": [
    0.5
  ],
  "braycurtis": [
    0.7921879218792188
  ],
  "dice": [
    0.3333333333333333
  ],
  "cosinus": [
    0.13674932763717562
  ]
}