{
  "voc_eval_res": {
    "precision": 14.2857,
    "recall": 0.4342,
    "f-score": 0.8427
  },
  "KL_res": {
    "KL divergence": 3.4867213162171287,
    "Euclidean Dist.": 0.22188743548639214,
    "WER": 0.9925152649202285,
    "CER": 0.9308235294117647,
    "Cosine Dist.": 0.8315146313196691
  },
  "occ_eval_res": {
    "precision": 12.4722,
    "recall": 1.103,
    "f-score": 2.0268
  },
  "clean_eval": {
    "f-score": 0.3068072866730585,
    "precision": 0.16649323621227888,
    "recall": 1.951219512195122,
    "tp": 8,
    "fp": 4797,
    "fn": 402
  },
  "jaccard": [
    0.9960493827160494
  ],
  "braycurtis": [
    0.9859578736208626
  ],
  "dice": [
    0.9921298573536645
  ],
  "cosinus": [
    0.9185819647427774
  ]
}