{
  "voc_eval_res": {
    "precision": 22.0,
    "recall": 2.4664,
    "f-score": 4.4355
  },
  "KL_res": {
    "KL divergence": 4.689786066006557,
    "Euclidean Dist.": 0.19082795115436316,
    "WER": 0.9736842105263158,
    "CER": 0.8260544047916146,
    "Cosine Dist.": 0.8418772522742806
  },
  "occ_eval_res": {
    "precision": 17.9724,
    "recall": 3.4211,
    "f-score": 5.748
  },
  "clean_eval": {
    "f-score": 3.15955766192733,
    "precision": 1.874414245548266,
    "recall": 10.050251256281408,
    "tp": 20,
    "fp": 1047,
    "fn": 179
  },
  "jaccard": [
    0.37777777777777777
  ],
  "braycurtis": [
    0.6257871064467766
  ],
  "dice": [
    0.2328767123287671
  ],
  "cosinus": [
    0.07866804748535305
  ]
}