{
  "voc_eval_res": {
    "precision": 87.2727,
    "recall": 61.3419,
    "f-score": 72.045
  },
  "KL_res": {
    "KL divergence": 0.5209240900495933,
    "Euclidean Dist.": 0.07206978539375396,
    "WER": 0.3034300791556728,
    "CER": 0.23777608530083777,
    "Cosine Dist.": 0.005963141829351204
  },
  "occ_eval_res": {
    "precision": 86.9693,
    "recall": 78.3641,
    "f-score": 82.4427
  },
  "clean_eval": {
    "f-score": 66.66666666666666,
    "precision": 62.87581699346405,
    "recall": 70.94395280235987,
    "tp": 481,
    "fp": 284,
    "fn": 197
  },
  "jaccard": [
    0.16279069767441862
  ],
  "braycurtis": [
    0.04006846650587412
  ],
  "dice": [
    0.08860759493670886
  ],
  "cosinus": [
    0.002896146430015678
  ]
}