{
  "voc_eval_res": {
    "precision": 79.3696,
    "recall": 17.3342,
    "f-score": 28.454
  },
  "KL_res": {
    "KL divergence": 2.0581842200221585,
    "Euclidean Dist.": 0.15254620988949402,
    "WER": 0.7290388548057259,
    "CER": 0.5811142499884222,
    "Cosine Dist.": 0.08991378839755337
  },
  "occ_eval_res": {
    "precision": 80.3524,
    "recall": 31.0838,
    "f-score": 44.8267
  },
  "clean_eval": {
    "f-score": 27.30627306273063,
    "precision": 18.829516539440203,
    "recall": 49.664429530201346,
    "tp": 518,
    "fp": 2233,
    "fn": 525
  },
  "jaccard": [
    0.641183250096043
  ],
  "braycurtis": [
    0.3672290198986528
  ],
  "dice": [
    0.47186881538026576
  ],
  "cosinus": [
    0.13095918380951177
  ]
}