{
  "voc_eval_res": {
    "precision": 81.5508,
    "recall": 27.039,
    "f-score": 40.6125
  },
  "KL_res": {
    "KL divergence": 1.7718275336300549,
    "Euclidean Dist.": 0.12972088511632573,
    "WER": 0.625,
    "CER": 0.4625166910408851,
    "Cosine Dist.": 0.0903261287791719
  },
  "occ_eval_res": {
    "precision": 82.3017,
    "recall": 40.4468,
    "f-score": 54.2384
  },
  "clean_eval": {
    "f-score": 42.983316977428856,
    "precision": 32.253313696612665,
    "recall": 64.41176470588236,
    "tp": 657,
    "fp": 1380,
    "fn": 363
  },
  "jaccard": [
    0.5727492846136913
  ],
  "braycurtis": [
    0.253926499032882
  ],
  "dice": [
    0.4012954966070327
  ],
  "cosinus": [
    0.053668973018221156
  ]
}