{
  "voc_eval_res": {
    "precision": 51.7808,
    "recall": 50.0,
    "f-score": 50.8748
  },
  "KL_res": {
    "KL divergence": 0.9105845925905083,
    "Euclidean Dist.": 0.047058910236682176,
    "WER": 0.6545209176788124,
    "CER": 0.5465569510610654,
    "Cosine Dist.": 0.03134028781769904
  },
  "occ_eval_res": {
    "precision": 65.3793,
    "recall": 63.9676,
    "f-score": 64.6658
  },
  "clean_eval": {
    "f-score": 37.85714285714285,
    "precision": 37.429378531073446,
    "recall": 38.29479768786127,
    "tp": 265,
    "fp": 443,
    "fn": 427
  },
  "jaccard": [
    0.34944694797214254
  ],
  "braycurtis": [
    0.14066999087014537
  ],
  "dice": [
    0.2117150657731447
  ],
  "cosinus": [
    0.01704379604024675
  ]
}