{
  "voc_eval_res": {
    "precision": 70.0637,
    "recall": 24.1758,
    "f-score": 35.9477
  },
  "KL_res": {
    "KL divergence": 1.7582415543295278,
    "Euclidean Dist.": 0.17087484977687326,
    "WER": 0.6329509906152242,
    "CER": 0.5030555969593083,
    "Cosine Dist.": 0.06144780319429133
  },
  "occ_eval_res": {
    "precision": 79.2776,
    "recall": 43.4828,
    "f-score": 56.1616
  },
  "clean_eval": {
    "f-score": 25.436757512229207,
    "precision": 19.76112920738328,
    "recall": 35.68627450980392,
    "tp": 182,
    "fp": 739,
    "fn": 328
  },
  "jaccard": [
    0.4393939393939394
  ],
  "braycurtis": [
    0.23558394160583943
  ],
  "dice": [
    0.2815533980582524
  ],
  "cosinus": [
    0.011652439377998425
  ]
}