{
  "voc_eval_res": {
    "precision": 71.4286,
    "recall": 22.2717,
    "f-score": 33.9559
  },
  "KL_res": {
    "KL divergence": 1.9442664671617789,
    "Euclidean Dist.": 0.18043353568580736,
    "WER": 0.664079822616408,
    "CER": 0.5287775487553512,
    "Cosine Dist.": 0.06724820034660817
  },
  "occ_eval_res": {
    "precision": 78.9934,
    "recall": 40.0222,
    "f-score": 53.1273
  },
  "clean_eval": {
    "f-score": 27.63857251328778,
    "precision": 20.871559633027523,
    "recall": 40.89887640449438,
    "tp": 182,
    "fp": 690,
    "fn": 263
  },
  "jaccard": [
    0.4782608695652174
  ],
  "braycurtis": [
    0.2617702448210923
  ],
  "dice": [
    0.3142857142857143
  ],
  "cosinus": [
    0.012667865987787574
  ]
}