{
  "voc_eval_res": {
    "precision": 27.6923,
    "recall": 2.2756,
    "f-score": 4.2056
  },
  "KL_res": {
    "KL divergence": 5.540624158117503,
    "Euclidean Dist.": 0.23079912943500122,
    "WER": 0.9855760452802629,
    "CER": 0.8787495408725462,
    "Cosine Dist.": 0.9750136582686166
  },
  "occ_eval_res": {
    "precision": 23.1651,
    "recall": 1.8441,
    "f-score": 3.4162
  },
  "clean_eval": {
    "f-score": 1.073345259391771,
    "precision": 0.581170089112747,
    "recall": 7.009345794392523,
    "tp": 30,
    "fp": 5132,
    "fn": 398
  },
  "jaccard": [
    0.8146381578947368
  ],
  "braycurtis": [
    0.7750433983457572
  ],
  "dice": [
    0.6872485083946164
  ],
  "cosinus": [
    0.42380081045493556
  ]
}