{
  "voc_eval_res": {
    "precision": 8.7805,
    "recall": 0.4518,
    "f-score": 0.8594
  },
  "KL_res": {
    "KL divergence": 3.677593979513439,
    "Euclidean Dist.": 0.1517707713188716,
    "WER": 0.9924297043979813,
    "CER": 0.9272290982571356,
    "Cosine Dist.": 0.8459910164820978
  },
  "occ_eval_res": {
    "precision": 12.7315,
    "recall": 0.9913,
    "f-score": 1.8395
  },
  "clean_eval": {
    "f-score": 0.14456089627755692,
    "precision": 0.07747433662599264,
    "recall": 1.078167115902965,
    "tp": 4,
    "fp": 5159,
    "fn": 367
  },
  "jaccard": [
    0.9952759820984585
  ],
  "braycurtis": [
    0.9864446165762975
  ],
  "dice": [
    0.9905963870329126
  ],
  "cosinus": [
    0.9279481953126391
  ]
}