{
  "voc_eval_res": {
    "precision": 19.3372,
    "recall": 43.5244,
    "f-score": 26.7775
  },
  "KL_res": {
    "KL divergence": 0.38654415437566925,
    "Euclidean Dist.": 0.041526622298869914,
    "WER": 0.5678304955041132,
    "CER": 0.16126349812185437,
    "Cosine Dist.": 0.05688558014255074
  },
  "occ_eval_res": {
    "precision": 54.5842,
    "recall": 60.0306,
    "f-score": 57.178
  },
  "clean_eval": {
    "f-score": 45.70918205113817,
    "precision": 47.20808260327824,
    "recall": 44.30253532872255,
    "tp": 48875,
    "fp": 54656,
    "fn": 61446
  },
  "jaccard": [
    0.8214285714285714
  ],
  "braycurtis": [
    0.38680123994027
  ],
  "dice": [
    0.696969696969697
  ],
  "cosinus": [
    0.03305459887107809
  ]
}