{
  "voc_eval_res": {
    "precision": 75.6158,
    "recall": 91.7207,
    "f-score": 82.8932
  },
  "KL_res": {
    "KL divergence": 0.04390116819995588,
    "Euclidean Dist.": 0.013775345054134554,
    "WER": 0.130213124808341,
    "CER": 0.06543707333654364,
    "Cosine Dist.": 0.006875649730023192
  },
  "occ_eval_res": {
    "precision": 89.5057,
    "recall": 95.0878,
    "f-score": 92.2123
  },
  "clean_eval": {
    "f-score": 85.49930435276413,
    "precision": 88.11720868530405,
    "recall": 83.03246442883929,
    "tp": 45168,
    "fp": 6091,
    "fn": 9230
  },
  "jaccard": [
    0.3021816037735849
  ],
  "braycurtis": [
    0.07823254243348197
  ],
  "dice": [
    0.1779822885917694
  ],
  "cosinus": [
    0.007972251496873084
  ]
}