{
  "voc_eval_res": {
    "precision": 15.0985,
    "recall": 1.215,
    "f-score": 2.249
  },
  "KL_res": {
    "KL divergence": 3.6542371143006234,
    "Euclidean Dist.": 0.32578795951501605,
    "WER": 0.9721451440768409,
    "CER": 0.8305112209349429,
    "Cosine Dist.": 0.7587691543179833
  },
  "occ_eval_res": {
    "precision": 17.7647,
    "recall": 3.2231,
    "f-score": 5.4562
  },
  "clean_eval": {
    "f-score": 1.0867377742000404,
    "precision": 0.6535156722739924,
    "recall": 3.2238805970149254,
    "tp": 54,
    "fp": 8209,
    "fn": 1621
  },
  "jaccard": [
    0.5692307692307692
  ],
  "braycurtis": [
    0.6235622614442708
  ],
  "dice": [
    0.3978494623655914
  ],
  "cosinus": [
    0.03858153559173172
  ]
}