{
  "voc_eval_res": {
    "precision": 7.6712,
    "recall": 4.1791,
    "f-score": 5.4106
  },
  "KL_res": {
    "KL divergence": 4.0940034515541734,
    "Euclidean Dist.": 0.12657933810603272,
    "WER": 0.9830287206266318,
    "CER": 0.7970511708586296,
    "Cosine Dist.": 0.4264243420468409
  },
  "occ_eval_res": {
    "precision": 9.7931,
    "recall": 9.2689,
    "f-score": 9.5238
  },
  "clean_eval": {
    "f-score": 0.5578800557880056,
    "precision": 0.5390835579514826,
    "recall": 0.5780346820809248,
    "tp": 4,
    "fp": 738,
    "fn": 688
  },
  "jaccard": [
    0.2857142857142857
  ],
  "braycurtis": [
    0.10046367851622875
  ],
  "dice": [
    0.16666666666666666
  ],
  "cosinus": [
    0.01614179247634029
  ]
}