{
  "voc_eval_res": {
    "precision": 83.1461,
    "recall": 23.053,
    "f-score": 36.0976
  },
  "KL_res": {
    "KL divergence": 1.4702149853407116,
    "Euclidean Dist.": 0.17774234843255143,
    "WER": 0.5479876160990712,
    "CER": 0.43038922155688625,
    "Cosine Dist.": 0.028095715066979166
  },
  "occ_eval_res": {
    "precision": 87.4674,
    "recall": 51.8576,
    "f-score": 65.1118
  },
  "clean_eval": {
    "f-score": 41.10671936758893,
    "precision": 33.01587301587301,
    "recall": 54.45026178010471,
    "tp": 208,
    "fp": 422,
    "fn": 174
  },
  "jaccard": [
    0.40350877192982454
  ],
  "braycurtis": [
    0.19812479071324926
  ],
  "dice": [
    0.25274725274725274
  ],
  "cosinus": [
    0.009674282436353376
  ]
}