{
  "voc_eval_res": {
    "precision": 22.3301,
    "recall": 4.6465,
    "f-score": 7.6923
  },
  "KL_res": {
    "KL divergence": 3.3110550960969762,
    "Euclidean Dist.": 0.2209008713115187,
    "WER": 0.9366666666666666,
    "CER": 0.7133023255813954,
    "Cosine Dist.": 0.16969059810801834
  },
  "occ_eval_res": {
    "precision": 24.0191,
    "recall": 16.7333,
    "f-score": 19.725
  },
  "clean_eval": {
    "f-score": 3.1342651418890304,
    "precision": 2.5946704067321176,
    "recall": 3.9572192513368987,
    "tp": 37,
    "fp": 1389,
    "fn": 898
  },
  "jaccard": [
    0.7008269344359126
  ],
  "braycurtis": [
    0.4380927291886196
  ],
  "dice": [
    0.5394407819959082
  ],
  "cosinus": [
    0.21132172947647587
  ]
}