{
  "voc_eval_res": {
    "precision": 84.7826,
    "recall": 21.7877,
    "f-score": 34.6667
  },
  "KL_res": {
    "KL divergence": 1.844903451377194,
    "Euclidean Dist.": 0.19772364957269747,
    "WER": 0.5997001499250375,
    "CER": 0.47652455477603883,
    "Cosine Dist.": 0.05550590502445807
  },
  "occ_eval_res": {
    "precision": 82.8255,
    "recall": 44.8276,
    "f-score": 58.1712
  },
  "clean_eval": {
    "f-score": 23.214285714285715,
    "precision": 18.02773497688752,
    "recall": 32.590529247910865,
    "tp": 117,
    "fp": 532,
    "fn": 242
  },
  "jaccard": [
    0.6337698783910196
  ],
  "braycurtis": [
    0.27203729805919985
  ],
  "dice": [
    0.4638822321122903
  ],
  "cosinus": [
    0.06137355597528438
  ]
}