{
  "voc_eval_res": {
    "precision": 29.0323,
    "recall": 1.0929,
    "f-score": 2.1065
  },
  "KL_res": {
    "KL divergence": 4.7307878217677874,
    "Euclidean Dist.": 0.4247059975305593,
    "WER": 0.984357115604731,
    "CER": 0.9076093398127296,
    "Cosine Dist.": 0.9189066378546044
  },
  "occ_eval_res": {
    "precision": 21.8905,
    "recall": 1.6787,
    "f-score": 3.1184
  },
  "clean_eval": {
    "f-score": 3.105590062111801,
    "precision": 1.682085786375105,
    "recall": 20.2020202020202,
    "tp": 40,
    "fp": 2338,
    "fn": 158
  },
  "jaccard": [
    0.8726846424384526
  ],
  "braycurtis": [
    0.8393655524803065
  ],
  "dice": [
    0.7741264559068219
  ],
  "cosinus": [
    0.5060270542262738
  ]
}