{
  "voc_eval_res": {
    "precision": 75.6378,
    "recall": 93.8323,
    "f-score": 83.7584
  },
  "KL_res": {
    "KL divergence": 0.021892467678234485,
    "Euclidean Dist.": 0.006685898226500367,
    "WER": 0.0938779414578152,
    "CER": 0.03481457091595718,
    "Cosine Dist.": 0.0007159708798788467
  },
  "occ_eval_res": {
    "precision": 91.7762,
    "recall": 96.1938,
    "f-score": 93.9331
  },
  "clean_eval": {
    "f-score": 84.09432967909487,
    "precision": 85.54056273000357,
    "recall": 82.69618645650468,
    "tp": 88561,
    "fp": 14970,
    "fn": 18531
  },
  "jaccard": [
    0.27545448261560795
  ],
  "braycurtis": [
    0.0597870841642607
  ],
  "dice": [
    0.15972584071505871
  ],
  "cosinus": [
    0.0011593211393362557
  ]
}