{
  "voc_eval_res": {
    "precision": 55.4795,
    "recall": 47.8346,
    "f-score": 51.3742
  },
  "KL_res": {
    "KL divergence": 0.7804101740089102,
    "Euclidean Dist.": 0.08740446668304624,
    "WER": 0.9404388714733543,
    "CER": 0.7779077540106952,
    "Cosine Dist.": 0.08835728304536106
  },
  "occ_eval_res": {
    "precision": 53.6616,
    "recall": 66.6144,
    "f-score": 59.4406
  },
  "clean_eval": {
    "f-score": 36.25180897250361,
    "precision": 40.632603406326034,
    "recall": 32.72370999346832,
    "tp": 501,
    "fp": 732,
    "fn": 1030
  },
  "jaccard": [
    0.40688468158347674
  ],
  "braycurtis": [
    0.21833590691995547
  ],
  "dice": [
    0.2554019014693172
  ],
  "cosinus": [
    0.025508532150630536
  ]
}