{
  "voc_eval_res": {
    "precision": 56.5217,
    "recall": 51.1574,
    "f-score": 53.706
  },
  "KL_res": {
    "KL divergence": 1.202689473096963,
    "Euclidean Dist.": 0.11613430556652295,
    "WER": 0.8992248062015504,
    "CER": 0.7270272481793634,
    "Cosine Dist.": 0.2335876814434572
  },
  "occ_eval_res": {
    "precision": 55.2553,
    "recall": 63.3936,
    "f-score": 59.0453
  },
  "clean_eval": {
    "f-score": 36.58636178031849,
    "precision": 38.88888888888889,
    "recall": 34.54124903623747,
    "tp": 448,
    "fp": 704,
    "fn": 849
  },
  "jaccard": [
    0.32183424484644507
  ],
  "braycurtis": [
    0.24351607392452243
  ],
  "dice": [
    0.19177738781649536
  ],
  "cosinus": [
    0.1361597758106584
  ]
}