{
  "voc_eval_res": {
    "precision": 3.719,
    "recall": 5.3892,
    "f-score": 4.401
  },
  "KL_res": {
    "KL divergence": 4.229443469869961,
    "Euclidean Dist.": 0.13832772425412565,
    "WER": 2.477832512315271,
    "CER": 2.404791154791155,
    "Cosine Dist.": 0.22069728449481052
  },
  "occ_eval_res": {
    "precision": 7.4488,
    "recall": 19.7044,
    "f-score": 10.8108
  },
  "clean_eval": {
    "f-score": 0.5641748942172072,
    "precision": 0.9950248756218906,
    "recall": 0.39370078740157477,
    "tp": 2,
    "fp": 199,
    "fn": 506
  },
  "jaccard": [
    0.6909469302809573
  ],
  "braycurtis": [
    0.6187072243346008
  ],
  "dice": [
    0.5278219395866455
  ],
  "cosinus": [
    0.1731930660933232
  ]
}