{
  "voc_eval_res": {
    "precision": 75.6757,
    "recall": 29.9465,
    "f-score": 42.9119
  },
  "KL_res": {
    "KL divergence": 1.7679610564902053,
    "Euclidean Dist.": 0.16130475230520566,
    "WER": 0.5775401069518716,
    "CER": 0.44701860995062664,
    "Cosine Dist.": 0.05888873160799868
  },
  "occ_eval_res": {
    "precision": 80.0866,
    "recall": 49.4652,
    "f-score": 61.157
  },
  "clean_eval": {
    "f-score": 25.913621262458474,
    "precision": 21.024258760107816,
    "recall": 33.76623376623377,
    "tp": 78,
    "fp": 293,
    "fn": 153
  },
  "jaccard": [
    0.6938775510204082
  ],
  "braycurtis": [
    0.3243697478991597
  ],
  "dice": [
    0.53125
  ],
  "cosinus": [
    0.04397068518623781
  ]
}