{
  "voc_eval_res": {
    "precision": 27.4011,
    "recall": 3.9335,
    "f-score": 6.8794
  },
  "KL_res": {
    "KL divergence": 3.5434571589107806,
    "Euclidean Dist.": 0.15259667923866752,
    "WER": 0.9464990138067061,
    "CER": 0.7716049382716049,
    "Cosine Dist.": 0.5910211805652106
  },
  "occ_eval_res": {
    "precision": 23.7741,
    "recall": 7.8895,
    "f-score": 11.8475
  },
  "clean_eval": {
    "f-score": 4.188694591297275,
    "precision": 2.838247451088454,
    "recall": 7.990690457719161,
    "tp": 103,
    "fp": 3526,
    "fn": 1186
  },
  "jaccard": [
    0.9592691282832128
  ],
  "braycurtis": [
    0.8813787791257462
  ],
  "dice": [
    0.9217264081931237
  ],
  "cosinus": [
    0.7396698357983114
  ]
}