{
  "voc_eval_res": {
    "precision": 35.0,
    "recall": 8.8435,
    "f-score": 14.1195
  },
  "KL_res": {
    "KL divergence": 2.3410951880695143,
    "Euclidean Dist.": 0.14352550887697374,
    "WER": 0.9287888009738283,
    "CER": 0.7548499419665063,
    "Cosine Dist.": 0.12307378766914079
  },
  "occ_eval_res": {
    "precision": 35.9663,
    "recall": 28.5453,
    "f-score": 31.829
  },
  "clean_eval": {
    "f-score": 6.548739179525779,
    "precision": 5.746367239101717,
    "recall": 7.611548556430446,
    "tp": 87,
    "fp": 1427,
    "fn": 1056
  },
  "jaccard": [
    0.9193825042881647
  ],
  "braycurtis": [
    0.6927083333333334
  ],
  "dice": [
    0.8507936507936508
  ],
  "cosinus": [
    0.17515735145093825
  ]
}