{
  "voc_eval_res": {
    "precision": 80.531,
    "recall": 42.1296,
    "f-score": 55.3191
  },
  "KL_res": {
    "KL divergence": 4.067486759019685,
    "Euclidean Dist.": 0.4959080102567482,
    "WER": 0.7363636363636363,
    "CER": 0.5481481481481482,
    "Cosine Dist.": 0.7799121746867583
  },
  "occ_eval_res": {
    "precision": 48.8701,
    "recall": 31.4545,
    "f-score": 38.2743
  },
  "clean_eval": {
    "f-score": 27.633069082672705,
    "precision": 22.846441947565545,
    "recall": 34.95702005730659,
    "tp": 122,
    "fp": 412,
    "fn": 227
  },
  "jaccard": [
    0.2765957446808511
  ],
  "braycurtis": [
    0.20765970805211112
  ],
  "dice": [
    0.16049382716049382
  ],
  "cosinus": [
    0.10478235190858409
  ]
}