{
  "voc_eval_res": {
    "precision": 25.5814,
    "recall": 5.598,
    "f-score": 9.1858
  },
  "KL_res": {
    "KL divergence": 4.458449126714556,
    "Euclidean Dist.": 0.2009112788879332,
    "WER": 0.9407894736842105,
    "CER": 0.7104923949471513,
    "Cosine Dist.": 0.6382118071212448
  },
  "occ_eval_res": {
    "precision": 18.0392,
    "recall": 10.0877,
    "f-score": 12.9395
  },
  "clean_eval": {
    "f-score": 3.592814371257485,
    "precision": 2.8846153846153846,
    "recall": 4.761904761904762,
    "tp": 12,
    "fp": 404,
    "fn": 240
  },
  "jaccard": [
    0.9290617848970252
  ],
  "braycurtis": [
    0.8427586206896551
  ],
  "dice": [
    0.8675213675213675
  ],
  "cosinus": [
    0.7678632980838207
  ]
}