{
  "voc_eval_res": {
    "precision": 9.6296,
    "recall": 0.5711,
    "f-score": 1.0782
  },
  "KL_res": {
    "KL divergence": 3.30274919597069,
    "Euclidean Dist.": 0.22882775661623475,
    "WER": 0.9920683343502136,
    "CER": 0.8433883004871073,
    "Cosine Dist.": 0.8976606414289573
  },
  "occ_eval_res": {
    "precision": 5.1845,
    "recall": 1.1999,
    "f-score": 1.9488
  },
  "clean_eval": {
    "f-score": 0.2401784182535598,
    "precision": 0.14868309260832627,
    "recall": 0.6244424620874219,
    "tp": 7,
    "fp": 4701,
    "fn": 1114
  },
  "jaccard": [
    0.841930729550479
  ],
  "braycurtis": [
    0.7329257515915526
  ],
  "dice": [
    0.7270124085268851
  ],
  "cosinus": [
    0.3803467241872638
  ]
}