{
  "voc_eval_res": {
    "precision": 8.6379,
    "recall": 1.8895,
    "f-score": 3.1008
  },
  "KL_res": {
    "KL divergence": 4.131211337146084,
    "Euclidean Dist.": 0.18196964056503254,
    "WER": 0.9797486033519553,
    "CER": 0.7465313028764805,
    "Cosine Dist.": 0.6751085473525908
  },
  "occ_eval_res": {
    "precision": 6.7588,
    "recall": 3.0726,
    "f-score": 4.2247
  },
  "clean_eval": {
    "f-score": 0.7928642220019821,
    "precision": 0.5714285714285714,
    "recall": 1.2944983818770228,
    "tp": 8,
    "fp": 1392,
    "fn": 610
  },
  "jaccard": [
    0.7345879299156391
  ],
  "braycurtis": [
    0.5413677928051251
  ],
  "dice": [
    0.5805128205128205
  ],
  "cosinus": [
    0.2899297743830077
  ]
}