{
  "voc_eval_res": {
    "precision": 19.5122,
    "recall": 6.8702,
    "f-score": 10.1623
  },
  "KL_res": {
    "KL divergence": 2.9348221231584115,
    "Euclidean Dist.": 0.19548488187978078,
    "WER": 0.8876262626262627,
    "CER": 0.6875674010167925,
    "Cosine Dist.": 0.09910406898220181
  },
  "occ_eval_res": {
    "precision": 27.6436,
    "recall": 20.9596,
    "f-score": 23.842
  },
  "clean_eval": {
    "f-score": 2.823179791976226,
    "precision": 2.4804177545691903,
    "recall": 3.2758620689655173,
    "tp": 38,
    "fp": 1494,
    "fn": 1122
  },
  "jaccard": [
    0.3111111111111111
  ],
  "braycurtis": [
    0.17613735401777933
  ],
  "dice": [
    0.18421052631578946
  ],
  "cosinus": [
    0.014453379176831538
  ]
}