{
  "voc_eval_res": {
    "precision": 22.7979,
    "recall": 2.0551,
    "f-score": 3.7704
  },
  "KL_res": {
    "KL divergence": 3.348602876718898,
    "Euclidean Dist.": 0.29095887658163355,
    "WER": 0.9612403100775194,
    "CER": 0.7920873233242038,
    "Cosine Dist.": 0.8462645767791486
  },
  "occ_eval_res": {
    "precision": 18.9873,
    "recall": 5.191,
    "f-score": 8.1531
  },
  "clean_eval": {
    "f-score": 2.4113309141987593,
    "precision": 1.5512048192771084,
    "recall": 5.412506568575933,
    "tp": 103,
    "fp": 6537,
    "fn": 1800
  },
  "jaccard": [
    0.4827586206896552
  ],
  "braycurtis": [
    0.5294100007496814
  ],
  "dice": [
    0.3181818181818182
  ],
  "cosinus": [
    0.059098949890388
  ]
}