{
  "voc_eval_res": {
    "precision": 64.7738,
    "recall": 93.2762,
    "f-score": 76.4549
  },
  "KL_res": {
    "KL divergence": 0.08112902200957528,
    "Euclidean Dist.": 0.01985198802613243,
    "WER": 0.257953202552588,
    "CER": 0.15567023307756042,
    "Cosine Dist.": 0.009416081554909805
  },
  "occ_eval_res": {
    "precision": 79.8826,
    "recall": 96.5162,
    "f-score": 87.4152
  },
  "clean_eval": {
    "f-score": 76.079336761465,
    "precision": 86.54792034764338,
    "recall": 67.86998202516476,
    "tp": 18124,
    "fp": 2817,
    "fn": 8580
  },
  "jaccard": [
    0.36360070602078837
  ],
  "braycurtis": [
    0.1177697792246498
  ],
  "dice": [
    0.22219558964525407
  ],
  "cosinus": [
    0.013579527645932177
  ]
}