{
  "voc_eval_res": {
    "precision": 20.1342,
    "recall": 2.313,
    "f-score": 4.1494
  },
  "KL_res": {
    "KL divergence": 4.508987103898973,
    "Euclidean Dist.": 0.5317632711251111,
    "WER": 0.9650582362728786,
    "CER": 0.8026169706582078,
    "Cosine Dist.": 0.7520380234866425
  },
  "occ_eval_res": {
    "precision": 17.4672,
    "recall": 4.437,
    "f-score": 7.0765
  },
  "clean_eval": {
    "f-score": 0.2795899347623486,
    "precision": 0.17605633802816903,
    "recall": 0.6787330316742082,
    "tp": 3,
    "fp": 1701,
    "fn": 439
  },
  "jaccard": [
    0.779261586802828
  ],
  "braycurtis": [
    0.7179347166605995
  ],
  "dice": [
    0.6383526383526383
  ],
  "cosinus": [
    0.5238719055386076
  ]
}