{
  "voc_eval_res": {
    "precision": 59.3496,
    "recall": 40.3315,
    "f-score": 48.0263
  },
  "KL_res": {
    "KL divergence": 0.7348055656744891,
    "Euclidean Dist.": 0.06296883218824466,
    "WER": 0.5834553440702782,
    "CER": 0.5189000510812192,
    "Cosine Dist.": 0.007673054024045722
  },
  "occ_eval_res": {
    "precision": 76.4363,
    "recall": 67.2035,
    "f-score": 71.5232
  },
  "clean_eval": {
    "f-score": 40.56565656565656,
    "precision": 38.17490494296578,
    "recall": 43.275862068965516,
    "tp": 502,
    "fp": 813,
    "fn": 658
  },
  "jaccard": [
    0.39128989361702127
  ],
  "braycurtis": [
    0.1586906408483172
  ],
  "dice": [
    0.24323207274230213
  ],
  "cosinus": [
    0.017359773587096616
  ]
}