{
  "voc_eval_res": {
    "precision": 36.9565,
    "recall": 1.6038,
    "f-score": 3.0741
  },
  "KL_res": {
    "KL divergence": 4.629545615865826,
    "Euclidean Dist.": 0.3188286672261023,
    "WER": 0.9770334928229665,
    "CER": 0.8692059935583252,
    "Cosine Dist.": 0.9272830290302153
  },
  "occ_eval_res": {
    "precision": 30.7479,
    "recall": 2.6555,
    "f-score": 4.8888
  },
  "clean_eval": {
    "f-score": 0.6098991320666196,
    "precision": 0.3329918032786885,
    "recall": 3.6211699164345403,
    "tp": 13,
    "fp": 3891,
    "fn": 346
  },
  "jaccard": [
    0.9825141776937618
  ],
  "braycurtis": [
    0.9262839879154079
  ],
  "dice": [
    0.9656293543892244
  ],
  "cosinus": [
    0.8164343480637717
  ]
}