{
  "voc_eval_res": {
    "precision": 43.5897,
    "recall": 0.8938,
    "f-score": 1.7517
  },
  "KL_res": {
    "KL divergence": 4.962039536960621,
    "Euclidean Dist.": 0.33793723396925796,
    "WER": 0.9849137931034483,
    "CER": 0.9222482561740863,
    "Cosine Dist.": 0.9362173802380931
  },
  "occ_eval_res": {
    "precision": 40.5128,
    "recall": 1.8918,
    "f-score": 3.6147
  },
  "clean_eval": {
    "f-score": 0.6911217437533226,
    "precision": 0.3628750872295883,
    "recall": 7.242339832869081,
    "tp": 26,
    "fp": 7139,
    "fn": 333
  },
  "jaccard": [
    0.9896852684475007
  ],
  "braycurtis": [
    0.9512028664050504
  ],
  "dice": [
    0.9795811518324608
  ],
  "cosinus": [
    0.828297203284317
  ]
}