{
  "voc_eval_res": {
    "precision": 22.9358,
    "recall": 2.907,
    "f-score": 5.16
  },
  "KL_res": {
    "KL divergence": 4.379215994329155,
    "Euclidean Dist.": 0.23974801562503562,
    "WER": 0.9561567164179104,
    "CER": 0.7996824556761047,
    "Cosine Dist.": 0.7193368515288586
  },
  "occ_eval_res": {
    "precision": 21.1382,
    "recall": 4.8507,
    "f-score": 7.8907
  },
  "clean_eval": {
    "f-score": 2.4509803921568625,
    "precision": 1.4955134596211366,
    "recall": 6.787330316742081,
    "tp": 15,
    "fp": 988,
    "fn": 206
  },
  "jaccard": [
    0.7715877437325905
  ],
  "braycurtis": [
    0.6782360146998775
  ],
  "dice": [
    0.6281179138321995
  ],
  "cosinus": [
    0.3986823149190075
  ]
}