{
  "voc_eval_res": {
    "precision": 29.7872,
    "recall": 1.0174,
    "f-score": 1.9677
  },
  "KL_res": {
    "KL divergence": 4.737291355232665,
    "Euclidean Dist.": 0.8840387529472368,
    "WER": 0.9714003944773175,
    "CER": 0.851740106651698,
    "Cosine Dist.": 0.8544252825374458
  },
  "occ_eval_res": {
    "precision": 18.1034,
    "recall": 3.1065,
    "f-score": 5.303
  },
  "clean_eval": {
    "f-score": 0.35746201966041113,
    "precision": 0.21164021164021166,
    "recall": 1.1494252873563218,
    "tp": 4,
    "fp": 1886,
    "fn": 344
  },
  "jaccard": [
    0.9897660818713451
  ],
  "braycurtis": [
    0.9417732686369652
  ],
  "dice": [
    0.9797395079594791
  ],
  "cosinus": [
    0.874969246135119
  ]
}