{
  "voc_eval_res": {
    "precision": 13.5593,
    "recall": 19.5122,
    "f-score": 16.0
  },
  "KL_res": {
    "KL divergence": 4.588299723401159,
    "Euclidean Dist.": 0.2256400875773204,
    "WER": 1.53125,
    "CER": 1.748780487804878,
    "Cosine Dist.": 0.5782106294459861
  },
  "occ_eval_res": {
    "precision": 13.6364,
    "recall": 23.4375,
    "f-score": 17.2414
  },
  "clean_eval": {
    "f-score": 14.723926380368097,
    "precision": 19.35483870967742,
    "recall": 11.881188118811881,
    "tp": 12,
    "fp": 50,
    "fn": 89
  },
  "jaccard": [
    0.7209595959595959
  ],
  "braycurtis": [
    0.6571224051539012
  ],
  "dice": [
    0.5636722606120435
  ],
  "cosinus": [
    0.38713647786536776
  ]
}