{
  "voc_eval_res": {
    "precision": 54.5455,
    "recall": 35.2941,
    "f-score": 42.8571
  },
  "KL_res": {
    "KL divergence": 5.003188032313885,
    "Euclidean Dist.": 0.4655741179009624,
    "WER": 0.7111111111111111,
    "CER": 0.6202898550724638,
    "Cosine Dist.": 0.4783838536252202
  },
  "occ_eval_res": {
    "precision": 65.0,
    "recall": 28.8889,
    "f-score": 40.0
  },
  "clean_eval": {
    "f-score": 40.0,
    "precision": 28.888888888888886,
    "recall": 65.0,
    "tp": 13,
    "fp": 32,
    "fn": 7
  },
  "jaccard": [
    0.627177700348432
  ],
  "braycurtis": [
    0.5020161290322581
  ],
  "dice": [
    0.45685279187817257
  ],
  "cosinus": [
    0.46818078727887946
  ]
}