{
  "voc_eval_res": {
    "precision": 45.4545,
    "recall": 31.25,
    "f-score": 37.037
  },
  "KL_res": {
    "KL divergence": 3.4042822002089372,
    "Euclidean Dist.": 0.31298431857438064,
    "WER": 0.5714285714285714,
    "CER": 0.287292817679558,
    "Cosine Dist.": 0.19720767039319287
  },
  "occ_eval_res": {
    "precision": 60.0,
    "recall": 42.8571,
    "f-score": 50.0
  },
  "clean_eval": {
    "f-score": 51.06382978723405,
    "precision": 44.44444444444444,
    "recall": 60.0,
    "tp": 12,
    "fp": 15,
    "fn": 8
  },
  "jaccard": [
    0.3802083333333333
  ],
  "braycurtis": [
    0.21686746987951808
  ],
  "dice": [
    0.2347266881028939
  ],
  "cosinus": [
    0.12245491457988034
  ]
}