{
  "voc_eval_res": {
    "precision": 18.1818,
    "recall": 13.3333,
    "f-score": 15.3846
  },
  "KL_res": {
    "KL divergence": 4.555666005168902,
    "Euclidean Dist.": 0.34703033975543846,
    "WER": 0.782608695652174,
    "CER": 0.6390532544378699,
    "Cosine Dist.": 0.2582864946822798
  },
  "occ_eval_res": {
    "precision": 35.0,
    "recall": 30.4348,
    "f-score": 32.5581
  },
  "clean_eval": {
    "f-score": 29.268292682926827,
    "precision": 28.57142857142857,
    "recall": 30.0,
    "tp": 6,
    "fp": 15,
    "fn": 14
  },
  "jaccard": [
    0.766798418972332
  ],
  "braycurtis": [
    0.525
  ],
  "dice": [
    0.6217948717948718
  ],
  "cosinus": [
    0.3208041268155557
  ]
}