{
  "voc_eval_res": {
    "precision": 81.1765,
    "recall": 40.3509,
    "f-score": 53.9063
  },
  "KL_res": {
    "KL divergence": 2.7277223622394042,
    "Euclidean Dist.": 0.2785839068584742,
    "WER": 0.6066066066066066,
    "CER": 0.5105401844532279,
    "Cosine Dist.": 0.46210312767843076
  },
  "occ_eval_res": {
    "precision": 73.9583,
    "recall": 42.6426,
    "f-score": 54.0952
  },
  "clean_eval": {
    "f-score": 51.5625,
    "precision": 40.49079754601227,
    "recall": 70.96774193548387,
    "tp": 132,
    "fp": 194,
    "fn": 54
  },
  "jaccard": [
    0.6145251396648045
  ],
  "braycurtis": [
    0.3882783882783883
  ],
  "dice": [
    0.4435483870967742
  ],
  "cosinus": [
    0.07745402050885875
  ]
}