{
  "voc_eval_res": {
    "precision": 74.0741,
    "recall": 15.5642,
    "f-score": 25.7235
  },
  "KL_res": {
    "KL divergence": 4.356081615672162,
    "Euclidean Dist.": 0.3585827571367663,
    "WER": 0.7917448405253283,
    "CER": 0.7218818916932125,
    "Cosine Dist.": 0.6630657119493306
  },
  "occ_eval_res": {
    "precision": 75.974,
    "recall": 21.9512,
    "f-score": 34.0611
  },
  "clean_eval": {
    "f-score": 32.83582089552238,
    "precision": 21.31782945736434,
    "recall": 71.42857142857143,
    "tp": 110,
    "fp": 406,
    "fn": 44
  },
  "jaccard": [
    0.709102482495226
  ],
  "braycurtis": [
    0.5512373968835931
  ],
  "dice": [
    0.5493096646942801
  ],
  "cosinus": [
    0.5026150194073793
  ]
}