{
  "voc_eval_res": {
    "precision": 85.0299,
    "recall": 29.4606,
    "f-score": 43.7596
  },
  "KL_res": {
    "KL divergence": 1.7347415412793248,
    "Euclidean Dist.": 0.21010048108662563,
    "WER": 0.6358839050131926,
    "CER": 0.5318084345961401,
    "Cosine Dist.": 0.042791932212934536
  },
  "occ_eval_res": {
    "precision": 83.6842,
    "recall": 41.9525,
    "f-score": 55.8875
  },
  "clean_eval": {
    "f-score": 34.92349234923493,
    "precision": 26.216216216216214,
    "recall": 52.2911051212938,
    "tp": 194,
    "fp": 546,
    "fn": 177
  },
  "jaccard": [
    0.57307249712313
  ],
  "braycurtis": [
    0.3119543317662861
  ],
  "dice": [
    0.40161290322580645
  ],
  "cosinus": [
    0.06490456770494946
  ]
}