{
  "voc_eval_res": {
    "precision": 79.8319,
    "recall": 22.7273,
    "f-score": 35.3818
  },
  "KL_res": {
    "KL divergence": 2.1509575708708057,
    "Euclidean Dist.": 0.17802227423633157,
    "WER": 0.6878980891719745,
    "CER": 0.6130303732900533,
    "Cosine Dist.": 0.058378608461972625
  },
  "occ_eval_res": {
    "precision": 84.058,
    "recall": 36.9427,
    "f-score": 51.3274
  },
  "clean_eval": {
    "f-score": 30.419977298524405,
    "precision": 22.039473684210524,
    "recall": 49.08424908424908,
    "tp": 134,
    "fp": 474,
    "fn": 139
  },
  "jaccard": [
    0.6517501107665042
  ],
  "braycurtis": [
    0.3998743521281608
  ],
  "dice": [
    0.4834045349983569
  ],
  "cosinus": [
    0.0944408878527706
  ]
}