{
  "voc_eval_res": {
    "precision": 50.7042,
    "recall": 41.6185,
    "f-score": 45.7143
  },
  "KL_res": {
    "KL divergence": 1.2684442456922045,
    "Euclidean Dist.": 0.08291543819090828,
    "WER": 0.7028753993610224,
    "CER": 0.5187022900763358,
    "Cosine Dist.": 0.03682787010637556
  },
  "occ_eval_res": {
    "precision": 66.7897,
    "recall": 57.8275,
    "f-score": 61.9863
  },
  "clean_eval": {
    "f-score": 29.454545454545457,
    "precision": 27.364864864864863,
    "recall": 31.88976377952756,
    "tp": 81,
    "fp": 215,
    "fn": 173
  },
  "jaccard": [
    0.44080779944289694
  ],
  "braycurtis": [
    0.20109689213893966
  ],
  "dice": [
    0.2827154979901742
  ],
  "cosinus": [
    0.02711265544205943
  ]
}