{
  "voc_eval_res": {
    "precision": 6.0086,
    "recall": 0.6849,
    "f-score": 1.2297
  },
  "KL_res": {
    "KL divergence": 4.588815021062488,
    "Euclidean Dist.": 0.23565782988403855,
    "WER": 0.9905352480417755,
    "CER": 0.8304681301243058,
    "Cosine Dist.": 0.9831103656557759
  },
  "occ_eval_res": {
    "precision": 5.8347,
    "recall": 1.1749,
    "f-score": 1.956
  },
  "clean_eval": {
    "f-score": 0.34802784222737815,
    "precision": 0.21074815595363539,
    "recall": 0.9983361064891847,
    "tp": 6,
    "fp": 2841,
    "fn": 595
  },
  "jaccard": [
    0.5087719298245614
  ],
  "braycurtis": [
    0.5901057186007592
  ],
  "dice": [
    0.3411764705882353
  ],
  "cosinus": [
    0.08923555016529716
  ]
}