{
  "voc_eval_res": {
    "precision": 6.6667,
    "recall": 0.5185,
    "f-score": 0.9623
  },
  "KL_res": {
    "KL divergence": 4.134743505813903,
    "Euclidean Dist.": 0.15515319664080202,
    "WER": 0.9913818722139673,
    "CER": 0.891994750656168,
    "Cosine Dist.": 0.9373593484529703
  },
  "occ_eval_res": {
    "precision": 9.5368,
    "recall": 1.0401,
    "f-score": 1.8757
  },
  "clean_eval": {
    "f-score": 0.23008340523439746,
    "precision": 0.12816404998397948,
    "recall": 1.1235955056179776,
    "tp": 4,
    "fp": 3117,
    "fn": 352
  },
  "jaccard": [
    0.509090909090909
  ],
  "braycurtis": [
    0.7567823942325934
  ],
  "dice": [
    0.34146341463414637
  ],
  "cosinus": [
    0.09910971449901029
  ]
}