{
  "voc_eval_res": {
    "precision": 6.3415,
    "recall": 0.6007,
    "f-score": 1.0975
  },
  "KL_res": {
    "KL divergence": 4.302795434625733,
    "Euclidean Dist.": 0.1651374718672534,
    "WER": 0.9897959183673469,
    "CER": 0.8769160951996773,
    "Cosine Dist.": 0.9463888874534614
  },
  "occ_eval_res": {
    "precision": 9.1623,
    "recall": 1.1905,
    "f-score": 2.1072
  },
  "clean_eval": {
    "f-score": 0.6512536633018562,
    "precision": 0.3698224852071006,
    "recall": 2.7247956403269753,
    "tp": 10,
    "fp": 2694,
    "fn": 357
  },
  "jaccard": [
    0.5178571428571429
  ],
  "braycurtis": [
    0.7147720985657744
  ],
  "dice": [
    0.3493975903614458
  ],
  "cosinus": [
    0.08501392329185564
  ]
}