{
  "voc_eval_res": {
    "precision": 6.2216,
    "recall": 15.5256,
    "f-score": 8.8834
  },
  "KL_res": {
    "KL divergence": 1.0002059869290376,
    "Euclidean Dist.": 0.05589780766695794,
    "WER": 0.8603991560305766,
    "CER": 0.425046513688314,
    "Cosine Dist.": 0.14197212489554045
  },
  "occ_eval_res": {
    "precision": 29.2273,
    "recall": 30.2999,
    "f-score": 29.7539
  },
  "clean_eval": {
    "f-score": 8.395303669227136,
    "precision": 8.463573822543658,
    "recall": 8.328126084843436,
    "tp": 2399,
    "fp": 25946,
    "fn": 26407
  },
  "jaccard": [
    0.9432321575061526
  ],
  "braycurtis": [
    0.6831506824418879
  ],
  "dice": [
    0.8925632665735135
  ],
  "cosinus": [
    0.1312844720959021
  ]
}