{
  "voc_eval_res": {
    "precision": 36.9668,
    "recall": 8.945,
    "f-score": 14.4044
  },
  "KL_res": {
    "KL divergence": 3.2413608940898713,
    "Euclidean Dist.": 0.22010608597082043,
    "WER": 0.8551440329218107,
    "CER": 0.6264450176745964,
    "Cosine Dist.": 0.17226829931526277
  },
  "occ_eval_res": {
    "precision": 29.6199,
    "recall": 18.6008,
    "f-score": 22.8514
  },
  "clean_eval": {
    "f-score": 4.490861618798956,
    "precision": 3.710094909404659,
    "recall": 5.6878306878306875,
    "tp": 43,
    "fp": 1116,
    "fn": 713
  },
  "jaccard": [
    0.45098039215686275
  ],
  "braycurtis": [
    0.1797568189286888
  ],
  "dice": [
    0.2911392405063291
  ],
  "cosinus": [
    0.018059750530890817
  ]
}