{
  "voc_eval_res": {
    "precision": 15.3226,
    "recall": 1.5261,
    "f-score": 2.7757
  },
  "KL_res": {
    "KL divergence": 4.408919731329311,
    "Euclidean Dist.": 0.28475281198383245,
    "WER": 0.9739027283511269,
    "CER": 0.8057161737981167,
    "Cosine Dist.": 0.8382644777744896
  },
  "occ_eval_res": {
    "precision": 14.5946,
    "recall": 3.2028,
    "f-score": 5.2529
  },
  "clean_eval": {
    "f-score": 0.4291845493562232,
    "precision": 0.2664890073284477,
    "recall": 1.1019283746556474,
    "tp": 4,
    "fp": 1497,
    "fn": 359
  },
  "jaccard": [
    0.793074560178721
  ],
  "braycurtis": [
    0.6891642834445504
  ],
  "dice": [
    0.6571031929662193
  ],
  "cosinus": [
    0.4089220261707909
  ]
}