{
  "voc_eval_res": {
    "precision": 76.315,
    "recall": 67.4038,
    "f-score": 71.5831
  },
  "KL_res": {
    "KL divergence": 0.05845045248537186,
    "Euclidean Dist.": 0.011709585713120415,
    "WER": 0.50492000374482,
    "CER": 0.46975959833876446,
    "Cosine Dist.": 0.005001029503221011
  },
  "occ_eval_res": {
    "precision": 92.3556,
    "recall": 52.4344,
    "f-score": 66.8915
  },
  "clean_eval": {
    "f-score": 60.15897302410625,
    "precision": 47.10646019238895,
    "recall": 83.21726224454846,
    "tp": 94757,
    "fp": 106398,
    "fn": 19110
  },
  "jaccard": [
    0.4335265795421048
  ],
  "braycurtis": [
    0.3204656039140837
  ],
  "dice": [
    0.276753230460419
  ],
  "cosinus": [
    0.004241435298012575
  ]
}