{
  "voc_eval_res": {
    "precision": 31.6092,
    "recall": 2.7268,
    "f-score": 5.0205
  },
  "KL_res": {
    "KL divergence": 4.009740485186603,
    "Euclidean Dist.": 0.3249386217298326,
    "WER": 0.948672038197553,
    "CER": 0.797373358348968,
    "Cosine Dist.": 0.6877592196157989
  },
  "occ_eval_res": {
    "precision": 27.863,
    "recall": 7.0427,
    "f-score": 11.2434
  },
  "clean_eval": {
    "f-score": 1.0954165465552033,
    "precision": 0.6894049346879536,
    "recall": 2.664796633941094,
    "tp": 19,
    "fp": 2737,
    "fn": 694
  },
  "jaccard": [
    0.7962
  ],
  "braycurtis": [
    0.6714296373675571
  ],
  "dice": [
    0.661405549094534
  ],
  "cosinus": [
    0.4665194854889667
  ]
}