{
  "voc_eval_res": {
    "precision": 5.0279,
    "recall": 2.4129,
    "f-score": 3.2609
  },
  "KL_res": {
    "KL divergence": 4.577595703889193,
    "Euclidean Dist.": 0.16235762106118726,
    "WER": 0.969047619047619,
    "CER": 0.7882781828379136,
    "Cosine Dist.": 0.4167029440525605
  },
  "occ_eval_res": {
    "precision": 10.3359,
    "recall": 9.5238,
    "f-score": 9.9133
  },
  "clean_eval": {
    "f-score": 0.7731958762886598,
    "precision": 0.7371007371007371,
    "recall": 0.8130081300813009,
    "tp": 3,
    "fp": 404,
    "fn": 366
  },
  "jaccard": [
    0.6983112733911456
  ],
  "braycurtis": [
    0.4789798206278027
  ],
  "dice": [
    0.5364656381486677
  ],
  "cosinus": [
    0.23272279438869614
  ]
}