{
  "voc_eval_res": {
    "precision": 29.4686,
    "recall": 3.1266,
    "f-score": 5.6534
  },
  "KL_res": {
    "KL divergence": 3.8846510166545576,
    "Euclidean Dist.": 0.2799642541387011,
    "WER": 0.9528535980148883,
    "CER": 0.8453964064561973,
    "Cosine Dist.": 0.5332516370499136
  },
  "occ_eval_res": {
    "precision": 33.1839,
    "recall": 5.2464,
    "f-score": 9.0603
  },
  "clean_eval": {
    "f-score": 1.0526315789473681,
    "precision": 0.6160954948016942,
    "recall": 3.611738148984198,
    "tp": 16,
    "fp": 2581,
    "fn": 427
  },
  "jaccard": [
    0.40425531914893614
  ],
  "braycurtis": [
    0.6817218879755953
  ],
  "dice": [
    0.25333333333333335
  ],
  "cosinus": [
    0.026934498269557294
  ]
}