{
  "voc_eval_res": {
    "precision": 31.3725,
    "recall": 2.0143,
    "f-score": 3.7855
  },
  "KL_res": {
    "KL divergence": 3.897644406519514,
    "Euclidean Dist.": 0.16061866582924836,
    "WER": 0.977132262051916,
    "CER": 0.9201687835649135,
    "Cosine Dist.": 0.5851348904917357
  },
  "occ_eval_res": {
    "precision": 33.1967,
    "recall": 2.5031,
    "f-score": 4.6552
  },
  "clean_eval": {
    "f-score": 0.426829268292683,
    "precision": 0.23049061573921634,
    "recall": 2.880658436213992,
    "tp": 7,
    "fp": 3030,
    "fn": 236
  },
  "jaccard": [
    0.4166666666666667
  ],
  "braycurtis": [
    0.8376651209913104
  ],
  "dice": [
    0.2631578947368421
  ],
  "cosinus": [
    0.022387709215564544
  ]
}