{
  "voc_eval_res": {
    "precision": 45.4183,
    "recall": 15.261,
    "f-score": 22.8457
  },
  "KL_res": {
    "KL divergence": 2.1935069505095344,
    "Euclidean Dist.": 0.1662194353047854,
    "WER": 0.8011945392491467,
    "CER": 0.6038266133390985,
    "Cosine Dist.": 0.15285877497323208
  },
  "occ_eval_res": {
    "precision": 39.6917,
    "recall": 35.1536,
    "f-score": 37.2851
  },
  "clean_eval": {
    "f-score": 14.266117969821677,
    "precision": 13.48314606741573,
    "recall": 15.145631067961165,
    "tp": 156,
    "fp": 1001,
    "fn": 874
  },
  "jaccard": [
    0.4126984126984127
  ],
  "braycurtis": [
    0.07756172165173694
  ],
  "dice": [
    0.26
  ],
  "cosinus": [
    0.009578991173448959
  ]
}