{
  "voc_eval_res": {
    "precision": 7.947,
    "recall": 0.5979,
    "f-score": 1.1121
  },
  "KL_res": {
    "KL divergence": 3.3982516613522304,
    "Euclidean Dist.": 0.20496729880060507,
    "WER": 0.9927023945267959,
    "CER": 0.8242322947588994,
    "Cosine Dist.": 0.9042163284587262
  },
  "occ_eval_res": {
    "precision": 4.0197,
    "recall": 1.1174,
    "f-score": 1.7488
  },
  "clean_eval": {
    "f-score": 0.2584456341148237,
    "precision": 0.1661523854735343,
    "recall": 0.5813953488372093,
    "tp": 7,
    "fp": 4206,
    "fn": 1197
  },
  "jaccard": [
    0.8284154426101651
  ],
  "braycurtis": [
    0.6954639015107383
  ],
  "dice": [
    0.7070897592366582
  ],
  "cosinus": [
    0.35669786566972717
  ]
}