{
  "voc_eval_res": {
    "precision": 64.6365,
    "recall": 90.1763,
    "f-score": 75.2997
  },
  "KL_res": {
    "KL divergence": 0.10746320469941666,
    "Euclidean Dist.": 0.02687637043105277,
    "WER": 0.32895227126452353,
    "CER": 0.17733867555931612,
    "Cosine Dist.": 0.01303171212584009
  },
  "occ_eval_res": {
    "precision": 76.1097,
    "recall": 94.5022,
    "f-score": 84.3146
  },
  "clean_eval": {
    "f-score": 70.65864715119552,
    "precision": 83.79479971890372,
    "recall": 61.08293632498335,
    "tp": 23848,
    "fp": 4612,
    "fn": 15194
  },
  "jaccard": [
    0.36842754875339423
  ],
  "braycurtis": [
    0.14287136598964556
  ],
  "dice": [
    0.22581133217338678
  ],
  "cosinus": [
    0.012665592156069105
  ]
}