{
  "voc_eval_res": {
    "precision": 23.7179,
    "recall": 1.6066,
    "f-score": 3.0094
  },
  "KL_res": {
    "KL divergence": 4.5138389312258935,
    "Euclidean Dist.": 0.2196002926369086,
    "WER": 0.9823810722376038,
    "CER": 0.8944658325312801,
    "Cosine Dist.": 0.8333696165668585
  },
  "occ_eval_res": {
    "precision": 29.7376,
    "recall": 2.5673,
    "f-score": 4.7266
  },
  "clean_eval": {
    "f-score": 1.4822657490735838,
    "precision": 0.8059873344847437,
    "recall": 9.210526315789473,
    "tp": 28,
    "fp": 3446,
    "fn": 276
  },
  "jaccard": [
    0.9811885421120137
  ],
  "braycurtis": [
    0.9370520411343097
  ],
  "dice": [
    0.9630717582878724
  ],
  "cosinus": [
    0.6491292242394895
  ]
}