{
  "voc_eval_res": {
    "precision": 58.3022,
    "recall": 92.6822,
    "f-score": 71.578
  },
  "KL_res": {
    "KL divergence": 0.09412681217700501,
    "Euclidean Dist.": 0.02346990926418349,
    "WER": 0.3353796246868969,
    "CER": 0.21698300705555004,
    "Cosine Dist.": 0.016697205314978647
  },
  "occ_eval_res": {
    "precision": 75.0325,
    "recall": 96.019,
    "f-score": 84.2383
  },
  "clean_eval": {
    "f-score": 73.27336323027991,
    "precision": 86.04328753517629,
    "recall": 63.80402927592714,
    "tp": 41583,
    "fp": 6745,
    "fn": 23590
  },
  "jaccard": [
    0.41844044207941056
  ],
  "braycurtis": [
    0.15048269137006337
  ],
  "dice": [
    0.26457457133613715
  ],
  "cosinus": [
    0.020710470180032803
  ]
}