{
  "voc_eval_res": {
    "precision": 81.1765,
    "recall": 37.7049,
    "f-score": 51.4925
  },
  "KL_res": {
    "KL divergence": 3.142241677474175,
    "Euclidean Dist.": 0.29726208174467433,
    "WER": 0.6356589147286822,
    "CER": 0.7038252926063374,
    "Cosine Dist.": 0.5552253628375314
  },
  "occ_eval_res": {
    "precision": 83.6538,
    "recall": 40.4651,
    "f-score": 54.5455
  },
  "clean_eval": {
    "f-score": 18.967334035827186,
    "precision": 14.0625,
    "recall": 29.126213592233007,
    "tp": 90,
    "fp": 550,
    "fn": 219
  },
  "jaccard": [
    0.4804804804804805
  ],
  "braycurtis": [
    0.5325142978182589
  ],
  "dice": [
    0.31620553359683795
  ],
  "cosinus": [
    0.4625611220336251
  ]
}