{
  "voc_eval_res": {
    "precision": 12.6582,
    "recall": 1.7513,
    "f-score": 3.0769
  },
  "KL_res": {
    "KL divergence": 5.11292878919491,
    "Euclidean Dist.": 0.2857258643830793,
    "WER": 0.9802731411229135,
    "CER": 0.8187413641502324,
    "Cosine Dist.": 0.9484578061725157
  },
  "occ_eval_res": {
    "precision": 5.0336,
    "recall": 2.2762,
    "f-score": 3.1348
  },
  "clean_eval": {
    "f-score": 0.6756756756756757,
    "precision": 0.5050505050505051,
    "recall": 1.0204081632653061,
    "tp": 3,
    "fp": 591,
    "fn": 291
  },
  "jaccard": [
    0.4888888888888889
  ],
  "braycurtis": [
    0.562511966302891
  ],
  "dice": [
    0.3235294117647059
  ],
  "cosinus": [
    0.07648731575585599
  ]
}