{
  "voc_eval_res": {
    "precision": 6.338,
    "recall": 0.2422,
    "f-score": 0.4666
  },
  "KL_res": {
    "KL divergence": 3.610860116416358,
    "Euclidean Dist.": 0.21467342493684982,
    "WER": 0.9948372615039281,
    "CER": 0.9184467650270164,
    "Cosine Dist.": 0.9104088749670403
  },
  "occ_eval_res": {
    "precision": 6.4748,
    "recall": 0.6061,
    "f-score": 1.1084
  },
  "clean_eval": {
    "f-score": 0.22271714922048996,
    "precision": 0.12272950417280314,
    "recall": 1.201923076923077,
    "tp": 5,
    "fp": 4069,
    "fn": 411
  },
  "jaccard": [
    0.49056603773584906
  ],
  "braycurtis": [
    0.8195065574594241
  ],
  "dice": [
    0.325
  ],
  "cosinus": [
    0.09444829197027338
  ]
}