{
  "voc_eval_res": {
    "precision": 7.6923,
    "recall": 1.9608,
    "f-score": 3.125
  },
  "KL_res": {
    "KL divergence": 5.624844546967577,
    "Euclidean Dist.": 0.17078675015451014,
    "WER": 0.9775280898876404,
    "CER": 0.8027522935779816,
    "Cosine Dist.": 0.88018062940494
  },
  "occ_eval_res": {
    "precision": 7.1429,
    "recall": 2.6217,
    "f-score": 3.8356
  },
  "clean_eval": {
    "f-score": 2.808988764044944,
    "precision": 1.9083969465648856,
    "recall": 5.319148936170213,
    "tp": 5,
    "fp": 257,
    "fn": 89
  },
  "jaccard": [
    0.9839228295819936
  ],
  "braycurtis": [
    0.961218836565097
  ],
  "dice": [
    0.9683544303797469
  ],
  "cosinus": [
    0.931020811330745
  ]
}