{
  "voc_eval_res": {
    "precision": 68.3231,
    "recall": 68.2103,
    "f-score": 68.2667
  },
  "KL_res": {
    "KL divergence": 0.06293617744006016,
    "Euclidean Dist.": 0.010004375151333917,
    "WER": 0.638863101294496,
    "CER": 0.5647216428508033,
    "Cosine Dist.": 0.0033299442806470347
  },
  "occ_eval_res": {
    "precision": 91.1413,
    "recall": 59.0574,
    "f-score": 71.6726
  },
  "clean_eval": {
    "f-score": 52.664976352289436,
    "precision": 43.29194824244329,
    "recall": 67.21821984661864,
    "tp": 57848,
    "fp": 75775,
    "fn": 28212
  },
  "jaccard": [
    0.5002489213408563
  ],
  "braycurtis": [
    0.2720430385222537
  ],
  "dice": [
    0.33355463347164593
  ],
  "cosinus": [
    0.00868179050552953
  ]
}