{
  "voc_eval_res": {
    "precision": 85.1852,
    "recall": 28.0488,
    "f-score": 42.2018
  },
  "KL_res": {
    "KL divergence": 1.6934227315701147,
    "Euclidean Dist.": 0.17364855375066957,
    "WER": 0.6754850088183422,
    "CER": 0.6001756504555934,
    "Cosine Dist.": 0.04263391388536053
  },
  "occ_eval_res": {
    "precision": 89.2178,
    "recall": 37.2134,
    "f-score": 52.5202
  },
  "clean_eval": {
    "f-score": 36.144578313253014,
    "precision": 25.69882777276826,
    "recall": 60.89743589743589,
    "tp": 285,
    "fp": 824,
    "fn": 183
  },
  "jaccard": [
    0.4107142857142857
  ],
  "braycurtis": [
    0.3318748632684314
  ],
  "dice": [
    0.25842696629213485
  ],
  "cosinus": [
    0.009349154251732661
  ]
}