{
  "voc_eval_res": {
    "precision": 83.4532,
    "recall": 95.1636,
    "f-score": 88.9245
  },
  "KL_res": {
    "KL divergence": 0.012510653710701881,
    "Euclidean Dist.": 0.006624908817220955,
    "WER": 0.05473776313757785,
    "CER": 0.026258256420243386,
    "Cosine Dist.": 0.00120653886405786
  },
  "occ_eval_res": {
    "precision": 94.9915,
    "recall": 97.5436,
    "f-score": 96.2506
  },
  "clean_eval": {
    "f-score": 90.96290423809995,
    "precision": 92.37819196758048,
    "recall": 89.59032820592905,
    "tp": 68843,
    "fp": 5680,
    "fn": 7999
  },
  "jaccard": [
    0.20497669773635152
  ],
  "braycurtis": [
    0.040171672661263653
  ],
  "dice": [
    0.11419166396216793
  ],
  "cosinus": [
    0.0022684191303060652
  ]
}