{
  "voc_eval_res": {
    "precision": 36.3636,
    "recall": 0.2488,
    "f-score": 0.4943
  },
  "KL_res": {
    "KL divergence": 5.206907396195926,
    "Euclidean Dist.": 0.49659314943808697,
    "WER": 0.9934326445619094,
    "CER": 0.9554998731286476,
    "Cosine Dist.": 0.950298176342793
  },
  "occ_eval_res": {
    "precision": 23.9583,
    "recall": 0.7368,
    "f-score": 1.4297
  },
  "clean_eval": {
    "f-score": 1.1939280231963159,
    "precision": 0.6172839506172839,
    "recall": 18.134715025906736,
    "tp": 35,
    "fp": 5635,
    "fn": 158
  },
  "jaccard": [
    0.9732789258917994
  ],
  "braycurtis": [
    0.9262985493682733
  ],
  "dice": [
    0.9479487179487179
  ],
  "cosinus": [
    0.6080949765278117
  ]
}