{
  "voc_eval_res": {
    "precision": 81.9444,
    "recall": 20.9964,
    "f-score": 33.4278
  },
  "KL_res": {
    "KL divergence": 2.676978461250701,
    "Euclidean Dist.": 0.22851334855524644,
    "WER": 0.7296416938110749,
    "CER": 0.6390476190476191,
    "Cosine Dist.": 0.31746623730055923
  },
  "occ_eval_res": {
    "precision": 90.3553,
    "recall": 28.9902,
    "f-score": 43.8964
  },
  "clean_eval": {
    "f-score": 39.24528301886792,
    "precision": 25.9567387687188,
    "recall": 80.41237113402062,
    "tp": 156,
    "fp": 445,
    "fn": 38
  },
  "jaccard": [
    0.5872442839951865
  ],
  "braycurtis": [
    0.4491897366644159
  ],
  "dice": [
    0.41567291311754684
  ],
  "cosinus": [
    0.27569544584951
  ]
}