{
  "voc_eval_res": {
    "precision": 74.6988,
    "recall": 15.6171,
    "f-score": 25.8333
  },
  "KL_res": {
    "KL divergence": 3.502235650689728,
    "Euclidean Dist.": 0.3023479007739071,
    "WER": 0.7581187010078387,
    "CER": 0.6324546644232567,
    "Cosine Dist.": 0.4987463228131025
  },
  "occ_eval_res": {
    "precision": 79.5053,
    "recall": 25.196,
    "f-score": 38.2653
  },
  "clean_eval": {
    "f-score": 16.69535283993115,
    "precision": 11.022727272727273,
    "recall": 34.39716312056738,
    "tp": 97,
    "fp": 783,
    "fn": 185
  },
  "jaccard": [
    0.46551724137931033
  ],
  "braycurtis": [
    0.4014066817382567
  ],
  "dice": [
    0.30337078651685395
  ],
  "cosinus": [
    0.044819878106937217
  ]
}