{
  "voc_eval_res": {
    "precision": 18.3099,
    "recall": 0.3698,
    "f-score": 0.725
  },
  "KL_res": {
    "KL divergence": 4.470013447461381,
    "Euclidean Dist.": 0.2677819005323692,
    "WER": 0.9951228009057655,
    "CER": 0.9568603430171508,
    "Cosine Dist.": 0.9595998487562485
  },
  "occ_eval_res": {
    "precision": 15.3488,
    "recall": 0.5748,
    "f-score": 1.1081
  },
  "clean_eval": {
    "f-score": 0.07786645902277595,
    "precision": 0.04060089321965083,
    "recall": 0.9478672985781991,
    "tp": 2,
    "fp": 4924,
    "fn": 209
  },
  "jaccard": [
    0.9960685200786296
  ],
  "braycurtis": [
    0.9848612279226241
  ],
  "dice": [
    0.9921678321678322
  ],
  "cosinus": [
    0.8954805341223714
  ]
}