{
  "voc_eval_res": {
    "precision": 6.2176,
    "recall": 0.7444,
    "f-score": 1.3296
  },
  "KL_res": {
    "KL divergence": 4.2443335326106855,
    "Euclidean Dist.": 0.23418460992964737,
    "WER": 0.9860537190082644,
    "CER": 0.8406282183316169,
    "Cosine Dist.": 0.9041750177419353
  },
  "occ_eval_res": {
    "precision": 7.8,
    "recall": 2.0145,
    "f-score": 3.202
  },
  "clean_eval": {
    "f-score": 0.2533783783783784,
    "precision": 0.16042780748663102,
    "recall": 0.6024096385542169,
    "tp": 3,
    "fp": 1867,
    "fn": 495
  },
  "jaccard": [
    0.7973320851860519
  ],
  "braycurtis": [
    0.7451872063058966
  ],
  "dice": [
    0.6629694493092041
  ],
  "cosinus": [
    0.5092077766988594
  ]
}