{
  "voc_eval_res": {
    "precision": 14.3885,
    "recall": 0.527,
    "f-score": 1.0168
  },
  "KL_res": {
    "KL divergence": 3.6824693832157886,
    "Euclidean Dist.": 0.26997544081142094,
    "WER": 0.9946735056224107,
    "CER": 0.8792172561826753,
    "Cosine Dist.": 0.9560467295379523
  },
  "occ_eval_res": {
    "precision": 5.117,
    "recall": 0.6905,
    "f-score": 1.2168
  },
  "clean_eval": {
    "f-score": 0.22388059701492538,
    "precision": 0.12823252831801668,
    "recall": 0.881057268722467,
    "tp": 6,
    "fp": 4673,
    "fn": 675
  },
  "jaccard": [
    0.8558011049723757
  ],
  "braycurtis": [
    0.814680167722366
  ],
  "dice": [
    0.7479478512795751
  ],
  "cosinus": [
    0.4729698868736787
  ]
}