{
  "voc_eval_res": {
    "precision": 7.6271,
    "recall": 0.2557,
    "f-score": 0.4948
  },
  "KL_res": {
    "KL divergence": 3.6320233740345547,
    "Euclidean Dist.": 0.20594580361000167,
    "WER": 0.9939323220536757,
    "CER": 0.9384833228445564,
    "Cosine Dist.": 0.8349320116871657
  },
  "occ_eval_res": {
    "precision": 11.4286,
    "recall": 0.8401,
    "f-score": 1.5652
  },
  "clean_eval": {
    "f-score": 0.18148820326678766,
    "precision": 0.09739469198928659,
    "recall": 1.3289036544850499,
    "tp": 4,
    "fp": 4103,
    "fn": 297
  },
  "jaccard": [
    0.998282278843401
  ],
  "braycurtis": [
    0.9894661240124492
  ],
  "dice": [
    0.9965704486996285
  ],
  "cosinus": [
    0.8808882650808716
  ]
}