{
  "voc_eval_res": {
    "precision": 7.7263,
    "recall": 25.6879,
    "f-score": 11.8795
  },
  "KL_res": {
    "KL divergence": 1.232620336989808,
    "Euclidean Dist.": 0.12136011591534987,
    "WER": 1.1560475285606355,
    "CER": 0.5036085621538042,
    "Cosine Dist.": 0.494312756473126
  },
  "occ_eval_res": {
    "precision": 26.2819,
    "recall": 36.4248,
    "f-score": 30.533
  },
  "clean_eval": {
    "f-score": 14.786398993568048,
    "precision": 18.67141003266658,
    "recall": 12.239659724259313,
    "tp": 8345,
    "fp": 36349,
    "fn": 59835
  },
  "jaccard": [
    0.9278545826932924
  ],
  "braycurtis": [
    0.6569650375251693
  ],
  "dice": [
    0.8654185968766417
  ],
  "cosinus": [
    0.2629736541020167
  ]
}