{
  "voc_eval_res": {
    "precision": 74.2687,
    "recall": 94.2024,
    "f-score": 83.0562
  },
  "KL_res": {
    "KL divergence": 0.022745950884613418,
    "Euclidean Dist.": 0.008763534680880068,
    "WER": 0.09815897769114143,
    "CER": 0.05673154839669914,
    "Cosine Dist.": 0.0021746017963527597
  },
  "occ_eval_res": {
    "precision": 91.7156,
    "recall": 96.601,
    "f-score": 94.0949
  },
  "clean_eval": {
    "f-score": 84.61692739671078,
    "precision": 86.88220757825371,
    "recall": 82.46677091477717,
    "tp": 59066,
    "fp": 8918,
    "fn": 12558
  },
  "jaccard": [
    0.541175520749233
  ],
  "braycurtis": [
    0.07847730373909446
  ],
  "dice": [
    0.3709668492999059
  ],
  "cosinus": [
    0.0071105126538154595
  ]
}