{
  "voc_eval_res": {
    "precision": 18.5482,
    "recall": 44.1518,
    "f-score": 26.1224
  },
  "KL_res": {
    "KL divergence": 0.36026853709162754,
    "Euclidean Dist.": 0.040225532895317016,
    "WER": 0.48753941173929943,
    "CER": 0.15084159066582373,
    "Cosine Dist.": 0.06453799726088627
  },
  "occ_eval_res": {
    "precision": 58.8907,
    "recall": 59.8324,
    "f-score": 59.3578
  },
  "clean_eval": {
    "f-score": 49.077293844693244,
    "precision": 48.65716863644971,
    "recall": 49.50473729543497,
    "tp": 43681,
    "fp": 46092,
    "fn": 44555
  },
  "jaccard": [
    0.8291982349512946
  ],
  "braycurtis": [
    0.38116085463119287
  ],
  "dice": [
    0.7082311111111111
  ],
  "cosinus": [
    0.0572129768682369
  ]
}