{
  "voc_eval_res": {
    "precision": 26.3458,
    "recall": 52.3231,
    "f-score": 35.0454
  },
  "KL_res": {
    "KL divergence": 0.3584095300797995,
    "Euclidean Dist.": 0.03640034369888912,
    "WER": 0.3986533444225445,
    "CER": 0.11919522387803877,
    "Cosine Dist.": 0.051336028908782416
  },
  "occ_eval_res": {
    "precision": 66.6543,
    "recall": 69.4154,
    "f-score": 68.0068
  },
  "clean_eval": {
    "f-score": 59.779443329349924,
    "precision": 59.49711316397228,
    "recall": 60.06446573873306,
    "tp": 103049,
    "fp": 70151,
    "fn": 68515
  },
  "jaccard": [
    0.7101458546571137
  ],
  "braycurtis": [
    0.15779419093825545
  ],
  "dice": [
    0.55056291226504
  ],
  "cosinus": [
    0.022176183677031336
  ]
}