{
  "voc_eval_res": {
    "precision": 8.1021,
    "recall": 19.4444,
    "f-score": 11.4381
  },
  "KL_res": {
    "KL divergence": 0.9719383054517832,
    "Euclidean Dist.": 0.060288547994470434,
    "WER": 0.7894191766635023,
    "CER": 0.3433061930227454,
    "Cosine Dist.": 0.1701577397183498
  },
  "occ_eval_res": {
    "precision": 32.2975,
    "recall": 32.9191,
    "f-score": 32.6053
  },
  "clean_eval": {
    "f-score": 15.906408591998112,
    "precision": 16.063766388557806,
    "recall": 15.752103786816269,
    "tp": 5391,
    "fp": 28169,
    "fn": 28833
  },
  "jaccard": [
    0.9302772297788392
  ],
  "braycurtis": [
    0.6520835244122413
  ],
  "dice": [
    0.8696432904634798
  ],
  "cosinus": [
    0.1736621349523474
  ]
}