{
  "voc_eval_res": {
    "precision": 18.6232,
    "recall": 46.4872,
    "f-score": 26.593
  },
  "KL_res": {
    "KL divergence": 0.42451590080712853,
    "Euclidean Dist.": 0.050603121209791574,
    "WER": 1.1242484969939879,
    "CER": 0.7835746948740576,
    "Cosine Dist.": 0.10150022197833286
  },
  "occ_eval_res": {
    "precision": 51.752,
    "recall": 63.0186,
    "f-score": 56.8323
  },
  "clean_eval": {
    "f-score": 25.099811048705707,
    "precision": 27.80340421606163,
    "recall": 22.875413911211893,
    "tp": 24110,
    "fp": 62606,
    "fn": 81287
  },
  "jaccard": [
    0.8354649277659689
  ],
  "braycurtis": [
    0.404324816479827
  ],
  "dice": [
    0.717423586189828
  ],
  "cosinus": [
    0.049727915575885406
  ]
}