{
  "voc_eval_res": {
    "precision": 12.2507,
    "recall": 0.5693,
    "f-score": 1.0881
  },
  "KL_res": {
    "KL divergence": 3.094674594803906,
    "Euclidean Dist.": 0.26603722492303333,
    "WER": 0.9844462540716612,
    "CER": 0.8855246940477821,
    "Cosine Dist.": 0.8297966844614182
  },
  "occ_eval_res": {
    "precision": 15.2425,
    "recall": 2.1498,
    "f-score": 3.7682
  },
  "clean_eval": {
    "f-score": 0.3163555836760519,
    "precision": 0.1772421127259837,
    "recall": 1.4705882352941175,
    "tp": 20,
    "fp": 11264,
    "fn": 1340
  },
  "jaccard": [
    0.8543935411190386
  ],
  "braycurtis": [
    0.8017624851461201
  ],
  "dice": [
    0.7458002130623617
  ],
  "cosinus": [
    0.45741417128642425
  ]
}