{
  "voc_eval_res": {
    "precision": 35.3612,
    "recall": 4.6547,
    "f-score": 8.2264
  },
  "KL_res": {
    "KL divergence": 3.7805871278428116,
    "Euclidean Dist.": 0.15613848585199128,
    "WER": 0.9550949913644214,
    "CER": 0.8228789808917197,
    "Cosine Dist.": 0.8134713223058179
  },
  "occ_eval_res": {
    "precision": 29.368,
    "recall": 5.4577,
    "f-score": 9.2048
  },
  "clean_eval": {
    "f-score": 4.707339733663673,
    "precision": 2.803393581704168,
    "recall": 14.671814671814673,
    "tp": 76,
    "fp": 2635,
    "fn": 442
  },
  "jaccard": [
    0.7422848967913346
  ],
  "braycurtis": [
    0.6794311169234541
  ],
  "dice": [
    0.5901852453688657
  ],
  "cosinus": [
    0.17461638748326014
  ]
}