{
  "voc_eval_res": {
    "precision": 39.0244,
    "recall": 5.9613,
    "f-score": 10.3426
  },
  "KL_res": {
    "KL divergence": 3.974752453827753,
    "Euclidean Dist.": 0.14899569229774273,
    "WER": 0.9371909000989119,
    "CER": 0.8076132470498668,
    "Cosine Dist.": 0.6300986249344516
  },
  "occ_eval_res": {
    "precision": 37.963,
    "recall": 8.1108,
    "f-score": 13.3659
  },
  "clean_eval": {
    "f-score": 4.2972247090420765,
    "precision": 2.576489533011272,
    "recall": 12.93800539083558,
    "tp": 48,
    "fp": 1815,
    "fn": 323
  },
  "jaccard": [
    0.7482222222222222
  ],
  "braycurtis": [
    0.6465246037870244
  ],
  "dice": [
    0.5977276761938576
  ],
  "cosinus": [
    0.2277624363027393
  ]
}