{
  "voc_eval_res": {
    "precision": 81.694,
    "recall": 25.4036,
    "f-score": 38.7557
  },
  "KL_res": {
    "KL divergence": 1.8159709004551268,
    "Euclidean Dist.": 0.13636851515965107,
    "WER": 0.6399262332872291,
    "CER": 0.4627549703072554,
    "Cosine Dist.": 0.08488979110207495
  },
  "occ_eval_res": {
    "precision": 81.2197,
    "recall": 38.6814,
    "f-score": 52.4047
  },
  "clean_eval": {
    "f-score": 41.31063283006746,
    "precision": 30.575368521160247,
    "recall": 63.663366336633665,
    "tp": 643,
    "fp": 1460,
    "fn": 367
  },
  "jaccard": [
    0.48717948717948717
  ],
  "braycurtis": [
    0.22463085139805214
  ],
  "dice": [
    0.3220338983050847
  ],
  "cosinus": [
    0.01861919296602388
  ]
}