{
  "voc_eval_res": {
    "precision": 76.9231,
    "recall": 38.4615,
    "f-score": 51.2821
  },
  "KL_res": {
    "KL divergence": 2.420641972077068,
    "Euclidean Dist.": 0.2660357198132661,
    "WER": 0.5227272727272727,
    "CER": 0.5295698924731183,
    "Cosine Dist.": 0.11566666373930257
  },
  "occ_eval_res": {
    "precision": 78.5714,
    "recall": 50.0,
    "f-score": 61.1111
  },
  "clean_eval": {
    "f-score": 61.9718309859155,
    "precision": 51.162790697674424,
    "recall": 78.57142857142857,
    "tp": 22,
    "fp": 21,
    "fn": 6
  },
  "jaccard": [
    0.5804878048780487
  ],
  "braycurtis": [
    0.36995153473344106
  ],
  "dice": [
    0.40893470790378006
  ],
  "cosinus": [
    0.19157583105533638
  ]
}