{
  "voc_eval_res": {
    "precision": 79.4118,
    "recall": 48.7365,
    "f-score": 60.4027
  },
  "KL_res": {
    "KL divergence": 0.8091819814102332,
    "Euclidean Dist.": 0.06210171680037046,
    "WER": 0.3793103448275862,
    "CER": 0.3115638106650689,
    "Cosine Dist.": 0.03080739010964617
  },
  "occ_eval_res": {
    "precision": 83.6,
    "recall": 68.6371,
    "f-score": 75.3832
  },
  "clean_eval": {
    "f-score": 57.0363466915191,
    "precision": 52.3972602739726,
    "recall": 62.57668711656442,
    "tp": 306,
    "fp": 278,
    "fn": 183
  },
  "jaccard": [
    0.5276872964169381
  ],
  "braycurtis": [
    0.20905923344947736
  ],
  "dice": [
    0.3584070796460177
  ],
  "cosinus": [
    0.030235945811309173
  ]
}