{
  "voc_eval_res": {
    "precision": 40.3226,
    "recall": 3.2092,
    "f-score": 5.9453
  },
  "KL_res": {
    "KL divergence": 4.467139823290131,
    "Euclidean Dist.": 0.3263537438792236,
    "WER": 0.9588353413654619,
    "CER": 0.85097331442568,
    "Cosine Dist.": 0.470809290205807
  },
  "occ_eval_res": {
    "precision": 34.6369,
    "recall": 6.2249,
    "f-score": 10.5532
  },
  "clean_eval": {
    "f-score": 4.468275245755139,
    "precision": 2.6260504201680672,
    "recall": 14.97005988023952,
    "tp": 25,
    "fp": 927,
    "fn": 142
  },
  "jaccard": [
    0.35555555555555557
  ],
  "braycurtis": [
    0.6954964731416169
  ],
  "dice": [
    0.21621621621621623
  ],
  "cosinus": [
    0.04354466264101564
  ]
}