{
  "voc_eval_res": {
    "precision": 13.125,
    "recall": 0.665,
    "f-score": 1.2658
  },
  "KL_res": {
    "KL divergence": 3.4333760215566813,
    "Euclidean Dist.": 0.2414672514461888,
    "WER": 0.9884467265725289,
    "CER": 0.9036887250905059,
    "Cosine Dist.": 0.6730916348929504
  },
  "occ_eval_res": {
    "precision": 17.1285,
    "recall": 1.7458,
    "f-score": 3.1687
  },
  "clean_eval": {
    "f-score": 0.2909796314258002,
    "precision": 0.15923566878980894,
    "recall": 1.6853932584269662,
    "tp": 6,
    "fp": 3762,
    "fn": 350
  },
  "jaccard": [
    0.8267998492272899
  ],
  "braycurtis": [
    0.8254466858789625
  ],
  "dice": [
    0.7047389558232932
  ],
  "cosinus": [
    0.3610021570390918
  ]
}