{
  "voc_eval_res": {
    "precision": 11.1111,
    "recall": 2.5941,
    "f-score": 4.2062
  },
  "KL_res": {
    "KL divergence": 4.256597470268275,
    "Euclidean Dist.": 0.22699228544584346,
    "WER": 0.9813027744270205,
    "CER": 0.8051686217008798,
    "Cosine Dist.": 0.8855818734624014
  },
  "occ_eval_res": {
    "precision": 5.6191,
    "recall": 3.2569,
    "f-score": 4.1237
  },
  "clean_eval": {
    "f-score": 1.8494055482166447,
    "precision": 1.580135440180587,
    "recall": 2.229299363057325,
    "tp": 21,
    "fp": 1308,
    "fn": 921
  },
  "jaccard": [
    0.809147685525349
  ],
  "braycurtis": [
    0.5611628029227776
  ],
  "dice": [
    0.679469381459201
  ],
  "cosinus": [
    0.26513502836585934
  ]
}