{
  "voc_eval_res": {
    "precision": 75.0,
    "recall": 51.5464,
    "f-score": 61.0998
  },
  "KL_res": {
    "KL divergence": 1.2545787044153898,
    "Euclidean Dist.": 0.11845270376797017,
    "WER": 0.4695121951219512,
    "CER": 0.3654236230301139,
    "Cosine Dist.": 0.12543770117467146
  },
  "occ_eval_res": {
    "precision": 81.0,
    "recall": 59.2683,
    "f-score": 68.4507
  },
  "clean_eval": {
    "f-score": 49.78540772532189,
    "precision": 43.22981366459627,
    "recall": 58.68465430016864,
    "tp": 348,
    "fp": 457,
    "fn": 245
  },
  "jaccard": [
    0.5089820359281437
  ],
  "braycurtis": [
    0.27566171723692706
  ],
  "dice": [
    0.3413654618473896
  ],
  "cosinus": [
    0.16356365995690847
  ]
}