{
  "voc_eval_res": {
    "precision": 11.7647,
    "recall": 4.3344,
    "f-score": 6.3348
  },
  "KL_res": {
    "KL divergence": 4.9559688453462565,
    "Euclidean Dist.": 0.20556344570858204,
    "WER": 0.9623655913978495,
    "CER": 0.7201431825577611,
    "Cosine Dist.": 0.6589730468159988
  },
  "occ_eval_res": {
    "precision": 9.6774,
    "recall": 8.0645,
    "f-score": 8.7977
  },
  "clean_eval": {
    "f-score": 0.30441400304413996,
    "precision": 0.2762430939226519,
    "recall": 0.3389830508474576,
    "tp": 1,
    "fp": 361,
    "fn": 294
  },
  "jaccard": [
    0.665390924002187
  ],
  "braycurtis": [
    0.45051135378748486
  ],
  "dice": [
    0.4985661614092585
  ],
  "cosinus": [
    0.21290041454531117
  ]
}