{
  "voc_eval_res": {
    "precision": 9.7544,
    "recall": 21.3526,
    "f-score": 13.3913
  },
  "KL_res": {
    "KL divergence": 0.6051607025375207,
    "Euclidean Dist.": 0.06260436917881683,
    "WER": 0.7715785745536365,
    "CER": 0.29775154243287316,
    "Cosine Dist.": 0.14128187776833168
  },
  "occ_eval_res": {
    "precision": 34.9991,
    "recall": 34.8736,
    "f-score": 34.9362
  },
  "clean_eval": {
    "f-score": 19.07806012466683,
    "precision": 19.240902178336583,
    "recall": 18.91795130991492,
    "tp": 8983,
    "fp": 37704,
    "fn": 38501
  },
  "jaccard": [
    0.7410344419457924
  ],
  "braycurtis": [
    0.2914420979877453
  ],
  "dice": [
    0.5886058099088088
  ],
  "cosinus": [
    0.06588606888318249
  ]
}