{
  "voc_eval_res": {
    "precision": 17.5182,
    "recall": 1.084,
    "f-score": 2.0417
  },
  "KL_res": {
    "KL divergence": 3.8647253104654675,
    "Euclidean Dist.": 0.20970245722650943,
    "WER": 0.9811389191149801,
    "CER": 0.8946907690287565,
    "Cosine Dist.": 0.6427889932573
  },
  "occ_eval_res": {
    "precision": 18.8295,
    "recall": 2.6841,
    "f-score": 4.6984
  },
  "clean_eval": {
    "f-score": 0.13596193065941536,
    "precision": 0.0764525993883792,
    "recall": 0.6134969325153374,
    "tp": 2,
    "fp": 2614,
    "fn": 324
  },
  "jaccard": [
    0.8230162027420025
  ],
  "braycurtis": [
    0.8109805432479291
  ],
  "dice": [
    0.6992587363219203
  ],
  "cosinus": [
    0.26717706207631475
  ]
}