{
  "voc_eval_res": {
    "precision": 59.4118,
    "recall": 47.8673,
    "f-score": 53.0184
  },
  "KL_res": {
    "KL divergence": 1.371367177295063,
    "Euclidean Dist.": 0.07184326750771823,
    "WER": 0.6708074534161491,
    "CER": 0.5459459459459459,
    "Cosine Dist.": 0.07463716636858841
  },
  "occ_eval_res": {
    "precision": 64.311,
    "recall": 56.5217,
    "f-score": 60.1653
  },
  "clean_eval": {
    "f-score": 27.4442538593482,
    "precision": 25.88996763754045,
    "recall": 29.1970802919708,
    "tp": 80,
    "fp": 229,
    "fn": 194
  },
  "jaccard": [
    0.1951219512195122
  ],
  "braycurtis": [
    0.04450165502022802
  ],
  "dice": [
    0.10810810810810811
  ],
  "cosinus": [
    0.002708591243468894
  ]
}