{
  "voc_eval_res": {
    "precision": 60.396,
    "recall": 35.0575,
    "f-score": 44.3636
  },
  "KL_res": {
    "KL divergence": 2.0175591576515255,
    "Euclidean Dist.": 0.1497552065358259,
    "WER": 0.7854671280276817,
    "CER": 0.6509305492510213,
    "Cosine Dist.": 0.1867853046287854
  },
  "occ_eval_res": {
    "precision": 55.794,
    "recall": 44.9827,
    "f-score": 49.8084
  },
  "clean_eval": {
    "f-score": 29.411764705882355,
    "precision": 26.595744680851062,
    "recall": 32.89473684210527,
    "tp": 75,
    "fp": 207,
    "fn": 153
  },
  "jaccard": [
    0.5602409638554217
  ],
  "braycurtis": [
    0.2936580882352941
  ],
  "dice": [
    0.3891213389121339
  ],
  "cosinus": [
    0.07038586975738592
  ]
}