{
  "voc_eval_res": {
    "precision": 11.1111,
    "recall": 1.0238,
    "f-score": 1.8749
  },
  "KL_res": {
    "KL divergence": 3.477492350547662,
    "Euclidean Dist.": 0.26517798319190505,
    "WER": 0.9757311761045426,
    "CER": 0.8296183076465843,
    "Cosine Dist.": 0.6590121242764597
  },
  "occ_eval_res": {
    "precision": 9.3923,
    "recall": 2.821,
    "f-score": 4.3388
  },
  "clean_eval": {
    "f-score": 0.9533898305084745,
    "precision": 0.6367924528301887,
    "recall": 1.8960674157303372,
    "tp": 27,
    "fp": 4213,
    "fn": 1397
  },
  "jaccard": [
    0.8185473063521844
  ],
  "braycurtis": [
    0.7049666172724397
  ],
  "dice": [
    0.6928312159709619
  ],
  "cosinus": [
    0.3574941863039265
  ]
}