{
  "voc_eval_res": {
    "precision": 29.8611,
    "recall": 4.3544,
    "f-score": 7.6005
  },
  "KL_res": {
    "KL divergence": 3.78786942347822,
    "Euclidean Dist.": 0.19945857038550155,
    "WER": 0.9346117573090224,
    "CER": 0.7824264009738064,
    "Cosine Dist.": 0.5147888891580016
  },
  "occ_eval_res": {
    "precision": 29.8429,
    "recall": 7.1676,
    "f-score": 11.5589
  },
  "clean_eval": {
    "f-score": 3.1607629427792916,
    "precision": 1.990391214824983,
    "recall": 7.671957671957672,
    "tp": 58,
    "fp": 2856,
    "fn": 698
  },
  "jaccard": [
    0.9512423816221285
  ],
  "braycurtis": [
    0.8633921719109747
  ],
  "dice": [
    0.9070183281180152
  ],
  "cosinus": [
    0.6188281375602531
  ]
}