{
  "voc_eval_res": {
    "precision": 18.0645,
    "recall": 6.8796,
    "f-score": 9.9644
  },
  "KL_res": {
    "KL divergence": 4.044142095645675,
    "Euclidean Dist.": 0.20343443218947213,
    "WER": 0.8858350951374208,
    "CER": 0.667953667953668,
    "Cosine Dist.": 0.1349144006801295
  },
  "occ_eval_res": {
    "precision": 27.3092,
    "recall": 14.3763,
    "f-score": 18.8366
  },
  "clean_eval": {
    "f-score": 6.2857142857142865,
    "precision": 4.8034934497816595,
    "recall": 9.090909090909092,
    "tp": 22,
    "fp": 436,
    "fn": 220
  },
  "jaccard": [
    0.2894736842105263
  ],
  "braycurtis": [
    0.2669764652975566
  ],
  "dice": [
    0.16923076923076924
  ],
  "cosinus": [
    0.01781455299029089
  ]
}