{
  "voc_eval_res": {
    "precision": 16.2162,
    "recall": 1.1936,
    "f-score": 2.2236
  },
  "KL_res": {
    "KL divergence": 4.218933522350836,
    "Euclidean Dist.": 0.3837778738958471,
    "WER": 0.9586034912718204,
    "CER": 0.8758940321565486,
    "Cosine Dist.": 0.463193610520239
  },
  "occ_eval_res": {
    "precision": 24.8082,
    "recall": 4.8379,
    "f-score": 8.0968
  },
  "clean_eval": {
    "f-score": 0.8283479061205707,
    "precision": 0.5044843049327354,
    "recall": 2.313624678663239,
    "tp": 9,
    "fp": 1775,
    "fn": 380
  },
  "jaccard": [
    0.5
  ],
  "braycurtis": [
    0.7312445266128248
  ],
  "dice": [
    0.3333333333333333
  ],
  "cosinus": [
    0.07105859074980259
  ]
}