{
  "voc_eval_res": {
    "precision": 15.2381,
    "recall": 0.7256,
    "f-score": 1.3853
  },
  "KL_res": {
    "KL divergence": 4.144627655006433,
    "Euclidean Dist.": 0.38447068859495354,
    "WER": 0.9744537815126051,
    "CER": 0.8914074140967174,
    "Cosine Dist.": 0.6995733457802635
  },
  "occ_eval_res": {
    "precision": 25.2033,
    "recall": 3.1261,
    "f-score": 5.5622
  },
  "clean_eval": {
    "f-score": 0.3852327447833066,
    "precision": 0.21834061135371177,
    "recall": 1.6348773841961852,
    "tp": 6,
    "fp": 2742,
    "fn": 361
  },
  "jaccard": [
    0.5094339622641509
  ],
  "braycurtis": [
    0.7691366310054873
  ],
  "dice": [
    0.34177215189873417
  ],
  "cosinus": [
    0.0845839906538377
  ]
}