{
  "voc_eval_res": {
    "precision": 13.8889,
    "recall": 0.5899,
    "f-score": 1.1316
  },
  "KL_res": {
    "KL divergence": 3.941001554897612,
    "Euclidean Dist.": 0.33716603753533364,
    "WER": 0.9721274175199089,
    "CER": 0.8962137743577964,
    "Cosine Dist.": 0.5961943678310249
  },
  "occ_eval_res": {
    "precision": 29.9748,
    "recall": 3.3845,
    "f-score": 6.0823
  },
  "clean_eval": {
    "f-score": 0.4371584699453551,
    "precision": 0.24487297214569942,
    "recall": 2.035623409669211,
    "tp": 8,
    "fp": 3259,
    "fn": 385
  },
  "jaccard": [
    0.5423728813559322
  ],
  "braycurtis": [
    0.7834738617200675
  ],
  "dice": [
    0.37209302325581395
  ],
  "cosinus": [
    0.07298544513082572
  ]
}