{
  "voc_eval_res": {
    "precision": 25.1101,
    "recall": 8.4695,
    "f-score": 12.6667
  },
  "KL_res": {
    "KL divergence": 3.368849367481082,
    "Euclidean Dist.": 0.1523839628317608,
    "WER": 0.9019607843137255,
    "CER": 0.6947381362183428,
    "Cosine Dist.": 0.349662272861621
  },
  "occ_eval_res": {
    "precision": 26.8839,
    "recall": 16.1765,
    "f-score": 20.1989
  },
  "clean_eval": {
    "f-score": 2.3980815347721824,
    "precision": 1.9230769230769231,
    "recall": 3.1847133757961785,
    "tp": 15,
    "fp": 765,
    "fn": 456
  },
  "jaccard": [
    0.6258181818181818
  ],
  "braycurtis": [
    0.33263691986270705
  ],
  "dice": [
    0.4554114845197142
  ],
  "cosinus": [
    0.06517166593422785
  ]
}