{
  "voc_eval_res": {
    "precision": 19.0476,
    "recall": 0.695,
    "f-score": 1.3412
  },
  "KL_res": {
    "KL divergence": 4.172208879848187,
    "Euclidean Dist.": 0.24761862690690112,
    "WER": 0.9919354838709677,
    "CER": 0.9583109679728037,
    "Cosine Dist.": 0.809972559224627
  },
  "occ_eval_res": {
    "precision": 27.4194,
    "recall": 1.0968,
    "f-score": 2.1092
  },
  "clean_eval": {
    "f-score": 0.9299236134174693,
    "precision": 0.48476454293628807,
    "recall": 11.38211382113821,
    "tp": 14,
    "fp": 2874,
    "fn": 109
  },
  "jaccard": [
    0.9922178988326849
  ],
  "braycurtis": [
    0.9759818240830899
  ],
  "dice": [
    0.9845559845559846
  ],
  "cosinus": [
    0.824754697284191
  ]
}