{
  "voc_eval_res": {
    "precision": 19.8644,
    "recall": 56.3997,
    "f-score": 29.3807
  },
  "KL_res": {
    "KL divergence": 0.3355270677313608,
    "Euclidean Dist.": 0.03591099381913964,
    "WER": 1.779319466153661,
    "CER": 1.3481051797270345,
    "Cosine Dist.": 0.04585785300067957
  },
  "occ_eval_res": {
    "precision": 41.3203,
    "recall": 78.978,
    "f-score": 54.255
  },
  "clean_eval": {
    "f-score": 17.399887196841508,
    "precision": 25.79494872488503,
    "recall": 13.127495275403312,
    "tp": 10489,
    "fp": 30174,
    "fn": 69412
  },
  "jaccard": [
    0.830527817403709
  ],
  "braycurtis": [
    0.4463147313752634
  ],
  "dice": [
    0.7101732129787753
  ],
  "cosinus": [
    0.018733551520720093
  ]
}