{
  "voc_eval_res": {
    "precision": 72.619,
    "recall": 11.2546,
    "f-score": 19.4888
  },
  "KL_res": {
    "KL divergence": 1.4219340962958325,
    "Euclidean Dist.": 0.12446704053324213,
    "WER": 0.7823098075160403,
    "CER": 0.6683808279114697,
    "Cosine Dist.": 0.0695743725810305
  },
  "occ_eval_res": {
    "precision": 86.6962,
    "recall": 26.879,
    "f-score": 41.0355
  },
  "clean_eval": {
    "f-score": 9.839167455061494,
    "precision": 6.443618339529119,
    "recall": 20.8,
    "tp": 260,
    "fp": 3775,
    "fn": 990
  },
  "jaccard": [
    0.7389842505751194
  ],
  "braycurtis": [
    0.47524670542234726
  ],
  "dice": [
    0.5860230143137806
  ],
  "cosinus": [
    0.06200670450479706
  ]
}