{
  "voc_eval_res": {
    "precision": 16.2162,
    "recall": 0.9796,
    "f-score": 1.8476
  },
  "KL_res": {
    "KL divergence": 4.017751068616744,
    "Euclidean Dist.": 0.2775489080880526,
    "WER": 0.9829280910501811,
    "CER": 0.8729027166025919,
    "Cosine Dist.": 0.8932219370559484
  },
  "occ_eval_res": {
    "precision": 16.3476,
    "recall": 1.9141,
    "f-score": 3.427
  },
  "clean_eval": {
    "f-score": 0.2376910016977929,
    "precision": 0.13412531136232994,
    "recall": 1.0432190760059614,
    "tp": 7,
    "fp": 5212,
    "fn": 664
  },
  "jaccard": [
    0.5254237288135594
  ],
  "braycurtis": [
    0.7290143411945933
  ],
  "dice": [
    0.3563218390804598
  ],
  "cosinus": [
    0.037611491314801015
  ]
}