{
  "voc_eval_res": {
    "precision": 15.5,
    "recall": 1.1131,
    "f-score": 2.0771
  },
  "KL_res": {
    "KL divergence": 3.9238888672372076,
    "Euclidean Dist.": 0.2160931122017552,
    "WER": 0.9782057780030411,
    "CER": 0.8711111111111111,
    "Cosine Dist.": 0.7865887741549733
  },
  "occ_eval_res": {
    "precision": 17.1667,
    "recall": 2.6102,
    "f-score": 4.5315
  },
  "clean_eval": {
    "f-score": 0.49813200498131993,
    "precision": 0.29222676797194624,
    "recall": 1.6863406408094435,
    "tp": 10,
    "fp": 3412,
    "fn": 583
  },
  "jaccard": [
    0.5172413793103449
  ],
  "braycurtis": [
    0.7032593726090283
  ],
  "dice": [
    0.3488372093023256
  ],
  "cosinus": [
    0.04236630325898272
  ]
}