{
  "voc_eval_res": {
    "precision": 43.4343,
    "recall": 6.6052,
    "f-score": 11.4667
  },
  "KL_res": {
    "KL divergence": 3.971975512293107,
    "Euclidean Dist.": 0.1990577249251029,
    "WER": 0.9199029126213593,
    "CER": 0.7499048344118767,
    "Cosine Dist.": 0.798947116747801
  },
  "occ_eval_res": {
    "precision": 43.7037,
    "recall": 9.5469,
    "f-score": 15.6707
  },
  "clean_eval": {
    "f-score": 5.997109826589596,
    "precision": 3.7103263299061244,
    "recall": 15.630885122410545,
    "tp": 83,
    "fp": 2154,
    "fn": 448
  },
  "jaccard": [
    0.9325513196480938
  ],
  "braycurtis": [
    0.7841053973650659
  ],
  "dice": [
    0.8736263736263736
  ],
  "cosinus": [
    0.5421005571430788
  ]
}