{
  "voc_eval_res": {
    "precision": 14.2157,
    "recall": 0.6814,
    "f-score": 1.3004
  },
  "KL_res": {
    "KL divergence": 3.570871329369262,
    "Euclidean Dist.": 0.23278470388266131,
    "WER": 0.9874735016380806,
    "CER": 0.9062564883382933,
    "Cosine Dist.": 0.8660522845511243
  },
  "occ_eval_res": {
    "precision": 8.7302,
    "recall": 1.6959,
    "f-score": 2.8401
  },
  "clean_eval": {
    "f-score": 0.25062656641604014,
    "precision": 0.15171218032076292,
    "recall": 0.720164609053498,
    "tp": 7,
    "fp": 4607,
    "fn": 965
  },
  "jaccard": [
    0.5087719298245614
  ],
  "braycurtis": [
    0.7663166130051455
  ],
  "dice": [
    0.3411764705882353
  ],
  "cosinus": [
    0.07384686544914487
  ]
}