{
  "voc_eval_res": {
    "precision": 13.5266,
    "recall": 0.438,
    "f-score": 0.8485
  },
  "KL_res": {
    "KL divergence": 3.258001363338613,
    "Euclidean Dist.": 0.2339732153703552,
    "WER": 0.9893937567795589,
    "CER": 0.8923486986516149,
    "Cosine Dist.": 0.8353322788219608
  },
  "occ_eval_res": {
    "precision": 10.6654,
    "recall": 1.3137,
    "f-score": 2.3393
  },
  "clean_eval": {
    "f-score": 0.04487826769886682,
    "precision": 0.025287646984448093,
    "recall": 0.199203187250996,
    "tp": 2,
    "fp": 7907,
    "fn": 1002
  },
  "jaccard": [
    0.5087719298245614
  ],
  "braycurtis": [
    0.7605107654689941
  ],
  "dice": [
    0.3411764705882353
  ],
  "cosinus": [
    0.06890359641292709
  ]
}