{
  "voc_eval_res": {
    "precision": 87.234,
    "recall": 32.8,
    "f-score": 47.6744
  },
  "KL_res": {
    "KL divergence": 0.7597262147398331,
    "Euclidean Dist.": 0.23897804795985692,
    "WER": 0.30612244897959184,
    "CER": 0.27340823970037453,
    "Cosine Dist.": 0.0019054725362398495
  },
  "occ_eval_res": {
    "precision": 92.2414,
    "recall": 72.7891,
    "f-score": 81.3688
  },
  "clean_eval": {
    "f-score": 34.05336721728081,
    "precision": 30.52391799544419,
    "recall": 38.50574712643678,
    "tp": 134,
    "fp": 305,
    "fn": 214
  },
  "jaccard": [
    0.671875
  ],
  "braycurtis": [
    0.18238993710691823
  ],
  "dice": [
    0.5058823529411764
  ],
  "cosinus": [
    0.0034196338094206746
  ]
}