{
  "voc_eval_res": {
    "precision": 69.5942,
    "recall": 91.1619,
    "f-score": 78.9312
  },
  "KL_res": {
    "KL divergence": 0.05339294093315176,
    "Euclidean Dist.": 0.01955846129980612,
    "WER": 0.1414678072940117,
    "CER": 0.06344947455903881,
    "Cosine Dist.": 0.013756520074008183
  },
  "occ_eval_res": {
    "precision": 88.2826,
    "recall": 94.1198,
    "f-score": 91.1078
  },
  "clean_eval": {
    "f-score": 82.94882914137034,
    "precision": 86.458145000904,
    "recall": 79.71328554759125,
    "tp": 38256,
    "fp": 5992,
    "fn": 9736
  },
  "jaccard": [
    0.3571157974491729
  ],
  "braycurtis": [
    0.09154707919003043
  ],
  "dice": [
    0.21737125288239814
  ],
  "cosinus": [
    0.013100454176174003
  ]
}