{
  "voc_eval_res": {
    "precision": 58.7156,
    "recall": 50.3937,
    "f-score": 54.2373
  },
  "KL_res": {
    "KL divergence": 1.6763904006369619,
    "Euclidean Dist.": 0.09596566629486784,
    "WER": 0.7485029940119761,
    "CER": 0.5751222921034241,
    "Cosine Dist.": 0.16489947929548843
  },
  "occ_eval_res": {
    "precision": 56.6879,
    "recall": 53.2934,
    "f-score": 54.9383
  },
  "clean_eval": {
    "f-score": 43.278688524590166,
    "precision": 42.038216560509554,
    "recall": 44.5945945945946,
    "tp": 66,
    "fp": 91,
    "fn": 82
  },
  "jaccard": [
    0.5730994152046783
  ],
  "braycurtis": [
    0.37362637362637363
  ],
  "dice": [
    0.4016393442622951
  ],
  "cosinus": [
    0.15922349318931395
  ]
}