{
  "voc_eval_res": {
    "precision": 67.0564,
    "recall": 89.1792,
    "f-score": 76.5515
  },
  "KL_res": {
    "KL divergence": 0.027806732996835466,
    "Euclidean Dist.": 0.009635872416067821,
    "WER": 0.11676914400473185,
    "CER": 0.03255550992054437,
    "Cosine Dist.": 0.0023740968332253143
  },
  "occ_eval_res": {
    "precision": 90.2069,
    "recall": 92.722,
    "f-score": 91.4472
  },
  "clean_eval": {
    "f-score": 79.1620835131786,
    "precision": 80.43432128457239,
    "recall": 77.92946530147896,
    "tp": 56855,
    "fp": 13830,
    "fn": 16102
  },
  "jaccard": [
    0.369346332108039
  ],
  "braycurtis": [
    0.08615041116080875
  ],
  "dice": [
    0.22650200921297658
  ],
  "cosinus": [
    0.003548894716657758
  ]
}