{
  "voc_eval_res": {
    "precision": 34.5745,
    "recall": 3.4501,
    "f-score": 6.2741
  },
  "KL_res": {
    "KL divergence": 3.4883020546551817,
    "Euclidean Dist.": 0.23746471407250835,
    "WER": 0.937570093457944,
    "CER": 0.7866982669234187,
    "Cosine Dist.": 0.3734529791170451
  },
  "occ_eval_res": {
    "precision": 32.7116,
    "recall": 8.5234,
    "f-score": 13.5231
  },
  "clean_eval": {
    "f-score": 2.071563088512241,
    "precision": 1.319472211115554,
    "recall": 4.817518248175182,
    "tp": 33,
    "fp": 2468,
    "fn": 652
  },
  "jaccard": [
    0.41509433962264153
  ],
  "braycurtis": [
    0.5541222445650112
  ],
  "dice": [
    0.2619047619047619
  ],
  "cosinus": [
    0.028418883988174604
  ]
}