{
  "voc_eval_res": {
    "precision": 33.8028,
    "recall": 3.9506,
    "f-score": 7.0744
  },
  "KL_res": {
    "KL divergence": 3.4564555080471897,
    "Euclidean Dist.": 0.2790266354150635,
    "WER": 0.9124767225325885,
    "CER": 0.7623724244174851,
    "Cosine Dist.": 0.2817042973107179
  },
  "occ_eval_res": {
    "precision": 27.3098,
    "recall": 12.4767,
    "f-score": 17.1282
  },
  "clean_eval": {
    "f-score": 1.887640449438202,
    "precision": 1.4000000000000001,
    "recall": 2.896551724137931,
    "tp": 21,
    "fp": 1479,
    "fn": 704
  },
  "jaccard": [
    0.46153846153846156
  ],
  "braycurtis": [
    0.42965129358830145
  ],
  "dice": [
    0.3
  ],
  "cosinus": [
    0.03379672250080501
  ]
}