{
  "voc_eval_res": {
    "precision": 73.9377,
    "recall": 36.7606,
    "f-score": 49.1063
  },
  "KL_res": {
    "KL divergence": 2.3509347851715434,
    "Euclidean Dist.": 0.3103810112271949,
    "WER": 0.7146974063400576,
    "CER": 0.5138040042149631,
    "Cosine Dist.": 0.798690714120103
  },
  "occ_eval_res": {
    "precision": 75.5961,
    "recall": 31.0663,
    "f-score": 44.0359
  },
  "clean_eval": {
    "f-score": 33.86824324324324,
    "precision": 23.81235154394299,
    "recall": 58.62573099415205,
    "tp": 401,
    "fp": 1283,
    "fn": 283
  },
  "jaccard": [
    0.4492753623188406
  ],
  "braycurtis": [
    0.2519943108032898
  ],
  "dice": [
    0.2897196261682243
  ],
  "cosinus": [
    0.05875421833425354
  ]
}