{
  "voc_eval_res": {
    "precision": 77.6952,
    "recall": 35.7265,
    "f-score": 48.9461
  },
  "KL_res": {
    "KL divergence": 1.73697368587686,
    "Euclidean Dist.": 0.08424848316682697,
    "WER": 0.6269662921348315,
    "CER": 0.47606424450335255,
    "Cosine Dist.": 0.17575359426294346
  },
  "occ_eval_res": {
    "precision": 76.5286,
    "recall": 43.5955,
    "f-score": 55.5476
  },
  "clean_eval": {
    "f-score": 42.12860310421286,
    "precision": 33.13953488372093,
    "recall": 57.809330628803245,
    "tp": 285,
    "fp": 575,
    "fn": 208
  },
  "jaccard": [
    0.390625
  ],
  "braycurtis": [
    0.1734564548252761
  ],
  "dice": [
    0.24271844660194175
  ],
  "cosinus": [
    0.008418234247146494
  ]
}