{
  "voc_eval_res": {
    "precision": 12.0879,
    "recall": 0.4973,
    "f-score": 0.9553
  },
  "KL_res": {
    "KL divergence": 3.6135534968570076,
    "Euclidean Dist.": 0.2484226508422945,
    "WER": 0.9901614142966948,
    "CER": 0.9055603965992323,
    "Cosine Dist.": 0.8715896499963768
  },
  "occ_eval_res": {
    "precision": 12.8411,
    "recall": 1.2298,
    "f-score": 2.2447
  },
  "clean_eval": {
    "f-score": 0.12059089538739826,
    "precision": 0.0662361318099023,
    "recall": 0.6722689075630253,
    "tp": 4,
    "fp": 6035,
    "fn": 591
  },
  "jaccard": [
    0.9955614735907679
  ],
  "braycurtis": [
    0.9754356846473029
  ],
  "dice": [
    0.9911621741051702
  ],
  "cosinus": [
    0.741139677876674
  ]
}