{
  "voc_eval_res": {
    "precision": 7.0312,
    "recall": 2.9605,
    "f-score": 4.1667
  },
  "KL_res": {
    "KL divergence": 3.648642607544338,
    "Euclidean Dist.": 0.18257382663415092,
    "WER": 0.9194187582562747,
    "CER": 0.6778307174887892,
    "Cosine Dist.": 0.12240024581152009
  },
  "occ_eval_res": {
    "precision": 16.3447,
    "recall": 14.531,
    "f-score": 15.3846
  },
  "clean_eval": {
    "f-score": 0.8995502248875563,
    "precision": 0.8310249307479225,
    "recall": 0.9803921568627451,
    "tp": 6,
    "fp": 716,
    "fn": 606
  },
  "jaccard": [
    0.36585365853658536
  ],
  "braycurtis": [
    0.14478063540090771
  ],
  "dice": [
    0.22388059701492538
  ],
  "cosinus": [
    0.019283327820392326
  ]
}