{
  "voc_eval_res": {
    "precision": 79.3548,
    "recall": 39.172,
    "f-score": 52.452
  },
  "KL_res": {
    "KL divergence": 1.6780893762462574,
    "Euclidean Dist.": 0.13637334998191528,
    "WER": 0.5584192439862543,
    "CER": 0.47041006523765144,
    "Cosine Dist.": 0.22812195235382926
  },
  "occ_eval_res": {
    "precision": 82.3699,
    "recall": 48.9691,
    "f-score": 61.4224
  },
  "clean_eval": {
    "f-score": 42.10526315789474,
    "precision": 33.74340949033392,
    "recall": 55.97667638483965,
    "tp": 192,
    "fp": 377,
    "fn": 151
  },
  "jaccard": [
    0.48267564966313764
  ],
  "braycurtis": [
    0.2620246085011186
  ],
  "dice": [
    0.31810973675864257
  ],
  "cosinus": [
    0.07201481110779173
  ]
}