{
  "voc_eval_res": {
    "precision": 5.8065,
    "recall": 0.3791,
    "f-score": 0.7117
  },
  "KL_res": {
    "KL divergence": 3.793932061270541,
    "Euclidean Dist.": 0.1733720945546372,
    "WER": 0.9868421052631579,
    "CER": 0.9044127106651229,
    "Cosine Dist.": 0.7028790868850376
  },
  "occ_eval_res": {
    "precision": 11.5607,
    "recall": 1.462,
    "f-score": 2.5957
  },
  "clean_eval": {
    "f-score": 0.2666666666666667,
    "precision": 0.1505457282649605,
    "recall": 1.1661807580174928,
    "tp": 4,
    "fp": 2653,
    "fn": 339
  },
  "jaccard": [
    0.5094339622641509
  ],
  "braycurtis": [
    0.7918462301208955
  ],
  "dice": [
    0.34177215189873417
  ],
  "cosinus": [
    0.051842786830962106
  ]
}