{
  "voc_eval_res": {
    "precision": 28.49,
    "recall": 1.9869,
    "f-score": 3.7147
  },
  "KL_res": {
    "KL divergence": 2.7786588390136924,
    "Euclidean Dist.": 0.24958522819045803,
    "WER": 0.9452987143937485,
    "CER": 0.8189459590136497,
    "Cosine Dist.": 0.4399615619494557
  },
  "occ_eval_res": {
    "precision": 32.9099,
    "recall": 7.1843,
    "f-score": 11.7939
  },
  "clean_eval": {
    "f-score": 2.4544263076373167,
    "precision": 1.4645243850419452,
    "recall": 7.573529411764706,
    "tp": 103,
    "fp": 6930,
    "fn": 1257
  },
  "jaccard": [
    0.8204145077720207
  ],
  "braycurtis": [
    0.6857356762231911
  ],
  "dice": [
    0.6955108495124308
  ],
  "cosinus": [
    0.3544535947303381
  ]
}