{
  "voc_eval_res": {
    "precision": 24.1015,
    "recall": 2.86,
    "f-score": 5.1133
  },
  "KL_res": {
    "KL divergence": 3.1346458022456263,
    "Euclidean Dist.": 0.28861017591905336,
    "WER": 0.9237389116907189,
    "CER": 0.7448635072260881,
    "Cosine Dist.": 0.5827579891366348
  },
  "occ_eval_res": {
    "precision": 26.6165,
    "recall": 9.3738,
    "f-score": 13.8647
  },
  "clean_eval": {
    "f-score": 1.9945412555112323,
    "precision": 1.3657274295572168,
    "recall": 3.6964980544747084,
    "tp": 95,
    "fp": 6861,
    "fn": 2475
  },
  "jaccard": [
    0.739093842053584
  ],
  "braycurtis": [
    0.5660863026376678
  ],
  "dice": [
    0.586160863277339
  ],
  "cosinus": [
    0.29512715572790094
  ]
}