{
  "voc_eval_res": {
    "precision": 62.5197,
    "recall": 54.6832,
    "f-score": 58.3395
  },
  "KL_res": {
    "KL divergence": 0.5438392665917052,
    "Euclidean Dist.": 0.059817127174565866,
    "WER": 0.551958224543081,
    "CER": 0.43680277266327305,
    "Cosine Dist.": 0.022665314274725845
  },
  "occ_eval_res": {
    "precision": 78.5512,
    "recall": 72.4804,
    "f-score": 75.3938
  },
  "clean_eval": {
    "f-score": 45.90747330960854,
    "precision": 44.1025641025641,
    "recall": 47.86641929499073,
    "tp": 774,
    "fp": 981,
    "fn": 843
  },
  "jaccard": [
    0.2886017229953612
  ],
  "braycurtis": [
    0.08326607853505134
  ],
  "dice": [
    0.1686350435624395
  ],
  "cosinus": [
    0.004573824117937608
  ]
}