{
  "voc_eval_res": {
    "precision": 6.3158,
    "recall": 0.655,
    "f-score": 1.1869
  },
  "KL_res": {
    "KL divergence": 4.569996497794705,
    "Euclidean Dist.": 0.1994460150351118,
    "WER": 0.987987987987988,
    "CER": 0.8506083294337857,
    "Cosine Dist.": 0.8267602678311907
  },
  "occ_eval_res": {
    "precision": 7.6923,
    "recall": 1.8018,
    "f-score": 2.9197
  },
  "clean_eval": {
    "f-score": 0.1697792869269949,
    "precision": 0.10570824524312897,
    "recall": 0.43103448275862066,
    "tp": 1,
    "fp": 945,
    "fn": 231
  },
  "jaccard": [
    0.9959432048681541
  ],
  "braycurtis": [
    0.9752066115702479
  ],
  "dice": [
    0.9919191919191919
  ],
  "cosinus": [
    0.9057836200006276
  ]
}