{
  "voc_eval_res": {
    "precision": 13.1783,
    "recall": 0.6528,
    "f-score": 1.2441
  },
  "KL_res": {
    "KL divergence": 4.330504507053252,
    "Euclidean Dist.": 0.3085127787983298,
    "WER": 0.9868632707774799,
    "CER": 0.8914004145320872,
    "Cosine Dist.": 0.9126799418193077
  },
  "occ_eval_res": {
    "precision": 15.0685,
    "recall": 1.7694,
    "f-score": 3.167
  },
  "clean_eval": {
    "f-score": 0.10432968179447054,
    "precision": 0.058806233460746836,
    "recall": 0.4618937644341801,
    "tp": 2,
    "fp": 3399,
    "fn": 431
  },
  "jaccard": [
    0.5
  ],
  "braycurtis": [
    0.7598694277262062
  ],
  "dice": [
    0.3333333333333333
  ],
  "cosinus": [
    0.10261967456303933
  ]
}