{
  "voc_eval_res": {
    "precision": 32.4042,
    "recall": 8.9682,
    "f-score": 14.0483
  },
  "KL_res": {
    "KL divergence": 2.7433638772759568,
    "Euclidean Dist.": 0.11984707891091625,
    "WER": 0.8752528658125421,
    "CER": 0.7074960393562911,
    "Cosine Dist.": 0.0934601201006744
  },
  "occ_eval_res": {
    "precision": 42.8157,
    "recall": 19.8921,
    "f-score": 27.1639
  },
  "clean_eval": {
    "f-score": 2.9397818871503087,
    "precision": 2.1497919556171983,
    "recall": 4.6476761619190405,
    "tp": 31,
    "fp": 1411,
    "fn": 636
  },
  "jaccard": [
    0.23809523809523808
  ],
  "braycurtis": [
    0.3624747814391392
  ],
  "dice": [
    0.13513513513513514
  ],
  "cosinus": [
    0.006718947033510836
  ]
}