{
  "voc_eval_res": {
    "precision": 40.9091,
    "recall": 2.11,
    "f-score": 4.013
  },
  "KL_res": {
    "KL divergence": 3.834953116209883,
    "Euclidean Dist.": 0.20955893546509563,
    "WER": 0.9692966797572296,
    "CER": 0.8872677890558351,
    "Cosine Dist.": 0.7679965139428755
  },
  "occ_eval_res": {
    "precision": 49.4312,
    "recall": 4.2663,
    "f-score": 7.8547
  },
  "clean_eval": {
    "f-score": 2.6479029719470417,
    "precision": 1.4444444444444444,
    "recall": 15.871254162042176,
    "tp": 143,
    "fp": 9757,
    "fn": 758
  },
  "jaccard": [
    0.43103448275862066
  ],
  "braycurtis": [
    0.7663885930659093
  ],
  "dice": [
    0.27472527472527475
  ],
  "cosinus": [
    0.05620101615274853
  ]
}