{
  "Cohen's Kappa": 0.6028853188878935,
  "Fleiss's Kappa": 0.5869873193286814,
  "Krippendorf's Alpha": 0.5867955343759089
}