{
  "voc_eval_res": {
    "precision": 82.8753,
    "recall": 41.7021,
    "f-score": 55.4848
  },
  "KL_res": {
    "KL divergence": 0.8561770719168199,
    "Euclidean Dist.": 0.20207890081910873,
    "WER": 0.4666838178543864,
    "CER": 0.31795663120279377,
    "Cosine Dist.": 0.21576113864809232
  },
  "occ_eval_res": {
    "precision": 85.6391,
    "recall": 58.6056,
    "f-score": 69.5891
  },
  "clean_eval": {
    "f-score": 40.497951465490075,
    "precision": 34.03072033898305,
    "recall": 50.0,
    "tp": 1285,
    "fp": 2491,
    "fn": 1285
  },
  "jaccard": [
    0.44
  ],
  "braycurtis": [
    0.11730398175758638
  ],
  "dice": [
    0.28205128205128205
  ],
  "cosinus": [
    0.016024718225694956
  ]
}