{
  "voc_eval_res": {
    "precision": 83.4197,
    "recall": 43.9891,
    "f-score": 57.6029
  },
  "KL_res": {
    "KL divergence": 0.6600474508970691,
    "Euclidean Dist.": 0.08081394389127622,
    "WER": 0.3714165261382799,
    "CER": 0.26226001097092705,
    "Cosine Dist.": 0.021842305475765156
  },
  "occ_eval_res": {
    "precision": 84.8608,
    "recall": 70.6577,
    "f-score": 77.1107
  },
  "clean_eval": {
    "f-score": 54.53677172874879,
    "precision": 49.9781181619256,
    "recall": 60.010509721492376,
    "tp": 1142,
    "fp": 1143,
    "fn": 761
  },
  "jaccard": [
    0.4931506849315068
  ],
  "braycurtis": [
    0.060310498066601256
  ],
  "dice": [
    0.32727272727272727
  ],
  "cosinus": [
    0.0024498533594120575
  ]
}