{
  "voc_eval_res": {
    "precision": 8.0645,
    "recall": 0.6711,
    "f-score": 1.2392
  },
  "KL_res": {
    "KL divergence": 4.3735374828250295,
    "Euclidean Dist.": 0.2752395325951525,
    "WER": 0.9948979591836735,
    "CER": 0.834675615212528,
    "Cosine Dist.": 0.9735042568478229
  },
  "occ_eval_res": {
    "precision": 2.973,
    "recall": 0.6236,
    "f-score": 1.0309
  },
  "clean_eval": {
    "f-score": 0.39980009995002497,
    "precision": 0.2442002442002442,
    "recall": 1.1019283746556474,
    "tp": 4,
    "fp": 1634,
    "fn": 359
  },
  "jaccard": [
    0.9929712460063898
  ],
  "braycurtis": [
    0.9882869692532943
  ],
  "dice": [
    0.9860406091370558
  ],
  "cosinus": [
    0.9844826914223817
  ]
}