{
  "voc_eval_res": {
    "precision": 74.1935,
    "recall": 11.6162,
    "f-score": 20.0873
  },
  "KL_res": {
    "KL divergence": 4.789631870266497,
    "Euclidean Dist.": 0.5138034631356845,
    "WER": 0.8464646464646465,
    "CER": 0.6929502852485737,
    "Cosine Dist.": 0.5738647369811241
  },
  "occ_eval_res": {
    "precision": 81.592,
    "recall": 16.5657,
    "f-score": 27.5399
  },
  "clean_eval": {
    "f-score": 12.345679012345679,
    "precision": 7.478632478632479,
    "recall": 35.35353535353536,
    "tp": 70,
    "fp": 866,
    "fn": 128
  },
  "jaccard": [
    0.7206335239771228
  ],
  "braycurtis": [
    0.5214243498817966
  ],
  "dice": [
    0.563273727647868
  ],
  "cosinus": [
    0.4768508621073435
  ]
}