{
  "voc_eval_res": {
    "precision": 77.0492,
    "recall": 14.0299,
    "f-score": 23.7374
  },
  "KL_res": {
    "KL divergence": 4.262597065978415,
    "Euclidean Dist.": 0.5759982050239223,
    "WER": 0.7935409457900807,
    "CER": 0.5947641713543921,
    "Cosine Dist.": 0.3354916734741453
  },
  "occ_eval_res": {
    "precision": 81.3853,
    "recall": 21.684,
    "f-score": 34.2441
  },
  "clean_eval": {
    "f-score": 11.40754369825207,
    "precision": 7.217694994179278,
    "recall": 27.192982456140353,
    "tp": 62,
    "fp": 797,
    "fn": 166
  },
  "jaccard": [
    0.6832421680755842
  ],
  "braycurtis": [
    0.43781240811526023
  ],
  "dice": [
    0.5188821752265861
  ],
  "cosinus": [
    0.31384182288486506
  ]
}