{
  "voc_eval_res": {
    "precision": 37.037,
    "recall": 9.8814,
    "f-score": 15.6006
  },
  "KL_res": {
    "KL divergence": 3.4955793484389583,
    "Euclidean Dist.": 0.17009634688321745,
    "WER": 0.8561354019746121,
    "CER": 0.6847133757961783,
    "Cosine Dist.": 0.238515622481982
  },
  "occ_eval_res": {
    "precision": 39.2655,
    "recall": 19.6051,
    "f-score": 26.1524
  },
  "clean_eval": {
    "f-score": 7.707910750507098,
    "precision": 5.855161787365177,
    "recall": 11.275964391691394,
    "tp": 38,
    "fp": 611,
    "fn": 299
  },
  "jaccard": [
    0.6718052738336714
  ],
  "braycurtis": [
    0.4675006131959774
  ],
  "dice": [
    0.5058032987171656
  ],
  "cosinus": [
    0.16464198143563602
  ]
}