{
  "voc_eval_res": {
    "precision": 76.9231,
    "recall": 43.4783,
    "f-score": 55.5556
  },
  "KL_res": {
    "KL divergence": 2.02952579462925,
    "Euclidean Dist.": 0.24268071192731197,
    "WER": 0.5,
    "CER": 0.5017921146953405,
    "Cosine Dist.": 0.09069416638359828
  },
  "occ_eval_res": {
    "precision": 75.0,
    "recall": 58.3333,
    "f-score": 65.625
  },
  "clean_eval": {
    "f-score": 65.62499999999999,
    "precision": 58.333333333333336,
    "recall": 75.0,
    "tp": 21,
    "fp": 15,
    "fn": 7
  },
  "jaccard": [
    0.5882352941176471
  ],
  "braycurtis": [
    0.375
  ],
  "dice": [
    0.4166666666666667
  ],
  "cosinus": [
    0.20384750803532237
  ]
}