{
  "voc_eval_res": {
    "precision": 16.9492,
    "recall": 71.4286,
    "f-score": 27.3973
  },
  "KL_res": {
    "KL divergence": 1.7846179918916414,
    "Euclidean Dist.": 0.4332499408793322,
    "WER": 3.5384615384615383,
    "CER": 4.02020202020202,
    "Cosine Dist.": 0.45840161867466944
  },
  "occ_eval_res": {
    "precision": 17.2727,
    "recall": 73.0769,
    "f-score": 27.9412
  },
  "clean_eval": {
    "f-score": 29.92125984251968,
    "precision": 73.07692307692307,
    "recall": 18.81188118811881,
    "tp": 19,
    "fp": 7,
    "fn": 82
  },
  "jaccard": [
    0.7398648648648649
  ],
  "braycurtis": [
    0.7055837563451777
  ],
  "dice": [
    0.5871313672922251
  ],
  "cosinus": [
    0.3922388840655062
  ]
}