{
  "voc_eval_res": {
    "precision": 2.8571,
    "recall": 20.0,
    "f-score": 5.0
  },
  "KL_res": {
    "KL divergence": 6.0501447391801895,
    "Euclidean Dist.": 0.5905469907630718,
    "WER": 9.166666666666666,
    "CER": 16.714285714285715,
    "Cosine Dist.": 0.8958841587409293
  },
  "occ_eval_res": {
    "precision": 1.7857,
    "recall": 16.6667,
    "f-score": 3.2258
  },
  "clean_eval": {
    "f-score": 3.4482758620689653,
    "precision": 20.0,
    "recall": 1.8867924528301887,
    "tp": 1,
    "fp": 4,
    "fn": 52
  },
  "jaccard": [
    0.9267015706806283
  ],
  "braycurtis": [
    0.9305019305019305
  ],
  "dice": [
    0.8634146341463415
  ],
  "cosinus": [
    0.6456874429644397
  ]
}