{
  "voc_eval_res": {
    "precision": 33.3333,
    "recall": 20.0,
    "f-score": 25.0
  },
  "KL_res": {
    "KL divergence": 4.860368877527783,
    "Euclidean Dist.": 0.5773502691896257,
    "WER": 0.8333333333333334,
    "CER": 1.0,
    "Cosine Dist.": 0.42264973081037416
  },
  "occ_eval_res": {
    "precision": 33.3333,
    "recall": 16.6667,
    "f-score": 22.2222
  },
  "clean_eval": {
    "f-score": 25.0,
    "precision": 20.0,
    "recall": 33.33333333333333,
    "tp": 1,
    "fp": 4,
    "fn": 2
  },
  "jaccard": [
    0.8695652173913043
  ],
  "braycurtis": [
    0.6833333333333333
  ],
  "dice": [
    0.7692307692307693
  ],
  "cosinus": [
    0.529923551953863
  ]
}