{
  "voc_eval_res": {
    "precision": 2.8571,
    "recall": 50.0,
    "f-score": 5.4054
  },
  "KL_res": {
    "KL divergence": 4.482838078195259,
    "Euclidean Dist.": 0.9957925944474896,
    "WER": 18.333333333333332,
    "CER": 17.296296296296298,
    "Cosine Dist.": 0.8797773820443424
  },
  "occ_eval_res": {
    "precision": 1.7857,
    "recall": 33.3333,
    "f-score": 3.3898
  },
  "clean_eval": {
    "f-score": 3.571428571428571,
    "precision": 33.33333333333333,
    "recall": 1.8867924528301887,
    "tp": 1,
    "fp": 2,
    "fn": 52
  },
  "jaccard": [
    0.9043715846994536
  ],
  "braycurtis": [
    0.90715667311412
  ],
  "dice": [
    0.8254364089775561
  ],
  "cosinus": [
    0.7537333896606694
  ]
}