{
  "voc_eval_res": {
    "precision": 0,
    "recall": 0,
    "f-score": 0
  },
  "KL_res": {
    "KL divergence": 8.505076473958615,
    "Euclidean Dist.": 0.355451168632692,
    "WER": 1.435897435897436,
    "CER": 1.0396600566572238,
    "Cosine Dist.": 1.0
  },
  "occ_eval_res": {
    "precision": 0,
    "recall": 0,
    "f-score": 0
  },
  "clean_eval": {
    "f-score": 0.0,
    "precision": 0.0,
    "recall": 0.0,
    "tp": 0,
    "fp": 37,
    "fn": 53
  },
  "jaccard": [
    0.8307692307692308
  ],
  "braycurtis": [
    0.7781731909845789
  ],
  "dice": [
    0.7105263157894737
  ],
  "cosinus": [
    0.7161035673986504
  ]
}