{
  "voc_eval_res": {
    "precision": 66.6667,
    "recall": 100.0,
    "f-score": 80.0
  },
  "KL_res": {
    "KL divergence": 0.2797171818072676,
    "Euclidean Dist.": 0.5773502691896257,
    "WER": 0.3333333333333333,
    "CER": 0.3333333333333333,
    "Cosine Dist.": 0.15147186257614298
  },
  "occ_eval_res": {
    "precision": 66.6667,
    "recall": 66.6667,
    "f-score": 66.6667
  },
  "clean_eval": {
    "f-score": 66.66666666666666,
    "precision": 66.66666666666666,
    "recall": 66.66666666666666,
    "tp": 2,
    "fp": 1,
    "fn": 1
  },
  "jaccard": [
    0.3898305084745763
  ],
  "braycurtis": [
    0.2542372881355932
  ],
  "dice": [
    0.24210526315789474
  ],
  "cosinus": [
    0.16997208012629095
  ]
}