{
  "voc_eval_res": {
    "precision": 6.0289,
    "recall": 19.0652,
    "f-score": 9.1609
  },
  "KL_res": {
    "KL divergence": 1.0055922581620955,
    "Euclidean Dist.": 0.08719196853520254,
    "WER": 0.9557866233414568,
    "CER": 0.405137269146555,
    "Cosine Dist.": 0.2768972786342806
  },
  "occ_eval_res": {
    "precision": 29.3165,
    "recall": 34.9039,
    "f-score": 31.8671
  },
  "clean_eval": {
    "f-score": 14.737892869949508,
    "precision": 16.602434630711283,
    "recall": 13.249862770211987,
    "tp": 15207,
    "fp": 76388,
    "fn": 99564
  },
  "jaccard": [
    0.8115303983228511
  ],
  "braycurtis": [
    0.347720398514723
  ],
  "dice": [
    0.6828364790968425
  ],
  "cosinus": [
    0.09024169630873424
  ]
}