{
  "voc_eval_res": {
    "precision": 24.4681,
    "recall": 7.1875,
    "f-score": 11.1111
  },
  "KL_res": {
    "KL divergence": 4.340636875442014,
    "Euclidean Dist.": 0.16965249104286287,
    "WER": 0.9036827195467422,
    "CER": 0.7175305765870704,
    "Cosine Dist.": 0.4438453333509591
  },
  "occ_eval_res": {
    "precision": 29.1391,
    "recall": 12.4646,
    "f-score": 17.4603
  },
  "clean_eval": {
    "f-score": 12.058212058212058,
    "precision": 8.529411764705882,
    "recall": 20.56737588652482,
    "tp": 29,
    "fp": 311,
    "fn": 112
  },
  "jaccard": [
    0.9458762886597938
  ],
  "braycurtis": [
    0.8403193612774451
  ],
  "dice": [
    0.8973105134474327
  ],
  "cosinus": [
    0.6175593254304436
  ]
}