{
  "voc_eval_res": {
    "precision": 28.2051,
    "recall": 3.9711,
    "f-score": 6.962
  },
  "KL_res": {
    "KL divergence": 4.530624832838081,
    "Euclidean Dist.": 0.23968891533917366,
    "WER": 0.9393019726858877,
    "CER": 0.8157467532467533,
    "Cosine Dist.": 0.4712994714814036
  },
  "occ_eval_res": {
    "precision": 29.7297,
    "recall": 8.346,
    "f-score": 13.0332
  },
  "clean_eval": {
    "f-score": 9.689440993788818,
    "precision": 6.270096463022508,
    "recall": 21.311475409836063,
    "tp": 39,
    "fp": 583,
    "fn": 144
  },
  "jaccard": [
    0.9635157545605307
  ],
  "braycurtis": [
    0.8603550295857988
  ],
  "dice": [
    0.9296
  ],
  "cosinus": [
    0.5430423100237501
  ]
}