{
  "voc_eval_res": {
    "precision": 23.5154,
    "recall": 4.5961,
    "f-score": 7.6893
  },
  "KL_res": {
    "KL divergence": 3.407268005657121,
    "Euclidean Dist.": 0.16242015532830417,
    "WER": 0.9380308273041837,
    "CER": 0.7241784530154867,
    "Cosine Dist.": 0.5145909789185144
  },
  "occ_eval_res": {
    "precision": 21.6198,
    "recall": 9.9088,
    "f-score": 13.5893
  },
  "clean_eval": {
    "f-score": 3.8134619802435097,
    "precision": 2.7983816587997303,
    "recall": 5.984138428262437,
    "tp": 83,
    "fp": 2883,
    "fn": 1304
  },
  "jaccard": [
    0.4727272727272727
  ],
  "braycurtis": [
    0.27567428055232934
  ],
  "dice": [
    0.30952380952380953
  ],
  "cosinus": [
    0.021468301078338747
  ]
}