{
  "voc_eval_res": {
    "precision": 74.3902,
    "recall": 23.3716,
    "f-score": 35.5685
  },
  "KL_res": {
    "KL divergence": 1.4990741509567986,
    "Euclidean Dist.": 0.1481466842288382,
    "WER": 0.5875754961173425,
    "CER": 0.4341009838901503,
    "Cosine Dist.": 0.050728731500175095
  },
  "occ_eval_res": {
    "precision": 82.4128,
    "recall": 48.9215,
    "f-score": 61.3969
  },
  "clean_eval": {
    "f-score": 24.779735682819386,
    "precision": 19.806338028169016,
    "recall": 33.088235294117645,
    "tp": 225,
    "fp": 911,
    "fn": 455
  },
  "jaccard": [
    0.5799017755950132
  ],
  "braycurtis": [
    0.19074720029373968
  ],
  "dice": [
    0.4083532854482575
  ],
  "cosinus": [
    0.025731951678039544
  ]
}