{
  "voc_eval_res": {
    "precision": 36.875,
    "recall": 3.1118,
    "f-score": 5.7393
  },
  "KL_res": {
    "KL divergence": 3.952810752595546,
    "Euclidean Dist.": 0.2999367627891732,
    "WER": 0.962908556738891,
    "CER": 0.8687036364579551,
    "Cosine Dist.": 0.6895955428002338
  },
  "occ_eval_res": {
    "precision": 36.0704,
    "recall": 4.5171,
    "f-score": 8.0287
  },
  "clean_eval": {
    "f-score": 2.3655913978494625,
    "precision": 1.3436482084690555,
    "recall": 9.880239520958083,
    "tp": 33,
    "fp": 2423,
    "fn": 301
  },
  "jaccard": [
    0.49019607843137253
  ],
  "braycurtis": [
    0.7423345884884346
  ],
  "dice": [
    0.3246753246753247
  ],
  "cosinus": [
    0.059683822966764666
  ]
}