{
  "voc_eval_res": {
    "precision": 34.4538,
    "recall": 13.0573,
    "f-score": 18.9376
  },
  "KL_res": {
    "KL divergence": 2.973285181754992,
    "Euclidean Dist.": 0.1948446628786887,
    "WER": 0.820627802690583,
    "CER": 0.6215304798962387,
    "Cosine Dist.": 0.11067897495696255
  },
  "occ_eval_res": {
    "precision": 47.7612,
    "recall": 28.6996,
    "f-score": 35.8543
  },
  "clean_eval": {
    "f-score": 7.142857142857142,
    "precision": 5.694760820045558,
    "recall": 9.578544061302683,
    "tp": 25,
    "fp": 414,
    "fn": 236
  },
  "jaccard": [
    0.8802083333333334
  ],
  "braycurtis": [
    0.6230661040787623
  ],
  "dice": [
    0.786046511627907
  ],
  "cosinus": [
    0.16744303892517098
  ]
}