{
  "voc_eval_res": {
    "precision": 34.5238,
    "recall": 2.8348,
    "f-score": 5.2394
  },
  "KL_res": {
    "KL divergence": 4.274640840096913,
    "Euclidean Dist.": 0.4863624314875734,
    "WER": 0.9223691776883266,
    "CER": 0.8131273457275028,
    "Cosine Dist.": 0.3480159180142446
  },
  "occ_eval_res": {
    "precision": 55.6667,
    "recall": 9.6032,
    "f-score": 16.3806
  },
  "clean_eval": {
    "f-score": 1.9189765458422177,
    "precision": 1.1378002528445006,
    "recall": 6.122448979591836,
    "tp": 18,
    "fp": 1564,
    "fn": 276
  },
  "jaccard": [
    0.9716446124763705
  ],
  "braycurtis": [
    0.8162162162162162
  ],
  "dice": [
    0.9448529411764706
  ],
  "cosinus": [
    0.2786473849336564
  ]
}