{
  "voc_eval_res": {
    "precision": 36.802,
    "recall": 4.7047,
    "f-score": 8.3429
  },
  "KL_res": {
    "KL divergence": 2.740348890842543,
    "Euclidean Dist.": 0.20153077533641725,
    "WER": 0.9024161828057689,
    "CER": 0.724027397260274,
    "Cosine Dist.": 0.25121777896167263
  },
  "occ_eval_res": {
    "precision": 43.2292,
    "recall": 13.9914,
    "f-score": 21.1405
  },
  "clean_eval": {
    "f-score": 0.5486968449931412,
    "precision": 0.36086607858861264,
    "recall": 1.1443102352193262,
    "tp": 18,
    "fp": 4970,
    "fn": 1555
  },
  "jaccard": [
    0.7391508694971016
  ],
  "braycurtis": [
    0.5106345613487355
  ],
  "dice": [
    0.5862326043737575
  ],
  "cosinus": [
    0.1743620294011159
  ]
}