{
  "voc_eval_res": {
    "precision": 30.0948,
    "recall": 4.0139,
    "f-score": 7.0831
  },
  "KL_res": {
    "KL divergence": 3.2480275516332178,
    "Euclidean Dist.": 0.2100318321161833,
    "WER": 0.9203876116283488,
    "CER": 0.7568971280178952,
    "Cosine Dist.": 0.3221053447732797
  },
  "occ_eval_res": {
    "precision": 33.1044,
    "recall": 9.1583,
    "f-score": 14.3474
  },
  "clean_eval": {
    "f-score": 4.198895027624308,
    "precision": 2.710413694721826,
    "recall": 9.313725490196079,
    "tp": 133,
    "fp": 4774,
    "fn": 1295
  },
  "jaccard": [
    0.7063022284122563
  ],
  "braycurtis": [
    0.5730208848480237
  ],
  "dice": [
    0.5459561297268201
  ],
  "cosinus": [
    0.2307196510240751
  ]
}