{
  "voc_eval_res": {
    "precision": 5.4475,
    "recall": 0.336,
    "f-score": 0.6329
  },
  "KL_res": {
    "KL divergence": 4.083889011514325,
    "Euclidean Dist.": 0.20566589754836578,
    "WER": 0.9946204423191871,
    "CER": 0.8812029692902176,
    "Cosine Dist.": 0.9562055408126832
  },
  "occ_eval_res": {
    "precision": 5.3531,
    "recall": 0.7023,
    "f-score": 1.2417
  },
  "clean_eval": {
    "f-score": 0.05913660555884093,
    "precision": 0.03359650596337981,
    "recall": 0.2466091245376079,
    "tp": 2,
    "fp": 5951,
    "fn": 809
  },
  "jaccard": [
    0.43103448275862066
  ],
  "braycurtis": [
    0.6867686017647427
  ],
  "dice": [
    0.27472527472527475
  ],
  "cosinus": [
    0.09433135943617965
  ]
}