{
  "voc_eval_res": {
    "precision": 19.4444,
    "recall": 0.9056,
    "f-score": 1.7305
  },
  "KL_res": {
    "KL divergence": 3.9521630867720305,
    "Euclidean Dist.": 0.3111419978230168,
    "WER": 0.9781746031746031,
    "CER": 0.8792567655056325,
    "Cosine Dist.": 0.7940159423890246
  },
  "occ_eval_res": {
    "precision": 20.4044,
    "recall": 2.4471,
    "f-score": 4.3701
  },
  "clean_eval": {
    "f-score": 0.42292239374074864,
    "precision": 0.23820867079561697,
    "recall": 1.8832391713747645,
    "tp": 10,
    "fp": 4188,
    "fn": 521
  },
  "jaccard": [
    0.9909967845659164
  ],
  "braycurtis": [
    0.949186538890127
  ],
  "dice": [
    0.9821542383683876
  ],
  "cosinus": [
    0.651575537642273
  ]
}