{
  "voc_eval_res": {
    "precision": 18.4849,
    "recall": 41.4866,
    "f-score": 25.5747
  },
  "KL_res": {
    "KL divergence": 0.5235503113100958,
    "Euclidean Dist.": 0.051146775289280355,
    "WER": 0.6410367482492239,
    "CER": 0.21835155203492698,
    "Cosine Dist.": 0.1141619118885484
  },
  "occ_eval_res": {
    "precision": 50.4041,
    "recall": 56.8204,
    "f-score": 53.4203
  },
  "clean_eval": {
    "f-score": 40.10200160687463,
    "precision": 42.21581548599671,
    "recall": 38.189777913800214,
    "tp": 28700,
    "fp": 39284,
    "fn": 46451
  },
  "jaccard": [
    0.7526121304791029
  ],
  "braycurtis": [
    0.2208755188822517
  ],
  "dice": [
    0.6033505286276112
  ],
  "cosinus": [
    0.040196129981108886
  ]
}