{
  "voc_eval_res": {
    "precision": 11.1632,
    "recall": 42.3365,
    "f-score": 17.6678
  },
  "KL_res": {
    "KL divergence": 0.48824596234855305,
    "Euclidean Dist.": 0.04900983821776646,
    "WER": 1.8781772273656367,
    "CER": 1.4172524017315113,
    "Cosine Dist.": 0.08687089516866131
  },
  "occ_eval_res": {
    "precision": 34.1295,
    "recall": 68.4454,
    "f-score": 45.5474
  },
  "clean_eval": {
    "f-score": 11.478627079385134,
    "precision": 16.75724860438236,
    "recall": 8.72895903256386,
    "tp": 6814,
    "fp": 33849,
    "fn": 71248
  },
  "jaccard": [
    0.893179830953075
  ],
  "braycurtis": [
    0.5227251178706569
  ],
  "dice": [
    0.8069782751810401
  ],
  "cosinus": [
    0.06601111131431991
  ]
}