{
  "voc_eval_res": {
    "precision": 22.2222,
    "recall": 1.6985,
    "f-score": 3.1558
  },
  "KL_res": {
    "KL divergence": 3.586358803896152,
    "Euclidean Dist.": 0.301681376783496,
    "WER": 0.9733009708737864,
    "CER": 0.8120470432820212,
    "Cosine Dist.": 0.8903085475166438
  },
  "occ_eval_res": {
    "precision": 13.7182,
    "recall": 3.3086,
    "f-score": 5.3314
  },
  "clean_eval": {
    "f-score": 1.5671559430526432,
    "precision": 0.9794454407504483,
    "recall": 3.9183222958057393,
    "tp": 71,
    "fp": 7178,
    "fn": 1741
  },
  "jaccard": [
    0.9823299773988083
  ],
  "braycurtis": [
    0.9450636046380727
  ],
  "dice": [
    0.9652735715727842
  ],
  "cosinus": [
    0.8683443598083866
  ]
}