{
  "voc_eval_res": {
    "precision": 32.8125,
    "recall": 6.3063,
    "f-score": 10.5793
  },
  "KL_res": {
    "KL divergence": 3.77039868613374,
    "Euclidean Dist.": 0.3600091199247202,
    "WER": 0.8959276018099548,
    "CER": 0.7063939661615819,
    "Cosine Dist.": 0.654225682713494
  },
  "occ_eval_res": {
    "precision": 32.6898,
    "recall": 11.4932,
    "f-score": 17.007
  },
  "clean_eval": {
    "f-score": 5.411178355286579,
    "precision": 3.7309769268532156,
    "recall": 9.844559585492227,
    "tp": 76,
    "fp": 1961,
    "fn": 696
  },
  "jaccard": [
    0.6692647440893739
  ],
  "braycurtis": [
    0.561744565467163
  ],
  "dice": [
    0.5029285435376806
  ],
  "cosinus": [
    0.42722964591983603
  ]
}