{
  "voc_eval_res": {
    "precision": 15.5405,
    "recall": 5.679,
    "f-score": 8.3183
  },
  "KL_res": {
    "KL divergence": 4.893827720943758,
    "Euclidean Dist.": 0.2413532817200776,
    "WER": 0.9497907949790795,
    "CER": 0.7005087881591119,
    "Cosine Dist.": 0.8463187965690404
  },
  "occ_eval_res": {
    "precision": 11.0119,
    "recall": 7.7406,
    "f-score": 9.0909
  },
  "clean_eval": {
    "f-score": 1.5286624203821657,
    "precision": 1.3043478260869565,
    "recall": 1.8461538461538463,
    "tp": 6,
    "fp": 454,
    "fn": 319
  },
  "jaccard": [
    0.2564102564102564
  ],
  "braycurtis": [
    0.16805111821086263
  ],
  "dice": [
    0.14705882352941177
  ],
  "cosinus": [
    0.024693241621573825
  ]
}