{
  "voc_eval_res": {
    "precision": 13.9785,
    "recall": 4.803,
    "f-score": 7.1494
  },
  "KL_res": {
    "KL divergence": 4.420861567400073,
    "Euclidean Dist.": 0.39964408575685406,
    "WER": 0.9795249795249795,
    "CER": 0.7463768115942029,
    "Cosine Dist.": 0.9559173314732016
  },
  "occ_eval_res": {
    "precision": 10.9589,
    "recall": 4.5864,
    "f-score": 6.4665
  },
  "clean_eval": {
    "f-score": 0.4649811101424005,
    "precision": 0.3354297693920335,
    "recall": 0.7575757575757576,
    "tp": 8,
    "fp": 2377,
    "fn": 1048
  },
  "jaccard": [
    0.95703125
  ],
  "braycurtis": [
    0.9125488801990758
  ],
  "dice": [
    0.9176029962546817
  ],
  "cosinus": [
    0.912017244676166
  ]
}