{
  "voc_eval_res": {
    "precision": 4.7619,
    "recall": 0.1481,
    "f-score": 0.2874
  },
  "KL_res": {
    "KL divergence": 4.3666639852639975,
    "Euclidean Dist.": 0.3208869021692175,
    "WER": 0.997946611909651,
    "CER": 0.9589018666084489,
    "Cosine Dist.": 0.9853106869898386
  },
  "occ_eval_res": {
    "precision": 4.1237,
    "recall": 0.2738,
    "f-score": 0.5135
  },
  "clean_eval": {
    "f-score": 0.40268456375838924,
    "precision": 0.2152080344332855,
    "recall": 3.125,
    "tp": 3,
    "fp": 1391,
    "fn": 93
  },
  "jaccard": [
    0.38095238095238093
  ],
  "braycurtis": [
    0.911323399615804
  ],
  "dice": [
    0.23529411764705882
  ],
  "cosinus": [
    0.17563874159614834
  ]
}