{
  "voc_eval_res": {
    "precision": 5.5556,
    "recall": 0.1335,
    "f-score": 0.2606
  },
  "KL_res": {
    "KL divergence": 4.2934184424366855,
    "Euclidean Dist.": 0.8210434429865101,
    "WER": 0.9957298136645962,
    "CER": 0.8885085574572127,
    "Cosine Dist.": 0.9302767581269983
  },
  "occ_eval_res": {
    "precision": 3.7975,
    "recall": 0.4658,
    "f-score": 0.8299
  },
  "clean_eval": {
    "f-score": 0.21216407355021216,
    "precision": 0.11942675159235669,
    "recall": 0.949367088607595,
    "tp": 3,
    "fp": 2509,
    "fn": 313
  },
  "jaccard": [
    0.425531914893617
  ],
  "braycurtis": [
    0.7644888679164343
  ],
  "dice": [
    0.2702702702702703
  ],
  "cosinus": [
    0.19280321932718703
  ]
}