{
  "voc_eval_res": {
    "precision": 55.2036,
    "recall": 44.2029,
    "f-score": 49.0946
  },
  "KL_res": {
    "KL divergence": 1.13318068989889,
    "Euclidean Dist.": 0.05960423032617449,
    "WER": 0.6619718309859155,
    "CER": 0.5321676754091011,
    "Cosine Dist.": 0.0256000078422437
  },
  "occ_eval_res": {
    "precision": 68.6747,
    "recall": 57.3441,
    "f-score": 62.5
  },
  "clean_eval": {
    "f-score": 29.404900816802805,
    "precision": 26.751592356687897,
    "recall": 32.64248704663213,
    "tp": 126,
    "fp": 345,
    "fn": 260
  },
  "jaccard": [
    0.16666666666666666
  ],
  "braycurtis": [
    0.07510165032288926
  ],
  "dice": [
    0.09090909090909091
  ],
  "cosinus": [
    0.0025180044142837366
  ]
}