{
  "voc_eval_res": {
    "precision": 13.3065,
    "recall": 1.1078,
    "f-score": 2.0452
  },
  "KL_res": {
    "KL divergence": 3.661877966870742,
    "Euclidean Dist.": 0.3169780347164371,
    "WER": 0.9923214742769388,
    "CER": 0.8485426786953505,
    "Cosine Dist.": 0.9795895816670017
  },
  "occ_eval_res": {
    "precision": 6.8919,
    "recall": 1.3053,
    "f-score": 2.195
  },
  "clean_eval": {
    "f-score": 0.3297997644287397,
    "precision": 0.19925989183034445,
    "recall": 0.9562841530054645,
    "tp": 7,
    "fp": 3506,
    "fn": 725
  },
  "jaccard": [
    0.989433237271854
  ],
  "braycurtis": [
    0.9818305700658642
  ],
  "dice": [
    0.9790874524714829
  ],
  "cosinus": [
    0.9943089341547152
  ]
}