{
  "voc_eval_res": {
    "precision": 6.2409,
    "recall": 2.6429,
    "f-score": 3.7133
  },
  "KL_res": {
    "KL divergence": 4.599936208711262,
    "Euclidean Dist.": 0.24483305755404575,
    "WER": 0.9921648287869994,
    "CER": 0.8495996286410584,
    "Cosine Dist.": 0.9702278425716254
  },
  "occ_eval_res": {
    "precision": 3.1957,
    "recall": 2.0894,
    "f-score": 2.5268
  },
  "clean_eval": {
    "f-score": 0.3346346904629113,
    "precision": 0.28213166144200624,
    "recall": 0.4111466423024212,
    "tp": 9,
    "fp": 3181,
    "fn": 2180
  },
  "jaccard": [
    0.5454545454545454
  ],
  "braycurtis": [
    0.15194952541716247
  ],
  "dice": [
    0.375
  ],
  "cosinus": [
    0.052140392422510895
  ]
}