{
  "voc_eval_res": {
    "precision": 59.2357,
    "recall": 46.9697,
    "f-score": 52.3944
  },
  "KL_res": {
    "KL divergence": 1.0246876591501386,
    "Euclidean Dist.": 0.13788962783144926,
    "WER": 0.597911227154047,
    "CER": 0.49023730850105135,
    "Cosine Dist.": 0.08273628880508799
  },
  "occ_eval_res": {
    "precision": 68.2997,
    "recall": 61.8799,
    "f-score": 64.9315
  },
  "clean_eval": {
    "f-score": 38.4393063583815,
    "precision": 37.04735376044568,
    "recall": 39.93993993993994,
    "tp": 133,
    "fp": 226,
    "fn": 200
  },
  "jaccard": [
    0.07692307692307693
  ],
  "braycurtis": [
    0.07030759573132454
  ],
  "dice": [
    0.04
  ],
  "cosinus": [
    0.004906171504734713
  ]
}