{
  "voc_eval_res": {
    "precision": 74.8663,
    "recall": 38.3562,
    "f-score": 50.7246
  },
  "KL_res": {
    "KL divergence": 1.1495161989754155,
    "Euclidean Dist.": 0.09640721049638207,
    "WER": 0.5,
    "CER": 0.42088032011640597,
    "Cosine Dist.": 0.014688896608186064
  },
  "occ_eval_res": {
    "precision": 84.4444,
    "recall": 57.4018,
    "f-score": 68.3453
  },
  "clean_eval": {
    "f-score": 47.32394366197183,
    "precision": 39.81042654028436,
    "recall": 58.333333333333336,
    "tp": 252,
    "fp": 381,
    "fn": 180
  },
  "jaccard": [
    0.28846153846153844
  ],
  "braycurtis": [
    0.14949473903531618
  ],
  "dice": [
    0.16853932584269662
  ],
  "cosinus": [
    0.0029005565601101235
  ]
}