{
  "voc_eval_res": {
    "precision": 5.2028,
    "recall": 18.9269,
    "f-score": 8.162
  },
  "KL_res": {
    "KL divergence": 0.994586375687509,
    "Euclidean Dist.": 0.06822652349208058,
    "WER": 1.0084539873272267,
    "CER": 0.7595074836854737,
    "Cosine Dist.": 0.19405857162431017
  },
  "occ_eval_res": {
    "precision": 29.0,
    "recall": 30.28,
    "f-score": 29.6262
  },
  "clean_eval": {
    "f-score": 4.823332367056398,
    "precision": 4.951067909806255,
    "recall": 4.702022104998744,
    "tp": 2995,
    "fp": 57497,
    "fn": 60701
  },
  "jaccard": [
    0.7761820447242442
  ],
  "braycurtis": [
    0.3271892603225204
  ],
  "dice": [
    0.6342299860679456
  ],
  "cosinus": [
    0.0691554253426303
  ]
}