{
  "voc_eval_res": {
    "precision": 30.1471,
    "recall": 1.9496,
    "f-score": 3.6623
  },
  "KL_res": {
    "KL divergence": 4.685701209540142,
    "Euclidean Dist.": 0.2952243279638841,
    "WER": 0.974897208396451,
    "CER": 0.851137084352632,
    "Cosine Dist.": 0.937493349642158
  },
  "occ_eval_res": {
    "precision": 29.7645,
    "recall": 3.008,
    "f-score": 5.4638
  },
  "clean_eval": {
    "f-score": 0.7944804515994146,
    "precision": 0.44001852709587774,
    "recall": 4.086021505376344,
    "tp": 19,
    "fp": 4299,
    "fn": 446
  },
  "jaccard": [
    0.5
  ],
  "braycurtis": [
    0.6807635829662262
  ],
  "dice": [
    0.3333333333333333
  ],
  "cosinus": [
    0.09439230359359763
  ]
}