{
  "voc_eval_res": {
    "precision": 3.6364,
    "recall": 1.7595,
    "f-score": 2.3715
  },
  "KL_res": {
    "KL divergence": 5.509423353210208,
    "Euclidean Dist.": 0.149879450331215,
    "WER": 0.9971988795518207,
    "CER": 0.7598522167487685,
    "Cosine Dist.": 0.9778401751633272
  },
  "occ_eval_res": {
    "precision": 1.9355,
    "recall": 1.6807,
    "f-score": 1.7991
  },
  "clean_eval": {
    "f-score": 1.292407108239095,
    "precision": 1.1494252873563218,
    "recall": 1.4760147601476015,
    "tp": 4,
    "fp": 344,
    "fn": 267
  },
  "jaccard": [
    0.36585365853658536
  ],
  "braycurtis": [
    0.2794068082237951
  ],
  "dice": [
    0.22388059701492538
  ],
  "cosinus": [
    0.08305579600009749
  ]
}