{
  "voc_eval_res": {
    "precision": 22.619,
    "recall": 3.2479,
    "f-score": 5.6801
  },
  "KL_res": {
    "KL divergence": 4.114805609643873,
    "Euclidean Dist.": 0.39955410224395127,
    "WER": 0.9331550802139037,
    "CER": 0.7500876270592359,
    "Cosine Dist.": 0.26633645490822666
  },
  "occ_eval_res": {
    "precision": 26.5993,
    "recall": 10.5615,
    "f-score": 15.1196
  },
  "clean_eval": {
    "f-score": 0.9871668311944718,
    "precision": 0.6877579092159559,
    "recall": 1.7482517482517483,
    "tp": 5,
    "fp": 722,
    "fn": 281
  },
  "jaccard": [
    0.23529411764705882
  ],
  "braycurtis": [
    0.4468777374546365
  ],
  "dice": [
    0.13333333333333333
  ],
  "cosinus": [
    0.03498280331250758
  ]
}