{
  "voc_eval_res": {
    "precision": 35.0,
    "recall": 0.6803,
    "f-score": 1.3346
  },
  "KL_res": {
    "KL divergence": 4.582195292221753,
    "Euclidean Dist.": 0.47634877661125163,
    "WER": 0.9887157442235357,
    "CER": 0.9176301249013326,
    "Cosine Dist.": 0.945340085691859
  },
  "occ_eval_res": {
    "precision": 18.2879,
    "recall": 1.2628,
    "f-score": 2.3624
  },
  "clean_eval": {
    "f-score": 0.26881720430107525,
    "precision": 0.1443001443001443,
    "recall": 1.9607843137254901,
    "tp": 5,
    "fp": 3460,
    "fn": 250
  },
  "jaccard": [
    0.509090909090909
  ],
  "braycurtis": [
    0.829744533177238
  ],
  "dice": [
    0.34146341463414637
  ],
  "cosinus": [
    0.10698971068129226
  ]
}