{
  "voc_eval_res": {
    "precision": 69.4444,
    "recall": 31.4465,
    "f-score": 43.29
  },
  "KL_res": {
    "KL divergence": 3.0341088431197485,
    "Euclidean Dist.": 0.2269422931282266,
    "WER": 0.7161084529505582,
    "CER": 0.5766856013830576,
    "Cosine Dist.": 0.37072152076168907
  },
  "occ_eval_res": {
    "precision": 66.9811,
    "recall": 33.9713,
    "f-score": 45.0794
  },
  "clean_eval": {
    "f-score": 28.162816281628167,
    "precision": 21.51260504201681,
    "recall": 40.76433121019109,
    "tp": 128,
    "fp": 467,
    "fn": 186
  },
  "jaccard": [
    0.5391899000526039
  ],
  "braycurtis": [
    0.3623481781376518
  ],
  "dice": [
    0.3691033489377026
  ],
  "cosinus": [
    0.28697466524284776
  ]
}