{
  "voc_eval_res": {
    "precision": 6.5525,
    "recall": 22.249,
    "f-score": 10.1235
  },
  "KL_res": {
    "KL divergence": 0.6048461836396836,
    "Euclidean Dist.": 0.05981249105690198,
    "WER": 0.7886924252346649,
    "CER": 0.3503206157935736,
    "Cosine Dist.": 0.12634290933217152
  },
  "occ_eval_res": {
    "precision": 36.6714,
    "recall": 37.2764,
    "f-score": 36.9714
  },
  "clean_eval": {
    "f-score": 10.726500937813935,
    "precision": 11.031747927665368,
    "recall": 10.437691412297852,
    "tp": 9236,
    "fp": 74486,
    "fn": 79251
  },
  "jaccard": [
    0.7871168715581021
  ],
  "braycurtis": [
    0.3482569511873961
  ],
  "dice": [
    0.6489634929370758
  ],
  "cosinus": [
    0.12681635127843838
  ]
}