{
  "voc_eval_res": {
    "precision": 89.5833,
    "recall": 51.1905,
    "f-score": 65.1515
  },
  "KL_res": {
    "KL divergence": 0.6277102075615495,
    "Euclidean Dist.": 0.11370090149839139,
    "WER": 0.30633802816901406,
    "CER": 0.28818693206404156,
    "Cosine Dist.": 0.005697406355420709
  },
  "occ_eval_res": {
    "precision": 95.2381,
    "recall": 77.4648,
    "f-score": 85.4369
  },
  "clean_eval": {
    "f-score": 43.190661478599225,
    "precision": 39.2226148409894,
    "recall": 48.05194805194805,
    "tp": 111,
    "fp": 172,
    "fn": 120
  },
  "jaccard": [
    0.39416058394160586
  ],
  "braycurtis": [
    0.12258064516129032
  ],
  "dice": [
    0.24545454545454545
  ],
  "cosinus": [
    0.014899435608508482
  ]
}