{
  "voc_eval_res": {
    "precision": 12.7389,
    "recall": 3.0912,
    "f-score": 4.9751
  },
  "KL_res": {
    "KL divergence": 3.842354827262403,
    "Euclidean Dist.": 0.24624763803243077,
    "WER": 0.9113756613756614,
    "CER": 0.7279202279202279,
    "Cosine Dist.": 0.16224859464452757
  },
  "occ_eval_res": {
    "precision": 26.2248,
    "recall": 12.037,
    "f-score": 16.5005
  },
  "clean_eval": {
    "f-score": 1.6869728209934396,
    "precision": 1.226158038147139,
    "recall": 2.7027027027027026,
    "tp": 9,
    "fp": 725,
    "fn": 324
  },
  "jaccard": [
    0.9753886010362695
  ],
  "braycurtis": [
    0.8310626702997275
  ],
  "dice": [
    0.9519595448798989
  ],
  "cosinus": [
    0.21107712309632554
  ]
}