{
  "voc_eval_res": {
    "precision": 84.375,
    "recall": 12.0,
    "f-score": 21.0117
  },
  "KL_res": {
    "KL divergence": 3.6649724390500396,
    "Euclidean Dist.": 0.3822569265409796,
    "WER": 0.717008797653959,
    "CER": 0.6682134570765661,
    "Cosine Dist.": 0.44476312217404157
  },
  "occ_eval_res": {
    "precision": 90.583,
    "recall": 29.6188,
    "f-score": 44.6409
  },
  "clean_eval": {
    "f-score": 9.17225950782998,
    "precision": 6.110283159463488,
    "recall": 18.385650224215247,
    "tp": 41,
    "fp": 630,
    "fn": 182
  },
  "jaccard": [
    0.8221498371335505
  ],
  "braycurtis": [
    0.49044684129429894
  ],
  "dice": [
    0.6980088495575221
  ],
  "cosinus": [
    0.41070068512264013
  ]
}