{
  "voc_eval_res": {
    "precision": 86.4865,
    "recall": 9.6677,
    "f-score": 17.3913
  },
  "KL_res": {
    "KL divergence": 3.082129212553653,
    "Euclidean Dist.": 0.3511414556140772,
    "WER": 0.7368421052631579,
    "CER": 0.6869600160739401,
    "Cosine Dist.": 0.1451968886543994
  },
  "occ_eval_res": {
    "precision": 89.2683,
    "recall": 27.5188,
    "f-score": 42.069
  },
  "clean_eval": {
    "f-score": 7.591933570581258,
    "precision": 5.007824726134586,
    "recall": 15.686274509803921,
    "tp": 32,
    "fp": 607,
    "fn": 172
  },
  "jaccard": [
    0.8268941294530858
  ],
  "braycurtis": [
    0.5032650638171564
  ],
  "dice": [
    0.7048759623609923
  ],
  "cosinus": [
    0.21153653825748797
  ]
}