{
  "voc_eval_res": {
    "precision": 2.6728,
    "recall": 7.8053,
    "f-score": 3.9821
  },
  "KL_res": {
    "KL divergence": 1.0977872834713776,
    "Euclidean Dist.": 0.07156943255785984,
    "WER": 0.9465053777803899,
    "CER": 0.7698950819412806,
    "Cosine Dist.": 0.19319069344263784
  },
  "occ_eval_res": {
    "precision": 26.3644,
    "recall": 12.1651,
    "f-score": 16.6483
  },
  "clean_eval": {
    "f-score": 1.8232648596086056,
    "precision": 1.3352769030477696,
    "recall": 2.873356799080526,
    "tp": 2400,
    "fp": 177338,
    "fn": 81126
  },
  "jaccard": [
    0.973461588010478
  ],
  "braycurtis": [
    0.8223497754991561
  ],
  "dice": [
    0.9482953357038276
  ],
  "cosinus": [
    0.18369500280051532
  ]
}