{
  "voc_eval_res": {
    "precision": 9.2784,
    "recall": 0.325,
    "f-score": 0.6281
  },
  "KL_res": {
    "KL divergence": 5.1246657308680295,
    "Euclidean Dist.": 0.46859183439237134,
    "WER": 0.9934565050038491,
    "CER": 0.9052169709589856,
    "Cosine Dist.": 0.962436184464857
  },
  "occ_eval_res": {
    "precision": 9.8985,
    "recall": 0.7506,
    "f-score": 1.3953
  },
  "clean_eval": {
    "f-score": 0.1142204454597373,
    "precision": 0.061703002879473466,
    "recall": 0.7672634271099744,
    "tp": 3,
    "fp": 4859,
    "fn": 388
  },
  "jaccard": [
    0.9949312092686459
  ],
  "braycurtis": [
    0.9778950012559658
  ],
  "dice": [
    0.9899135446685879
  ],
  "cosinus": [
    0.8176243922704939
  ]
}