{
  "voc_eval_res": {
    "precision": 81.4126,
    "recall": 13.4769,
    "f-score": 23.1257
  },
  "KL_res": {
    "KL divergence": 1.4964140739260436,
    "Euclidean Dist.": 0.12823873182667903,
    "WER": 0.7816040879804488,
    "CER": 0.6803621169916435,
    "Cosine Dist.": 0.10039422640025697
  },
  "occ_eval_res": {
    "precision": 88.9401,
    "recall": 25.7276,
    "f-score": 39.9104
  },
  "clean_eval": {
    "f-score": 13.917710196779964,
    "precision": 8.981759408912492,
    "recall": 30.89753772835584,
    "tp": 389,
    "fp": 3942,
    "fn": 870
  },
  "jaccard": [
    0.4880952380952381
  ],
  "braycurtis": [
    0.48322090342413115
  ],
  "dice": [
    0.3228346456692913
  ],
  "cosinus": [
    0.010151966544816537
  ]
}