{
  "voc_eval_res": {
    "precision": 35.3659,
    "recall": 1.9701,
    "f-score": 3.7323
  },
  "KL_res": {
    "KL divergence": 4.157317152345243,
    "Euclidean Dist.": 0.411514931551631,
    "WER": 0.9477911646586346,
    "CER": 0.8249177113243225,
    "Cosine Dist.": 0.46803692862676094
  },
  "occ_eval_res": {
    "precision": 36.4557,
    "recall": 6.4257,
    "f-score": 10.9256
  },
  "clean_eval": {
    "f-score": 1.8032786885245904,
    "precision": 1.0700389105058365,
    "recall": 5.729166666666666,
    "tp": 22,
    "fp": 2034,
    "fn": 362
  },
  "jaccard": [
    0.4642857142857143
  ],
  "braycurtis": [
    0.6416432189082724
  ],
  "dice": [
    0.3023255813953488
  ],
  "cosinus": [
    0.06333573017384209
  ]
}