{
  "voc_eval_res": {
    "precision": 12.6214,
    "recall": 6.2201,
    "f-score": 8.3333
  },
  "KL_res": {
    "KL divergence": 2.9596853278671484,
    "Euclidean Dist.": 0.34803106892879004,
    "WER": 1.1009771986970684,
    "CER": 0.7820274786483475,
    "Cosine Dist.": 0.052888423914344784
  },
  "occ_eval_res": {
    "precision": 23.3333,
    "recall": 31.9218,
    "f-score": 26.9601
  },
  "clean_eval": {
    "f-score": 2.2566995768688294,
    "precision": 2.6936026936026933,
    "recall": 1.9417475728155338,
    "tp": 8,
    "fp": 289,
    "fn": 404
  },
  "jaccard": [
    0.70875083500334
  ],
  "braycurtis": [
    0.4516442572493115
  ],
  "dice": [
    0.5488877392653906
  ],
  "cosinus": [
    0.09329070682956275
  ]
}