{
  "voc_eval_res": {
    "precision": 14.5161,
    "recall": 0.3556,
    "f-score": 0.6942
  },
  "KL_res": {
    "KL divergence": 4.4518595252352995,
    "Euclidean Dist.": 0.5607508021813208,
    "WER": 0.9898247597512719,
    "CER": 0.9357752956636005,
    "Cosine Dist.": 0.8819861615762474
  },
  "occ_eval_res": {
    "precision": 20.398,
    "recall": 1.1588,
    "f-score": 2.1931
  },
  "clean_eval": {
    "f-score": 0.872346612387322,
    "precision": 0.46282011724776306,
    "recall": 7.575757575757576,
    "tp": 15,
    "fp": 3226,
    "fn": 183
  },
  "jaccard": [
    0.8933988464003418
  ],
  "braycurtis": [
    0.8944210246477536
  ],
  "dice": [
    0.8073359073359073
  ],
  "cosinus": [
    0.5372240713528644
  ]
}