{
  "voc_eval_res": {
    "precision": 63.0631,
    "recall": 55.1181,
    "f-score": 58.8235
  },
  "KL_res": {
    "KL divergence": 0.6911922040614986,
    "Euclidean Dist.": 0.06426922572404703,
    "WER": 0.543918918918919,
    "CER": 0.4819659135949267,
    "Cosine Dist.": 0.02067545588492581
  },
  "occ_eval_res": {
    "precision": 76.3066,
    "recall": 73.9865,
    "f-score": 75.1286
  },
  "clean_eval": {
    "f-score": 37.609841827768015,
    "precision": 37.15277777777778,
    "recall": 38.07829181494662,
    "tp": 107,
    "fp": 181,
    "fn": 174
  },
  "jaccard": [
    0.5595238095238095
  ],
  "braycurtis": [
    0.22953451043338685
  ],
  "dice": [
    0.3884297520661157
  ],
  "cosinus": [
    0.027352529398161907
  ]
}