{
  "voc_eval_res": {
    "precision": 30.7692,
    "recall": 4.2283,
    "f-score": 7.4349
  },
  "KL_res": {
    "KL divergence": 3.4407592937964786,
    "Euclidean Dist.": 0.3160999700182113,
    "WER": 0.8787878787878788,
    "CER": 0.7258166491043203,
    "Cosine Dist.": 0.16995991482890827
  },
  "occ_eval_res": {
    "precision": 40.3326,
    "recall": 14.697,
    "f-score": 21.5436
  },
  "clean_eval": {
    "f-score": 3.172737955346651,
    "precision": 2.15311004784689,
    "recall": 6.026785714285714,
    "tp": 27,
    "fp": 1227,
    "fn": 421
  },
  "jaccard": [
    0.9630738522954092
  ],
  "braycurtis": [
    0.7991827203736136
  ],
  "dice": [
    0.9287776708373436
  ],
  "cosinus": [
    0.21713360450923647
  ]
}