{
  "voc_eval_res": {
    "precision": 71.5385,
    "recall": 39.5745,
    "f-score": 50.9589
  },
  "KL_res": {
    "KL divergence": 0.9804147415897189,
    "Euclidean Dist.": 0.1231331396287426,
    "WER": 0.4784853700516351,
    "CER": 0.317138671875,
    "Cosine Dist.": 0.016285427325231527
  },
  "occ_eval_res": {
    "precision": 77.5468,
    "recall": 64.1997,
    "f-score": 70.2448
  },
  "clean_eval": {
    "f-score": 30.303030303030305,
    "precision": 27.67527675276753,
    "recall": 33.482142857142854,
    "tp": 150,
    "fp": 392,
    "fn": 298
  },
  "jaccard": [
    0.46566265060240963
  ],
  "braycurtis": [
    0.1754613984923317
  ],
  "dice": [
    0.30349430702787594
  ],
  "cosinus": [
    0.021252844095724588
  ]
}