{
  "voc_eval_res": {
    "precision": 6.8213,
    "recall": 3.2938,
    "f-score": 4.4425
  },
  "KL_res": {
    "KL divergence": 4.6550185922701806,
    "Euclidean Dist.": 0.24758861366690388,
    "WER": 0.9915030764723117,
    "CER": 0.8412073490813649,
    "Cosine Dist.": 0.9720982223577984
  },
  "occ_eval_res": {
    "precision": 3.7584,
    "recall": 2.4612,
    "f-score": 2.9745
  },
  "clean_eval": {
    "f-score": 0.6026365348399246,
    "precision": 0.5090677696468342,
    "recall": 0.7383479464697739,
    "tp": 16,
    "fp": 3127,
    "fn": 2151
  },
  "jaccard": [
    0.6881447963800905
  ],
  "braycurtis": [
    0.5121621248515972
  ],
  "dice": [
    0.5245584988962473
  ],
  "cosinus": [
    0.3141881669447669
  ]
}