{
  "voc_eval_res": {
    "precision": 8.7209,
    "recall": 0.591,
    "f-score": 1.107
  },
  "KL_res": {
    "KL divergence": 4.389109979722145,
    "Euclidean Dist.": 0.2534624600068976,
    "WER": 0.9880177129460798,
    "CER": 0.8771880744944449,
    "Cosine Dist.": 0.949959424960565
  },
  "occ_eval_res": {
    "precision": 11.0895,
    "recall": 1.4848,
    "f-score": 2.6189
  },
  "clean_eval": {
    "f-score": 0.39370078740157477,
    "precision": 0.2250351617440225,
    "recall": 1.5717092337917484,
    "tp": 8,
    "fp": 3547,
    "fn": 501
  },
  "jaccard": [
    0.4716981132075472
  ],
  "braycurtis": [
    0.7251152698671006
  ],
  "dice": [
    0.30864197530864196
  ],
  "cosinus": [
    0.09170833258625655
  ]
}