{
  "voc_eval_res": {
    "precision": 86.1538,
    "recall": 32.1224,
    "f-score": 46.7967
  },
  "KL_res": {
    "KL divergence": 1.1795297524262929,
    "Euclidean Dist.": 0.15296798331360212,
    "WER": 0.6423783153599534,
    "CER": 0.5581203984408835,
    "Cosine Dist.": 0.24460519001060654
  },
  "occ_eval_res": {
    "precision": 94.472,
    "recall": 38.8516,
    "f-score": 55.0599
  },
  "clean_eval": {
    "f-score": 37.04018711460769,
    "precision": 26.148303812668868,
    "recall": 63.48396501457726,
    "tp": 871,
    "fp": 2460,
    "fn": 501
  },
  "jaccard": [
    0.49684104119282285
  ],
  "braycurtis": [
    0.36625194401244165
  ],
  "dice": [
    0.33053127101546736
  ],
  "cosinus": [
    0.06591225559203062
  ]
}