{
  "voc_eval_res": {
    "precision": 85.906,
    "recall": 31.96,
    "f-score": 46.5878
  },
  "KL_res": {
    "KL divergence": 0.960331033992927,
    "Euclidean Dist.": 0.08674410735735127,
    "WER": 0.5986685687113648,
    "CER": 0.5160370634354954,
    "Cosine Dist.": 0.08125247894237819
  },
  "occ_eval_res": {
    "precision": 91.6499,
    "recall": 43.3191,
    "f-score": 58.8311
  },
  "clean_eval": {
    "f-score": 43.947982660886964,
    "precision": 32.46305418719212,
    "recall": 68.00825593395253,
    "tp": 659,
    "fp": 1371,
    "fn": 310
  },
  "jaccard": [
    0.528441879637263
  ],
  "braycurtis": [
    0.32356285533796586
  ],
  "dice": [
    0.35910364145658263
  ],
  "cosinus": [
    0.020624255134393144
  ]
}