{
  "voc_eval_res": {
    "precision": 21.875,
    "recall": 8.589,
    "f-score": 12.3348
  },
  "KL_res": {
    "KL divergence": 2.720011104313924,
    "Euclidean Dist.": 0.15074303573049064,
    "WER": 0.8289205702647657,
    "CER": 0.6363411619283066,
    "Cosine Dist.": 0.08315319866160387
  },
  "occ_eval_res": {
    "precision": 38.9302,
    "recall": 26.6802,
    "f-score": 31.6616
  },
  "clean_eval": {
    "f-score": 3.10077519379845,
    "precision": 2.564102564102564,
    "recall": 3.9215686274509802,
    "tp": 24,
    "fp": 912,
    "fn": 588
  },
  "jaccard": [
    0.9366786140979689
  ],
  "braycurtis": [
    0.6879699248120301
  ],
  "dice": [
    0.8808988764044944
  ],
  "cosinus": [
    0.11538188858978415
  ]
}