{
  "voc_eval_res": {
    "precision": 30.6667,
    "recall": 3.9977,
    "f-score": 7.0733
  },
  "KL_res": {
    "KL divergence": 3.798882487886015,
    "Euclidean Dist.": 0.21394941380902044,
    "WER": 0.9336752136752137,
    "CER": 0.7368141279310141,
    "Cosine Dist.": 0.5113876770035279
  },
  "occ_eval_res": {
    "precision": 29.4444,
    "recall": 9.0598,
    "f-score": 13.8562
  },
  "clean_eval": {
    "f-score": 3.546738803727082,
    "precision": 2.4081632653061225,
    "recall": 6.727480045610035,
    "tp": 59,
    "fp": 2391,
    "fn": 818
  },
  "jaccard": [
    0.9610115911485775
  ],
  "braycurtis": [
    0.8400940623162846
  ],
  "dice": [
    0.9249492900608519
  ],
  "cosinus": [
    0.4425225262494481
  ]
}