{
  "voc_eval_res": {
    "precision": 7.5862,
    "recall": 0.2245,
    "f-score": 0.4362
  },
  "KL_res": {
    "KL divergence": 3.4831013690602735,
    "Euclidean Dist.": 0.24786019197884945,
    "WER": 0.9949401248102547,
    "CER": 0.9303050252359009,
    "Cosine Dist.": 0.9110697371861354
  },
  "occ_eval_res": {
    "precision": 7.8475,
    "recall": 0.5903,
    "f-score": 1.098
  },
  "clean_eval": {
    "f-score": 0.10152284263959391,
    "precision": 0.05489478499542544,
    "recall": 0.6741573033707865,
    "tp": 3,
    "fp": 5462,
    "fn": 442
  },
  "jaccard": [
    0.5
  ],
  "braycurtis": [
    0.8473046686988609
  ],
  "dice": [
    0.3333333333333333
  ],
  "cosinus": [
    0.0924204901350314
  ]
}