{
  "voc_eval_res": {
    "precision": 4.7059,
    "recall": 3.2,
    "f-score": 3.8095
  },
  "KL_res": {
    "KL divergence": 5.109333088979081,
    "Euclidean Dist.": 0.17723217998900073,
    "WER": 1.3224637681159421,
    "CER": 1.1849710982658959,
    "Cosine Dist.": 0.5463217775988173
  },
  "occ_eval_res": {
    "precision": 5.5851,
    "recall": 7.6087,
    "f-score": 6.4417
  },
  "clean_eval": {
    "f-score": 0.31999999999999995,
    "precision": 0.37174721189591076,
    "recall": 0.2808988764044944,
    "tp": 1,
    "fp": 268,
    "fn": 355
  },
  "jaccard": [
    0.2777777777777778
  ],
  "braycurtis": [
    0.24444444444444444
  ],
  "dice": [
    0.16129032258064516
  ],
  "cosinus": [
    0.04763994789933801
  ]
}