{
  "voc_eval_res": {
    "precision": 5.9701,
    "recall": 0.2324,
    "f-score": 0.4473
  },
  "KL_res": {
    "KL divergence": 3.6167853439550735,
    "Euclidean Dist.": 0.23529499277600163,
    "WER": 0.9957390146471371,
    "CER": 0.944445750005875,
    "Cosine Dist.": 0.8703667187181625
  },
  "occ_eval_res": {
    "precision": 4.9645,
    "recall": 0.5593,
    "f-score": 1.0053
  },
  "clean_eval": {
    "f-score": 0.10573618821041503,
    "precision": 0.0594883997620464,
    "recall": 0.4750593824228029,
    "tp": 2,
    "fp": 3360,
    "fn": 419
  },
  "jaccard": [
    0.509090909090909
  ],
  "braycurtis": [
    0.8636915604128719
  ],
  "dice": [
    0.34146341463414637
  ],
  "cosinus": [
    0.12890363407188365
  ]
}