{
  "voc_eval_res": {
    "precision": 56.5217,
    "recall": 37.9562,
    "f-score": 45.4148
  },
  "KL_res": {
    "KL divergence": 2.5779978494151856,
    "Euclidean Dist.": 0.2347402282464824,
    "WER": 0.7516129032258064,
    "CER": 0.6526580459770115,
    "Cosine Dist.": 0.43116760349812455
  },
  "occ_eval_res": {
    "precision": 60.793,
    "recall": 44.5161,
    "f-score": 51.3966
  },
  "clean_eval": {
    "f-score": 30.0187617260788,
    "precision": 25.97402597402597,
    "recall": 35.55555555555556,
    "tp": 80,
    "fp": 228,
    "fn": 145
  },
  "jaccard": [
    0.7158469945355191
  ],
  "braycurtis": [
    0.46593001841620624
  ],
  "dice": [
    0.5574468085106383
  ],
  "cosinus": [
    0.34576520278368017
  ]
}