{
  "voc_eval_res": {
    "precision": 12.9944,
    "recall": 0.9461,
    "f-score": 1.7638
  },
  "KL_res": {
    "KL divergence": 3.5068918653578907,
    "Euclidean Dist.": 0.1501388456148362,
    "WER": 0.9843441466854725,
    "CER": 0.8447535771065183,
    "Cosine Dist.": 0.8463249884473484
  },
  "occ_eval_res": {
    "precision": 12.4814,
    "recall": 2.3695,
    "f-score": 3.9829
  },
  "clean_eval": {
    "f-score": 0.24154589371980675,
    "precision": 0.14603277624533506,
    "recall": 0.6982156710628394,
    "tp": 9,
    "fp": 6154,
    "fn": 1280
  },
  "jaccard": [
    0.5081967213114754
  ],
  "braycurtis": [
    0.6461058789495677
  ],
  "dice": [
    0.34065934065934067
  ],
  "cosinus": [
    0.03078762681014169
  ]
}