{
  "voc_eval_res": {
    "precision": 7.7821,
    "recall": 1.0965,
    "f-score": 1.9222
  },
  "KL_res": {
    "KL divergence": 4.441328086563165,
    "Euclidean Dist.": 0.20247784545039824,
    "WER": 0.9862268938021022,
    "CER": 0.8456638354939652,
    "Cosine Dist.": 0.9130489172030043
  },
  "occ_eval_res": {
    "precision": 6.3781,
    "recall": 2.0297,
    "f-score": 3.0795
  },
  "clean_eval": {
    "f-score": 1.4259144451332921,
    "precision": 0.9523809523809524,
    "recall": 2.8360049321824907,
    "tp": 23,
    "fp": 2392,
    "fn": 788
  },
  "jaccard": [
    0.42592592592592593
  ],
  "braycurtis": [
    0.45088529638183217
  ],
  "dice": [
    0.27058823529411763
  ],
  "cosinus": [
    0.059944249387025694
  ]
}