{
  "voc_eval_res": {
    "precision": 5.0,
    "recall": 8.0268,
    "f-score": 6.1617
  },
  "KL_res": {
    "KL divergence": 4.182620593953565,
    "Euclidean Dist.": 0.12547263965050845,
    "WER": 3.264623955431755,
    "CER": 3.1047988708539167,
    "Cosine Dist.": 0.5483003938817823
  },
  "occ_eval_res": {
    "precision": 4.9497,
    "recall": 16.4345,
    "f-score": 7.608
  },
  "clean_eval": {
    "f-score": 1.2080536912751678,
    "precision": 2.616279069767442,
    "recall": 0.7853403141361256,
    "tp": 9,
    "fp": 335,
    "fn": 1137
  },
  "jaccard": [
    0.3
  ],
  "braycurtis": [
    0.5815534698100657
  ],
  "dice": [
    0.17647058823529413
  ],
  "cosinus": [
    0.012757540234767384
  ]
}