{
  "voc_eval_res": {
    "precision": 6.3492,
    "recall": 2.7778,
    "f-score": 3.8647
  },
  "KL_res": {
    "KL divergence": 6.117805114672525,
    "Euclidean Dist.": 0.1968851022758283,
    "WER": 0.9795918367346939,
    "CER": 0.7373511904761905,
    "Cosine Dist.": 0.82380521875218
  },
  "occ_eval_res": {
    "precision": 4.6729,
    "recall": 3.4014,
    "f-score": 3.937
  },
  "clean_eval": {
    "f-score": 2.575107296137339,
    "precision": 2.18978102189781,
    "recall": 3.125,
    "tp": 3,
    "fp": 134,
    "fn": 93
  },
  "jaccard": [
    0.3333333333333333
  ],
  "braycurtis": [
    0.25925925925925924
  ],
  "dice": [
    0.2
  ],
  "cosinus": [
    0.06156305615999147
  ]
}