{
  "voc_eval_res": {
    "precision": 41.6667,
    "recall": 3.6675,
    "f-score": 6.7416
  },
  "KL_res": {
    "KL divergence": 4.247426688595585,
    "Euclidean Dist.": 0.44595459672897153,
    "WER": 0.9008849557522124,
    "CER": 0.773975791433892,
    "Cosine Dist.": 0.1760839422912822
  },
  "occ_eval_res": {
    "precision": 49.2958,
    "recall": 12.3894,
    "f-score": 19.802
  },
  "clean_eval": {
    "f-score": 7.41839762611276,
    "precision": 4.681647940074907,
    "recall": 17.857142857142858,
    "tp": 25,
    "fp": 509,
    "fn": 115
  },
  "jaccard": [
    0.8341037493579867
  ],
  "braycurtis": [
    0.624157405720532
  ],
  "dice": [
    0.7154185022026431
  ],
  "cosinus": [
    0.3301448832582131
  ]
}