{
  "voc_eval_res": {
    "precision": 22.7848,
    "recall": 4.878,
    "f-score": 8.0357
  },
  "KL_res": {
    "KL divergence": 4.260411660988529,
    "Euclidean Dist.": 0.19253184253598551,
    "WER": 0.9182389937106918,
    "CER": 0.7491577335375191,
    "Cosine Dist.": 0.4523493770103466
  },
  "occ_eval_res": {
    "precision": 29.0698,
    "recall": 10.4822,
    "f-score": 15.4083
  },
  "clean_eval": {
    "f-score": 5.253940455341506,
    "precision": 3.5545023696682465,
    "recall": 10.06711409395973,
    "tp": 15,
    "fp": 407,
    "fn": 134
  },
  "jaccard": [
    0.9541062801932367
  ],
  "braycurtis": [
    0.8829268292682927
  ],
  "dice": [
    0.9122401847575058
  ],
  "cosinus": [
    0.7956729167906833
  ]
}