{
  "voc_eval_res": {
    "precision": 17.4757,
    "recall": 4.6875,
    "f-score": 7.3922
  },
  "KL_res": {
    "KL divergence": 5.026311055369529,
    "Euclidean Dist.": 0.21834302638288147,
    "WER": 0.9461206896551724,
    "CER": 0.774949083503055,
    "Cosine Dist.": 0.7184537255379195
  },
  "occ_eval_res": {
    "precision": 15.5,
    "recall": 6.681,
    "f-score": 9.3373
  },
  "clean_eval": {
    "f-score": 8.373590982286636,
    "precision": 6.0889929742388755,
    "recall": 13.402061855670103,
    "tp": 26,
    "fp": 401,
    "fn": 168
  },
  "jaccard": [
    0.9501084598698482
  ],
  "braycurtis": [
    0.8323863636363636
  ],
  "dice": [
    0.9049586776859504
  ],
  "cosinus": [
    0.4586164320783638
  ]
}