{
  "voc_eval_res": {
    "precision": 3.7037,
    "recall": 0.3986,
    "f-score": 0.7197
  },
  "KL_res": {
    "KL divergence": 3.8910217966191993,
    "Euclidean Dist.": 0.14235471238864558,
    "WER": 0.9942067736185384,
    "CER": 0.8623129692648409,
    "Cosine Dist.": 0.9388423720889233
  },
  "occ_eval_res": {
    "precision": 4.3779,
    "recall": 0.8467,
    "f-score": 1.419
  },
  "clean_eval": {
    "f-score": 0.3091190108191654,
    "precision": 0.18535681186283595,
    "recall": 0.9302325581395349,
    "tp": 4,
    "fp": 2154,
    "fn": 426
  },
  "jaccard": [
    0.7962548341135762
  ],
  "braycurtis": [
    0.7601607860652076
  ],
  "dice": [
    0.6614812309773419
  ],
  "cosinus": [
    0.3282715262632312
  ]
}