{
  "voc_eval_res": {
    "precision": 79.5139,
    "recall": 47.9079,
    "f-score": 59.7911
  },
  "KL_res": {
    "KL divergence": 2.063483258815289,
    "Euclidean Dist.": 0.3368661839893276,
    "WER": 0.6068548387096774,
    "CER": 0.38492825669415887,
    "Cosine Dist.": 0.6580628511209183
  },
  "occ_eval_res": {
    "precision": 83.1152,
    "recall": 42.6747,
    "f-score": 56.3943
  },
  "clean_eval": {
    "f-score": 43.0949167791273,
    "precision": 32.65167007498296,
    "recall": 63.35978835978836,
    "tp": 479,
    "fp": 988,
    "fn": 277
  },
  "jaccard": [
    0.5363984674329502
  ],
  "braycurtis": [
    0.2723556463975473
  ],
  "dice": [
    0.36649214659685864
  ],
  "cosinus": [
    0.17339957798320293
  ]
}