{
  "voc_eval_res": {
    "precision": 10.8434,
    "recall": 0.4862,
    "f-score": 0.9307
  },
  "KL_res": {
    "KL divergence": 3.6684518434909035,
    "Euclidean Dist.": 0.20641603934227654,
    "WER": 0.9867140718562875,
    "CER": 0.9088407770767906,
    "Cosine Dist.": 0.8448974499720853
  },
  "occ_eval_res": {
    "precision": 16.5049,
    "recall": 1.5906,
    "f-score": 2.9015
  },
  "clean_eval": {
    "f-score": 0.2533478103510677,
    "precision": 0.1381488059996053,
    "recall": 1.5250544662309369,
    "tp": 7,
    "fp": 5060,
    "fn": 452
  },
  "jaccard": [
    0.9954325631380978
  ],
  "braycurtis": [
    0.9742421240340796
  ],
  "dice": [
    0.990906659534635
  ],
  "cosinus": [
    0.8199711664483019
  ]
}