{
  "voc_eval_res": {
    "precision": 6.3584,
    "recall": 2.657,
    "f-score": 3.7479
  },
  "KL_res": {
    "KL divergence": 4.694581551878954,
    "Euclidean Dist.": 0.13695983830892824,
    "WER": 0.954248366013072,
    "CER": 0.7267631947687996,
    "Cosine Dist.": 0.37916939724255017
  },
  "occ_eval_res": {
    "precision": 10.3774,
    "recall": 7.1895,
    "f-score": 8.4942
  },
  "clean_eval": {
    "f-score": 0.8152173913043477,
    "precision": 0.6787330316742082,
    "recall": 1.0204081632653061,
    "tp": 3,
    "fp": 439,
    "fn": 291
  },
  "jaccard": [
    0.984070796460177
  ],
  "braycurtis": [
    0.9211563731931669
  ],
  "dice": [
    0.9686411149825784
  ],
  "cosinus": [
    0.545494339416544
  ]
}