{
  "voc_eval_res": {
    "precision": 34.9398,
    "recall": 3.3998,
    "f-score": 6.1966
  },
  "KL_res": {
    "KL divergence": 3.651791265774885,
    "Euclidean Dist.": 0.25470378502439217,
    "WER": 0.9504132231404959,
    "CER": 0.813351733655339,
    "Cosine Dist.": 0.4662038162253046
  },
  "occ_eval_res": {
    "precision": 28.7149,
    "recall": 6.2201,
    "f-score": 10.2252
  },
  "clean_eval": {
    "f-score": 1.4372163388804842,
    "precision": 0.8820798514391829,
    "recall": 3.877551020408163,
    "tp": 19,
    "fp": 2135,
    "fn": 471
  },
  "jaccard": [
    0.9642058165548099
  ],
  "braycurtis": [
    0.8886867951982539
  ],
  "dice": [
    0.9308855291576674
  ],
  "cosinus": [
    0.5862154362767745
  ]
}