{
  "voc_eval_res": {
    "precision": 33.913,
    "recall": 2.1358,
    "f-score": 4.0185
  },
  "KL_res": {
    "KL divergence": 3.986738585721344,
    "Euclidean Dist.": 0.29653675447927796,
    "WER": 0.9613837489943685,
    "CER": 0.8596679164434923,
    "Cosine Dist.": 0.6557779179397627
  },
  "occ_eval_res": {
    "precision": 29.6758,
    "recall": 4.7868,
    "f-score": 8.2439
  },
  "clean_eval": {
    "f-score": 0.7421150278293136,
    "precision": 0.43535045711798,
    "recall": 2.512562814070352,
    "tp": 10,
    "fp": 2287,
    "fn": 388
  },
  "jaccard": [
    0.9784598815293484
  ],
  "braycurtis": [
    0.9216524216524217
  ],
  "dice": [
    0.9578281497100686
  ],
  "cosinus": [
    0.7845052839056134
  ]
}