{
  "voc_eval_res": {
    "precision": 13.7615,
    "recall": 8.1081,
    "f-score": 10.2041
  },
  "KL_res": {
    "KL divergence": 5.119630488405915,
    "Euclidean Dist.": 0.1421446931746662,
    "WER": 0.93,
    "CER": 0.6728971962616822,
    "Cosine Dist.": 0.7614136960323777
  },
  "occ_eval_res": {
    "precision": 12.7389,
    "recall": 10.0,
    "f-score": 11.2045
  },
  "clean_eval": {
    "f-score": 9.609609609609612,
    "precision": 8.64864864864865,
    "recall": 10.81081081081081,
    "tp": 16,
    "fp": 169,
    "fn": 132
  },
  "jaccard": [
    0.9288256227758007
  ],
  "braycurtis": [
    0.8652849740932642
  ],
  "dice": [
    0.867109634551495
  ],
  "cosinus": [
    0.8119045925866487
  ]
}