{
  "voc_eval_res": {
    "precision": 83.75,
    "recall": 29.0672,
    "f-score": 43.1562
  },
  "KL_res": {
    "KL divergence": 1.9679744945029576,
    "Euclidean Dist.": 0.18621678335317057,
    "WER": 0.6680790960451978,
    "CER": 0.5343167383732842,
    "Cosine Dist.": 0.05943876622797328
  },
  "occ_eval_res": {
    "precision": 83.2845,
    "recall": 40.113,
    "f-score": 54.1468
  },
  "clean_eval": {
    "f-score": 36.8836291913215,
    "precision": 27.500000000000004,
    "recall": 55.98802395209581,
    "tp": 187,
    "fp": 493,
    "fn": 147
  },
  "jaccard": [
    0.7105263157894737
  ],
  "braycurtis": [
    0.4489795918367347
  ],
  "dice": [
    0.5510204081632653
  ],
  "cosinus": [
    0.09335173408695929
  ]
}