{
  "voc_eval_res": {
    "precision": 82.9932,
    "recall": 40.1316,
    "f-score": 54.102
  },
  "KL_res": {
    "KL divergence": 1.9542019562776223,
    "Euclidean Dist.": 0.1663343152414305,
    "WER": 0.5853242320819113,
    "CER": 0.5006364022061943,
    "Cosine Dist.": 0.33893227811335846
  },
  "occ_eval_res": {
    "precision": 80.8955,
    "recall": 46.2457,
    "f-score": 58.8491
  },
  "clean_eval": {
    "f-score": 46.0352422907489,
    "precision": 36.28472222222222,
    "recall": 62.951807228915655,
    "tp": 209,
    "fp": 367,
    "fn": 123
  },
  "jaccard": [
    0.4510727367870225
  ],
  "braycurtis": [
    0.3006070203219847
  ],
  "dice": [
    0.29121621621621624
  ],
  "cosinus": [
    0.2105363730418739
  ]
}