{
  "voc_eval_res": {
    "precision": 54.3011,
    "recall": 50.5,
    "f-score": 52.3316
  },
  "KL_res": {
    "KL divergence": 1.4942750925172872,
    "Euclidean Dist.": 0.10194052727822543,
    "WER": 0.5875299760191847,
    "CER": 0.48650122716116717,
    "Cosine Dist.": 0.13765650594011702
  },
  "occ_eval_res": {
    "precision": 69.1643,
    "recall": 57.554,
    "f-score": 62.8272
  },
  "clean_eval": {
    "f-score": 34.08450704225352,
    "precision": 32.01058201058201,
    "recall": 36.44578313253012,
    "tp": 121,
    "fp": 257,
    "fn": 211
  },
  "jaccard": [
    0.37030075187969924
  ],
  "braycurtis": [
    0.1833119017002429
  ],
  "dice": [
    0.22722029988465975
  ],
  "cosinus": [
    0.04941371556228158
  ]
}