{
  "voc_eval_res": {
    "precision": 82.3834,
    "recall": 44.5378,
    "f-score": 57.8182
  },
  "KL_res": {
    "KL divergence": 2.712190707261072,
    "Euclidean Dist.": 0.2780239591576654,
    "WER": 0.6248725790010193,
    "CER": 0.427900504435554,
    "Cosine Dist.": 0.4795614256148917
  },
  "occ_eval_res": {
    "precision": 81.4,
    "recall": 41.4883,
    "f-score": 54.9629
  },
  "clean_eval": {
    "f-score": 36.19047619047619,
    "precision": 27.36625514403292,
    "recall": 53.41365461847389,
    "tp": 266,
    "fp": 706,
    "fn": 232
  },
  "jaccard": [
    0.4447992700729927
  ],
  "braycurtis": [
    0.26965853658536587
  ],
  "dice": [
    0.2860076268700499
  ],
  "cosinus": [
    0.29478263146306316
  ]
}