{
  "voc_eval_res": {
    "precision": 17.8571,
    "recall": 0.5647,
    "f-score": 1.0947
  },
  "KL_res": {
    "KL divergence": 3.785484396701879,
    "Euclidean Dist.": 0.31789470403102094,
    "WER": 0.9950162513542795,
    "CER": 0.9320714774920615,
    "Cosine Dist.": 0.9656085709377505
  },
  "occ_eval_res": {
    "precision": 10.0,
    "recall": 0.6934,
    "f-score": 1.2969
  },
  "clean_eval": {
    "f-score": 0.3066141042487955,
    "precision": 0.1647834274952919,
    "recall": 2.20125786163522,
    "tp": 7,
    "fp": 4241,
    "fn": 311
  },
  "jaccard": [
    0.48148148148148145
  ],
  "braycurtis": [
    0.8642554522448748
  ],
  "dice": [
    0.3170731707317073
  ],
  "cosinus": [
    0.04230767723484952
  ]
}