{
  "voc_eval_res": {
    "precision": 14.8148,
    "recall": 0.2912,
    "f-score": 0.5712
  },
  "KL_res": {
    "KL divergence": 3.7102219864562223,
    "Euclidean Dist.": 0.20651492138867097,
    "WER": 0.9964042392127176,
    "CER": 0.966340221072807,
    "Cosine Dist.": 0.9449754860722214
  },
  "occ_eval_res": {
    "precision": 14.0244,
    "recall": 0.4353,
    "f-score": 0.8443
  },
  "clean_eval": {
    "f-score": 0.47253396337861775,
    "precision": 0.24415055951169887,
    "recall": 7.317073170731707,
    "tp": 12,
    "fp": 4903,
    "fn": 152
  },
  "jaccard": [
    0.5094339622641509
  ],
  "braycurtis": [
    0.9327574951037011
  ],
  "dice": [
    0.34177215189873417
  ],
  "cosinus": [
    0.030965124906459307
  ]
}