{
  "voc_eval_res": {
    "precision": 27.0833,
    "recall": 5.9633,
    "f-score": 9.7744
  },
  "KL_res": {
    "KL divergence": 3.706562192430131,
    "Euclidean Dist.": 0.18886715685556793,
    "WER": 0.9577579203899269,
    "CER": 0.7616625916870415,
    "Cosine Dist.": 0.5733086769598567
  },
  "occ_eval_res": {
    "precision": 29.4,
    "recall": 11.9415,
    "f-score": 16.9844
  },
  "clean_eval": {
    "f-score": 2.039592081583683,
    "precision": 1.4321819713563606,
    "recall": 3.5416666666666665,
    "tp": 17,
    "fp": 1170,
    "fn": 463
  },
  "jaccard": [
    0.21052631578947367
  ],
  "braycurtis": [
    0.41328589997947596
  ],
  "dice": [
    0.11764705882352941
  ],
  "cosinus": [
    0.023087842077498588
  ]
}