{
  "voc_eval_res": {
    "precision": 33.1731,
    "recall": 1.9681,
    "f-score": 3.7157
  },
  "KL_res": {
    "KL divergence": 4.161115926627234,
    "Euclidean Dist.": 0.31845568578455113,
    "WER": 0.9818666666666667,
    "CER": 0.8986749421210778,
    "Cosine Dist.": 0.9685147233906786
  },
  "occ_eval_res": {
    "precision": 28.849,
    "recall": 2.5733,
    "f-score": 4.7252
  },
  "clean_eval": {
    "f-score": 0.8792345487457977,
    "precision": 0.4803616840915513,
    "recall": 5.182926829268292,
    "tp": 34,
    "fp": 7044,
    "fn": 622
  },
  "jaccard": [
    0.4482758620689655
  ],
  "braycurtis": [
    0.7729878271323988
  ],
  "dice": [
    0.28888888888888886
  ],
  "cosinus": [
    0.054250058271885004
  ]
}