{
  "voc_eval_res": {
    "precision": 81.1659,
    "recall": 31.1532,
    "f-score": 45.0249
  },
  "KL_res": {
    "KL divergence": 1.0827671193638844,
    "Euclidean Dist.": 0.09674229003913115,
    "WER": 0.47110006215040395,
    "CER": 0.3417917754569191,
    "Cosine Dist.": 0.040805340392916056
  },
  "occ_eval_res": {
    "precision": 87.0938,
    "recall": 58.2971,
    "f-score": 69.8436
  },
  "clean_eval": {
    "f-score": 39.38799529227148,
    "precision": 32.491909385113274,
    "recall": 50.0,
    "tp": 502,
    "fp": 1043,
    "fn": 502
  },
  "jaccard": [
    0.42424242424242425
  ],
  "braycurtis": [
    0.12707031071770772
  ],
  "dice": [
    0.2692307692307692
  ],
  "cosinus": [
    0.008138336251152456
  ]
}