{
  "voc_eval_res": {
    "precision": 8.5106,
    "recall": 0.6279,
    "f-score": 1.1696
  },
  "KL_res": {
    "KL divergence": 3.7065323173554727,
    "Euclidean Dist.": 0.21647171515620833,
    "WER": 0.9904129793510325,
    "CER": 0.8708766233766234,
    "Cosine Dist.": 0.8384064038560874
  },
  "occ_eval_res": {
    "precision": 7.0533,
    "recall": 1.1062,
    "f-score": 1.9125
  },
  "clean_eval": {
    "f-score": 0.41369800045966443,
    "precision": 0.2418704649287826,
    "recall": 1.4285714285714286,
    "tp": 9,
    "fp": 3712,
    "fn": 621
  },
  "jaccard": [
    0.9926985092789777
  ],
  "braycurtis": [
    0.976154346412313
  ],
  "dice": [
    0.9855028692237995
  ],
  "cosinus": [
    0.8863399666331597
  ]
}