{
  "voc_eval_res": {
    "precision": 66.6667,
    "recall": 25.0,
    "f-score": 36.3636
  },
  "KL_res": {
    "KL divergence": 10.34612019641475,
    "Euclidean Dist.": 1.0956761880619086,
    "WER": 0.9622641509433962,
    "CER": 0.9339019189765458,
    "Cosine Dist.": 0.9595215506187389
  },
  "occ_eval_res": {
    "precision": 66.6667,
    "recall": 3.7736,
    "f-score": 7.1429
  },
  "clean_eval": {
    "f-score": 7.142857142857142,
    "precision": 3.7735849056603774,
    "recall": 66.66666666666666,
    "tp": 2,
    "fp": 51,
    "fn": 1
  },
  "jaccard": [
    0.5905511811023622
  ],
  "braycurtis": [
    0.8802395209580839
  ],
  "dice": [
    0.41899441340782123
  ],
  "cosinus": [
    0.900965995402291
  ]
}