{
  "voc_eval_res": {
    "precision": 2.8571,
    "recall": 8.3333,
    "f-score": 4.2553
  },
  "KL_res": {
    "KL divergence": 8.362039263849836,
    "Euclidean Dist.": 0.4098411084676259,
    "WER": 3.0555555555555554,
    "CER": 3.720720720720721,
    "Cosine Dist.": 0.972499333960179
  },
  "occ_eval_res": {
    "precision": 1.7857,
    "recall": 5.5556,
    "f-score": 2.7027
  },
  "clean_eval": {
    "f-score": 2.816901408450704,
    "precision": 5.555555555555555,
    "recall": 1.8867924528301887,
    "tp": 1,
    "fp": 17,
    "fn": 52
  },
  "jaccard": [
    0.8612334801762115
  ],
  "braycurtis": [
    0.8606965174129353
  ],
  "dice": [
    0.7562862669245648
  ],
  "cosinus": [
    0.7719749618923945
  ]
}