{
  "voc_eval_res": {
    "precision": 8.265,
    "recall": 22.4818,
    "f-score": 12.0866
  },
  "KL_res": {
    "KL divergence": 1.1866720848421712,
    "Euclidean Dist.": 0.08046226266040364,
    "WER": 0.7777657764696352,
    "CER": 0.3026838429877344,
    "Cosine Dist.": 0.25103537502742623
  },
  "occ_eval_res": {
    "precision": 32.8631,
    "recall": 32.336,
    "f-score": 32.5975
  },
  "clean_eval": {
    "f-score": 12.035147392290249,
    "precision": 11.907900272036347,
    "recall": 12.165143397415696,
    "tp": 4246,
    "fp": 31411,
    "fn": 30657
  },
  "jaccard": [
    0.923635385856413
  ],
  "braycurtis": [
    0.6474192513056926
  ],
  "dice": [
    0.8581064201848614
  ],
  "cosinus": [
    0.26760205255472047
  ]
}