{
  "voc_eval_res": {
    "precision": 10.989,
    "recall": 1.5144,
    "f-score": 2.6619
  },
  "KL_res": {
    "KL divergence": 3.8798430575589475,
    "Euclidean Dist.": 0.14615627013026528,
    "WER": 0.9729845626072041,
    "CER": 0.8330914368650217,
    "Cosine Dist.": 0.6699881065369266
  },
  "occ_eval_res": {
    "precision": 12.3438,
    "recall": 3.3877,
    "f-score": 5.3163
  },
  "clean_eval": {
    "f-score": 0.539291217257319,
    "precision": 0.356234096692112,
    "recall": 1.109350237717908,
    "tp": 7,
    "fp": 1958,
    "fn": 624
  },
  "jaccard": [
    0.46
  ],
  "braycurtis": [
    0.613650451861277
  ],
  "dice": [
    0.2987012987012987
  ],
  "cosinus": [
    0.05183322913415844
  ]
}