{
  "voc_eval_res": {
    "precision": 17.0455,
    "recall": 6.3559,
    "f-score": 9.2593
  },
  "KL_res": {
    "KL divergence": 2.9155130027658984,
    "Euclidean Dist.": 0.11912889652777761,
    "WER": 0.8776595744680851,
    "CER": 0.6667259786476868,
    "Cosine Dist.": 0.11299090537071999
  },
  "occ_eval_res": {
    "precision": 27.5792,
    "recall": 20.5167,
    "f-score": 23.5294
  },
  "clean_eval": {
    "f-score": 3.921568627450981,
    "precision": 3.3938437253354383,
    "recall": 4.643628509719223,
    "tp": 43,
    "fp": 1224,
    "fn": 883
  },
  "jaccard": [
    0.27906976744186046
  ],
  "braycurtis": [
    0.16815044513354005
  ],
  "dice": [
    0.16216216216216217
  ],
  "cosinus": [
    0.012729193902588976
  ]
}