{
  "voc_eval_res": {
    "precision": 73.3871,
    "recall": 18.5336,
    "f-score": 29.5935
  },
  "KL_res": {
    "KL divergence": 3.0559885495353276,
    "Euclidean Dist.": 0.13503416438697002,
    "WER": 0.8098802395209581,
    "CER": 0.7065368567454798,
    "Cosine Dist.": 0.2740857824748578
  },
  "occ_eval_res": {
    "precision": 70.2703,
    "recall": 23.3533,
    "f-score": 35.0562
  },
  "clean_eval": {
    "f-score": 24.664224664224662,
    "precision": 16.31663974151858,
    "recall": 50.5,
    "tp": 101,
    "fp": 518,
    "fn": 99
  },
  "jaccard": [
    0.8106995884773662
  ],
  "braycurtis": [
    0.6444444444444445
  ],
  "dice": [
    0.6816608996539792
  ],
  "cosinus": [
    0.4431698565878104
  ]
}