{
  "voc_eval_res": {
    "precision": 8.1248,
    "recall": 20.4577,
    "f-score": 11.6305
  },
  "KL_res": {
    "KL divergence": 0.8382416001628528,
    "Euclidean Dist.": 0.06204679156161662,
    "WER": 0.7848669265501865,
    "CER": 0.3193383549718006,
    "Cosine Dist.": 0.14716518212562724
  },
  "occ_eval_res": {
    "precision": 34.0135,
    "recall": 35.8092,
    "f-score": 34.8883
  },
  "clean_eval": {
    "f-score": 16.02526460520474,
    "precision": 16.311446731587846,
    "recall": 15.748951383610619,
    "tp": 11189,
    "fp": 57407,
    "fn": 59857
  },
  "jaccard": [
    0.7577739223275056
  ],
  "braycurtis": [
    0.29630950387385835
  ],
  "dice": [
    0.6100128921357971
  ],
  "cosinus": [
    0.06273900460044357
  ]
}