{
  "voc_eval_res": {
    "precision": 14.5299,
    "recall": 2.2942,
    "f-score": 3.9627
  },
  "KL_res": {
    "KL divergence": 4.674183752275233,
    "Euclidean Dist.": 0.13695572036989287,
    "WER": 0.982051282051282,
    "CER": 0.8354767879548306,
    "Cosine Dist.": 0.8627752989224587
  },
  "occ_eval_res": {
    "precision": 11.5607,
    "recall": 2.5641,
    "f-score": 4.1973
  },
  "clean_eval": {
    "f-score": 0.22002200220022,
    "precision": 0.13351134846461948,
    "recall": 0.625,
    "tp": 1,
    "fp": 748,
    "fn": 159
  },
  "jaccard": [
    0.21621621621621623
  ],
  "braycurtis": [
    0.6370097728138089
  ],
  "dice": [
    0.12121212121212122
  ],
  "cosinus": [
    0.02831419047614303
  ]
}