{
  "voc_eval_res": {
    "precision": 15.5451,
    "recall": 38.3542,
    "f-score": 22.1235
  },
  "KL_res": {
    "KL divergence": 0.6416201110989694,
    "Euclidean Dist.": 0.06216001140436287,
    "WER": 0.6926749323072539,
    "CER": 0.22402915780795765,
    "Cosine Dist.": 0.16881293525470797
  },
  "occ_eval_res": {
    "precision": 46.1399,
    "recall": 50.8337,
    "f-score": 48.3732
  },
  "clean_eval": {
    "f-score": 37.975755152911844,
    "precision": 39.43012012891884,
    "recall": 36.62486108906175,
    "tp": 16149,
    "fp": 24807,
    "fn": 27944
  },
  "jaccard": [
    0.7297233574347689
  ],
  "braycurtis": [
    0.22665887179321198
  ],
  "dice": [
    0.5744601868465012
  ],
  "cosinus": [
    0.04266876041513701
  ]
}