{
  "voc_eval_res": {
    "precision": 78.5366,
    "recall": 46.2644,
    "f-score": 58.2278
  },
  "KL_res": {
    "KL divergence": 1.0980350265678902,
    "Euclidean Dist.": 0.17457443869849146,
    "WER": 0.43237250554323725,
    "CER": 0.32898401993842546,
    "Cosine Dist.": 0.23010580847023776
  },
  "occ_eval_res": {
    "precision": 85.1064,
    "recall": 62.0843,
    "f-score": 71.7949
  },
  "clean_eval": {
    "f-score": 53.677419354838705,
    "precision": 46.4804469273743,
    "recall": 63.51145038167939,
    "tp": 416,
    "fp": 479,
    "fn": 239
  },
  "jaccard": [
    0.21568627450980393
  ],
  "braycurtis": [
    0.11831124202258222
  ],
  "dice": [
    0.12087912087912088
  ],
  "cosinus": [
    0.006701261545312476
  ]
}