{
  "voc_eval_res": {
    "precision": 36.6667,
    "recall": 0.6766,
    "f-score": 1.3288
  },
  "KL_res": {
    "KL divergence": 4.686861593116242,
    "Euclidean Dist.": 0.27298544043340595,
    "WER": 0.992431173583964,
    "CER": 0.9613512621679591,
    "Cosine Dist.": 0.9584629031521283
  },
  "occ_eval_res": {
    "precision": 41.6342,
    "recall": 0.89,
    "f-score": 1.7427
  },
  "clean_eval": {
    "f-score": 0.1892863903085368,
    "precision": 0.09662769349695623,
    "recall": 4.6082949308755765,
    "tp": 10,
    "fp": 10339,
    "fn": 207
  },
  "jaccard": [
    0.48214285714285715
  ],
  "braycurtis": [
    0.9216433394952277
  ],
  "dice": [
    0.3176470588235294
  ],
  "cosinus": [
    0.1284288639684874
  ]
}