{
  "voc_eval_res": {
    "precision": 6.9573,
    "recall": 17.929,
    "f-score": 10.0246
  },
  "KL_res": {
    "KL divergence": 1.1670262556480058,
    "Euclidean Dist.": 0.1011425928029329,
    "WER": 1.276038628556614,
    "CER": 0.5847203892864825,
    "Cosine Dist.": 0.368592690133262
  },
  "occ_eval_res": {
    "precision": 23.172,
    "recall": 34.1986,
    "f-score": 27.6257
  },
  "clean_eval": {
    "f-score": 10.523804141707165,
    "precision": 14.144892309769766,
    "recall": 8.37882696422501,
    "tp": 4190,
    "fp": 25432,
    "fn": 45817
  },
  "jaccard": [
    0.9374814227682552
  ],
  "braycurtis": [
    0.6845113239094087
  ],
  "dice": [
    0.8823200298396121
  ],
  "cosinus": [
    0.1443962669249521
  ]
}