{
  "voc_eval_res": {
    "precision": 34.4156,
    "recall": 3.1213,
    "f-score": 5.7235
  },
  "KL_res": {
    "KL divergence": 4.322520633756382,
    "Euclidean Dist.": 0.4736362369340731,
    "WER": 0.939020091646105,
    "CER": 0.7817217041883469,
    "Cosine Dist.": 0.5603391253413165
  },
  "occ_eval_res": {
    "precision": 28.0832,
    "recall": 6.662,
    "f-score": 10.7692
  },
  "clean_eval": {
    "f-score": 3.8163001293661063,
    "precision": 2.418032786885246,
    "recall": 9.049079754601227,
    "tp": 59,
    "fp": 2381,
    "fn": 593
  },
  "jaccard": [
    0.757545522574208
  ],
  "braycurtis": [
    0.6933370283859218
  ],
  "dice": [
    0.6097169243123871
  ],
  "cosinus": [
    0.5083876172785299
  ]
}