{
  "voc_eval_res": {
    "precision": 52.0,
    "recall": 7.482,
    "f-score": 13.0818
  },
  "KL_res": {
    "KL divergence": 3.6161507898523597,
    "Euclidean Dist.": 0.22537138789714647,
    "WER": 0.8698412698412699,
    "CER": 0.7281217050760657,
    "Cosine Dist.": 0.2457647343116166
  },
  "occ_eval_res": {
    "precision": 47.2492,
    "recall": 15.4497,
    "f-score": 23.2855
  },
  "clean_eval": {
    "f-score": 9.314140558848433,
    "precision": 6.0908084163898115,
    "recall": 19.784172661870503,
    "tp": 55,
    "fp": 848,
    "fn": 223
  },
  "jaccard": [
    0.7014868471216165
  ],
  "braycurtis": [
    0.5659645232815964
  ],
  "dice": [
    0.540223135642983
  ],
  "cosinus": [
    0.23511831775275915
  ]
}