{
  "voc_eval_res": {
    "precision": 2.9238,
    "recall": 9.4031,
    "f-score": 4.4607
  },
  "KL_res": {
    "KL divergence": 1.3099733872049095,
    "Euclidean Dist.": 0.07182754094852822,
    "WER": 0.9271821676798667,
    "CER": 0.5674583530816086,
    "Cosine Dist.": 0.23358952282187784
  },
  "occ_eval_res": {
    "precision": 20.9832,
    "recall": 20.2659,
    "f-score": 20.6183
  },
  "clean_eval": {
    "f-score": 1.8493464020479078,
    "precision": 1.8430140069064527,
    "recall": 1.8557224620553592,
    "tp": 950,
    "fp": 50596,
    "fn": 50243
  },
  "jaccard": [
    0.9724146990246626
  ],
  "braycurtis": [
    0.7833066649933591
  ],
  "dice": [
    0.9463104407017993
  ],
  "cosinus": [
    0.23980765801452275
  ]
}