{
  "voc_eval_res": {
    "precision": 36.3636,
    "recall": 13.3333,
    "f-score": 19.5122
  },
  "KL_res": {
    "KL divergence": 6.100064731574285,
    "Euclidean Dist.": 0.4809659779754703,
    "WER": 0.8360655737704918,
    "CER": 0.7381546134663342,
    "Cosine Dist.": 0.5783657655623269
  },
  "occ_eval_res": {
    "precision": 50.0,
    "recall": 16.3934,
    "f-score": 24.6914
  },
  "clean_eval": {
    "f-score": 25.641025641025646,
    "precision": 17.24137931034483,
    "recall": 50.0,
    "tp": 10,
    "fp": 48,
    "fn": 10
  },
  "jaccard": [
    0.7252747252747253
  ],
  "braycurtis": [
    0.620253164556962
  ],
  "dice": [
    0.5689655172413793
  ],
  "cosinus": [
    0.5597118369445786
  ]
}