{
  "voc_eval_res": {
    "precision": 45.4545,
    "recall": 13.8889,
    "f-score": 21.2766
  },
  "KL_res": {
    "KL divergence": 5.328294413920489,
    "Euclidean Dist.": 0.4356996484660842,
    "WER": 0.8214285714285714,
    "CER": 0.6619718309859155,
    "Cosine Dist.": 0.3654762732729713
  },
  "occ_eval_res": {
    "precision": 55.0,
    "recall": 19.6429,
    "f-score": 28.9474
  },
  "clean_eval": {
    "f-score": 21.62162162162162,
    "precision": 14.814814814814813,
    "recall": 40.0,
    "tp": 8,
    "fp": 46,
    "fn": 12
  },
  "jaccard": [
    0.7268518518518519
  ],
  "braycurtis": [
    0.5166994106090373
  ],
  "dice": [
    0.5709090909090909
  ],
  "cosinus": [
    0.27461693643286966
  ]
}