{
  "voc_eval_res": {
    "precision": 27.6596,
    "recall": 0.9559,
    "f-score": 1.8479
  },
  "KL_res": {
    "KL divergence": 4.44567712444783,
    "Euclidean Dist.": 0.25512349971959025,
    "WER": 0.9893679858239811,
    "CER": 0.9372189553787617,
    "Cosine Dist.": 0.8352869151612937
  },
  "occ_eval_res": {
    "precision": 21.5686,
    "recall": 1.2995,
    "f-score": 2.4513
  },
  "clean_eval": {
    "f-score": 0.7058823529411765,
    "precision": 0.37429819089207733,
    "recall": 6.185567010309279,
    "tp": 6,
    "fp": 1597,
    "fn": 91
  },
  "jaccard": [
    0.40425531914893614
  ],
  "braycurtis": [
    0.8714846566781508
  ],
  "dice": [
    0.25333333333333335
  ],
  "cosinus": [
    0.04162658513630324
  ]
}