{
  "voc_eval_res": {
    "precision": 18.3824,
    "recall": 14.9477,
    "f-score": 16.488
  },
  "KL_res": {
    "KL divergence": 2.59361598165373,
    "Euclidean Dist.": 0.10482220232620468,
    "WER": 1.3050279329608938,
    "CER": 1.1014742014742014,
    "Cosine Dist.": 0.29916112018057095
  },
  "occ_eval_res": {
    "precision": 21.4401,
    "recall": 29.6089,
    "f-score": 24.871
  },
  "clean_eval": {
    "f-score": 6.815968841285298,
    "precision": 7.972665148063782,
    "recall": 5.952380952380952,
    "tp": 70,
    "fp": 808,
    "fn": 1106
  },
  "jaccard": [
    0.900359066427289
  ],
  "braycurtis": [
    0.743499338915822
  ],
  "dice": [
    0.8187755102040817
  ],
  "cosinus": [
    0.39552503059910316
  ]
}