{
  "voc_eval_res": {
    "precision": 64.3312,
    "recall": 37.8277,
    "f-score": 47.6415
  },
  "KL_res": {
    "KL divergence": 2.496430589684428,
    "Euclidean Dist.": 0.271950314150813,
    "WER": 0.6989374262101535,
    "CER": 0.5871985157699443,
    "Cosine Dist.": 0.41905716883456834
  },
  "occ_eval_res": {
    "precision": 55.1491,
    "recall": 48.0519,
    "f-score": 51.3565
  },
  "clean_eval": {
    "f-score": 16.49928263988522,
    "precision": 14.743589743589745,
    "recall": 18.729641693811075,
    "tp": 115,
    "fp": 665,
    "fn": 499
  },
  "jaccard": [
    0.4074074074074074
  ],
  "braycurtis": [
    0.21728166764730605
  ],
  "dice": [
    0.2558139534883721
  ],
  "cosinus": [
    0.09145147462471515
  ]
}