{
  "voc_eval_res": {
    "precision": 78.1915,
    "recall": 37.5,
    "f-score": 50.6897
  },
  "KL_res": {
    "KL divergence": 1.2973259354985545,
    "Euclidean Dist.": 0.11891286743974844,
    "WER": 0.49251497005988026,
    "CER": 0.43050325231085246,
    "Cosine Dist.": 0.016168365424623632
  },
  "occ_eval_res": {
    "precision": 85.0816,
    "recall": 54.6407,
    "f-score": 66.5451
  },
  "clean_eval": {
    "f-score": 50.280373831775705,
    "precision": 41.51234567901235,
    "recall": 63.74407582938388,
    "tp": 269,
    "fp": 379,
    "fn": 153
  },
  "jaccard": [
    0.4282700421940928
  ],
  "braycurtis": [
    0.22075414168106514
  ],
  "dice": [
    0.27248322147651005
  ],
  "cosinus": [
    0.02498881888381299
  ]
}