{
  "voc_eval_res": {
    "precision": 60.0,
    "recall": 37.5,
    "f-score": 46.1538
  },
  "KL_res": {
    "KL divergence": 4.5090661888891725,
    "Euclidean Dist.": 0.3457698464348809,
    "WER": 0.7368421052631579,
    "CER": 0.6099290780141844,
    "Cosine Dist.": 0.4611840939196751
  },
  "occ_eval_res": {
    "precision": 60.0,
    "recall": 31.5789,
    "f-score": 41.3793
  },
  "clean_eval": {
    "f-score": 40.0,
    "precision": 31.25,
    "recall": 55.55555555555556,
    "tp": 5,
    "fp": 11,
    "fn": 4
  },
  "jaccard": [
    0.5816733067729084
  ],
  "braycurtis": [
    0.4801762114537445
  ],
  "dice": [
    0.4101123595505618
  ],
  "cosinus": [
    0.39672312848436464
  ]
}