{
  "voc_eval_res": {
    "precision": 70.0,
    "recall": 33.3333,
    "f-score": 45.1613
  },
  "KL_res": {
    "KL divergence": 4.277448344118983,
    "Euclidean Dist.": 0.32676728646566233,
    "WER": 0.7272727272727273,
    "CER": 0.6158536585365854,
    "Cosine Dist.": 0.390150421383355
  },
  "occ_eval_res": {
    "precision": 70.0,
    "recall": 31.8182,
    "f-score": 43.75
  },
  "clean_eval": {
    "f-score": 35.714285714285715,
    "precision": 26.31578947368421,
    "recall": 55.55555555555556,
    "tp": 5,
    "fp": 14,
    "fn": 4
  },
  "jaccard": [
    0.602112676056338
  ],
  "braycurtis": [
    0.488
  ],
  "dice": [
    0.43073047858942065
  ],
  "cosinus": [
    0.3653098995840066
  ]
}