{
  "voc_eval_res": {
    "precision": 10.0503,
    "recall": 0.5366,
    "f-score": 1.0188
  },
  "KL_res": {
    "KL divergence": 3.5146283613793328,
    "Euclidean Dist.": 0.17682854026049016,
    "WER": 0.989428263214671,
    "CER": 0.8723597110445793,
    "Cosine Dist.": 0.744021241933413
  },
  "occ_eval_res": {
    "precision": 10.5797,
    "recall": 1.575,
    "f-score": 2.7418
  },
  "clean_eval": {
    "f-score": 0.36407766990291257,
    "precision": 0.2111684655091506,
    "recall": 1.3196480938416422,
    "tp": 9,
    "fp": 4253,
    "fn": 673
  },
  "jaccard": [
    0.9934572101544098
  ],
  "braycurtis": [
    0.9693427859743246
  ],
  "dice": [
    0.9869994799791991
  ],
  "cosinus": [
    0.830335207655045
  ]
}