{
  "voc_eval_res": {
    "precision": 12.3552,
    "recall": 1.0596,
    "f-score": 1.9518
  },
  "KL_res": {
    "KL divergence": 3.654531965596304,
    "Euclidean Dist.": 0.15657524950202883,
    "WER": 0.9873808910636106,
    "CER": 0.8442511552052188,
    "Cosine Dist.": 0.7360508132793708
  },
  "occ_eval_res": {
    "precision": 10.7672,
    "recall": 2.0603,
    "f-score": 3.4587
  },
  "clean_eval": {
    "f-score": 0.691085003455425,
    "precision": 0.41551246537396125,
    "recall": 2.0519835841313268,
    "tp": 15,
    "fp": 3595,
    "fn": 716
  },
  "jaccard": [
    0.98999061620269
  ],
  "braycurtis": [
    0.9644523439235725
  ],
  "dice": [
    0.9801796221740476
  ],
  "cosinus": [
    0.8189335808933511
  ]
}