{
  "voc_eval_res": {
    "precision": 17.5439,
    "recall": 1.3432,
    "f-score": 2.4953
  },
  "KL_res": {
    "KL divergence": 4.15807747981405,
    "Euclidean Dist.": 0.1638930136033223,
    "WER": 0.9848569826135727,
    "CER": 0.8789978678038379,
    "Cosine Dist.": 0.7501130816622191
  },
  "occ_eval_res": {
    "precision": 16.9492,
    "recall": 2.2434,
    "f-score": 3.9624
  },
  "clean_eval": {
    "f-score": 0.41644976574700665,
    "precision": 0.2352941176470588,
    "recall": 1.809954751131222,
    "tp": 4,
    "fp": 1696,
    "fn": 217
  },
  "jaccard": [
    0.9876703439325114
  ],
  "braycurtis": [
    0.9682886823400766
  ],
  "dice": [
    0.9756410256410256
  ],
  "cosinus": [
    0.9082835142283225
  ]
}