{
  "voc_eval_res": {
    "precision": 16.8675,
    "recall": 1.2762,
    "f-score": 2.3729
  },
  "KL_res": {
    "KL divergence": 3.715054619882533,
    "Euclidean Dist.": 0.18436288939085108,
    "WER": 0.9843169624432522,
    "CER": 0.8760351192257807,
    "Cosine Dist.": 0.8056807752563984
  },
  "occ_eval_res": {
    "precision": 11.3402,
    "recall": 1.8159,
    "f-score": 3.1306
  },
  "clean_eval": {
    "f-score": 1.0189228529839884,
    "precision": 0.5924672027084215,
    "recall": 3.6363636363636362,
    "tp": 14,
    "fp": 2349,
    "fn": 371
  },
  "jaccard": [
    0.9877782627673505
  ],
  "braycurtis": [
    0.9753823200298396
  ],
  "dice": [
    0.9758516601983613
  ],
  "cosinus": [
    0.967123326623495
  ]
}