{
  "voc_eval_res": {
    "precision": 12.963,
    "recall": 1.4729,
    "f-score": 2.6453
  },
  "KL_res": {
    "KL divergence": 3.6226016470048163,
    "Euclidean Dist.": 0.1529418228109912,
    "WER": 0.9841341795104261,
    "CER": 0.8449162679425838,
    "Cosine Dist.": 0.8194810841678604
  },
  "occ_eval_res": {
    "precision": 9.447,
    "recall": 1.8586,
    "f-score": 3.1061
  },
  "clean_eval": {
    "f-score": 0.5401234567901234,
    "precision": 0.32377428307123035,
    "recall": 1.627906976744186,
    "tp": 7,
    "fp": 2155,
    "fn": 423
  },
  "jaccard": [
    0.776856160226583
  ],
  "braycurtis": [
    0.7219571567672833
  ],
  "dice": [
    0.6351306649024148
  ],
  "cosinus": [
    0.2861794793643532
  ]
}