{
  "voc_eval_res": {
    "precision": 72.1925,
    "recall": 44.5545,
    "f-score": 55.102
  },
  "KL_res": {
    "KL divergence": 1.0450129491588405,
    "Euclidean Dist.": 0.09175533306704656,
    "WER": 0.5014880952380952,
    "CER": 0.40767547550917355,
    "Cosine Dist.": 0.028018604388799218
  },
  "occ_eval_res": {
    "precision": 82.4847,
    "recall": 60.2679,
    "f-score": 69.6475
  },
  "clean_eval": {
    "f-score": 49.29577464788733,
    "precision": 42.83216783216783,
    "recall": 58.0568720379147,
    "tp": 245,
    "fp": 327,
    "fn": 177
  },
  "jaccard": [
    0.3864826273203237
  ],
  "braycurtis": [
    0.20365535248041775
  ],
  "dice": [
    0.23952802359882006
  ],
  "cosinus": [
    0.036714497588812955
  ]
}