{
  "voc_eval_res": {
    "precision": 78.5088,
    "recall": 42.4171,
    "f-score": 55.0769
  },
  "KL_res": {
    "KL divergence": 1.5791656523696398,
    "Euclidean Dist.": 0.2183469388811331,
    "WER": 0.5634118967452301,
    "CER": 0.42598815810529683,
    "Cosine Dist.": 0.3609297933318296
  },
  "occ_eval_res": {
    "precision": 82.0952,
    "recall": 48.3726,
    "f-score": 60.8757
  },
  "clean_eval": {
    "f-score": 42.94032023289665,
    "precision": 34.14351851851852,
    "recall": 57.84313725490197,
    "tp": 295,
    "fp": 569,
    "fn": 215
  },
  "jaccard": [
    0.42879872712808276
  ],
  "braycurtis": [
    0.22462261592696375
  ],
  "dice": [
    0.2729113924050633
  ],
  "cosinus": [
    0.09948390862384515
  ]
}