{
  "voc_eval_res": {
    "precision": 16.0256,
    "recall": 0.7388,
    "f-score": 1.4124
  },
  "KL_res": {
    "KL divergence": 4.471515979813767,
    "Euclidean Dist.": 0.22893862236145437,
    "WER": 0.9920332525112574,
    "CER": 0.9252491175459969,
    "Cosine Dist.": 0.931353241009117
  },
  "occ_eval_res": {
    "precision": 21.2828,
    "recall": 1.2643,
    "f-score": 2.3868
  },
  "clean_eval": {
    "f-score": 0.35574528637495545,
    "precision": 0.188040616773223,
    "recall": 3.289473684210526,
    "tp": 10,
    "fp": 5308,
    "fn": 294
  },
  "jaccard": [
    0.4406779661016949
  ],
  "braycurtis": [
    0.8288258208124653
  ],
  "dice": [
    0.2826086956521739
  ],
  "cosinus": [
    0.07581348504841467
  ]
}