{
  "voc_eval_res": {
    "precision": 78.7879,
    "recall": 22.4138,
    "f-score": 34.8993
  },
  "KL_res": {
    "KL divergence": 2.4064569037735075,
    "Euclidean Dist.": 0.21363410628479432,
    "WER": 0.6955555555555556,
    "CER": 0.5022463496817672,
    "Cosine Dist.": 0.17889480140121428
  },
  "occ_eval_res": {
    "precision": 78.3333,
    "recall": 36.5556,
    "f-score": 49.8485
  },
  "clean_eval": {
    "f-score": 24.420401854714065,
    "precision": 17.974971558589306,
    "recall": 38.0722891566265,
    "tp": 158,
    "fp": 721,
    "fn": 257
  },
  "jaccard": [
    0.4782608695652174
  ],
  "braycurtis": [
    0.2341496910048066
  ],
  "dice": [
    0.3142857142857143
  ],
  "cosinus": [
    0.025922081864244495
  ]
}