{
  "voc_eval_res": {
    "precision": 70.9763,
    "recall": 26.6601,
    "f-score": 38.7608
  },
  "KL_res": {
    "KL divergence": 2.7888604297340236,
    "Euclidean Dist.": 0.2791677972639523,
    "WER": 0.7621212121212121,
    "CER": 0.5476243093922651,
    "Cosine Dist.": 0.7412996785093019
  },
  "occ_eval_res": {
    "precision": 77.3885,
    "recall": 27.6136,
    "f-score": 40.7035
  },
  "clean_eval": {
    "f-score": 23.258491652274035,
    "precision": 15.82452017234626,
    "recall": 43.865363735070574,
    "tp": 404,
    "fp": 2149,
    "fn": 517
  },
  "jaccard": [
    0.7325800376647834
  ],
  "braycurtis": [
    0.4527002537151142
  ],
  "dice": [
    0.5780089153046062
  ],
  "cosinus": [
    0.207378527157405
  ]
}