{
  "voc_eval_res": {
    "precision": 67.7419,
    "recall": 10.9783,
    "f-score": 18.8946
  },
  "KL_res": {
    "KL divergence": 3.0138459725315556,
    "Euclidean Dist.": 0.12271856298594226,
    "WER": 0.8810617662072486,
    "CER": 0.804860355458832,
    "Cosine Dist.": 0.4152606604829171
  },
  "occ_eval_res": {
    "precision": 70.3797,
    "recall": 14.1909,
    "f-score": 23.6194
  },
  "clean_eval": {
    "f-score": 15.167216203485637,
    "precision": 9.11664779161948,
    "recall": 45.09803921568628,
    "tp": 161,
    "fp": 1605,
    "fn": 196
  },
  "jaccard": [
    0.8778035576179428
  ],
  "braycurtis": [
    0.7344877344877345
  ],
  "dice": [
    0.7822191592005513
  ],
  "cosinus": [
    0.49833737618106977
  ]
}