{
  "voc_eval_res": {
    "precision": 77.9762,
    "recall": 35.4054,
    "f-score": 48.6989
  },
  "KL_res": {
    "KL divergence": 1.7636710902353825,
    "Euclidean Dist.": 0.12485854076387491,
    "WER": 0.5949152542372881,
    "CER": 0.44585561497326204,
    "Cosine Dist.": 0.12419176790980602
  },
  "occ_eval_res": {
    "precision": 78.51,
    "recall": 46.4407,
    "f-score": 58.36
  },
  "clean_eval": {
    "f-score": 43.20175438596491,
    "precision": 34.20138888888889,
    "recall": 58.63095238095239,
    "tp": 197,
    "fp": 379,
    "fn": 139
  },
  "jaccard": [
    0.6372549019607843
  ],
  "braycurtis": [
    0.3516160626836435
  ],
  "dice": [
    0.4676258992805755
  ],
  "cosinus": [
    0.09099835830476521
  ]
}