{
  "voc_eval_res": {
    "precision": 46.6184,
    "recall": 91.46,
    "f-score": 61.7579
  },
  "KL_res": {
    "KL divergence": 0.06950315515024673,
    "Euclidean Dist.": 0.025306333076439938,
    "WER": 0.29713531588922293,
    "CER": 0.2531008102629456,
    "Cosine Dist.": 0.011824398417785265
  },
  "occ_eval_res": {
    "precision": 77.4806,
    "recall": 95.1865,
    "f-score": 85.4258
  },
  "clean_eval": {
    "f-score": 77.69931307721232,
    "precision": 87.52983231912059,
    "recall": 69.85397788643091,
    "tp": 84721,
    "fp": 12070,
    "fn": 36562
  },
  "jaccard": [
    0.5180285778075463
  ],
  "braycurtis": [
    0.13947594912498804
  ],
  "dice": [
    0.3495536891265866
  ],
  "cosinus": [
    0.01181691184934841
  ]
}