{
  "voc_eval_res": {
    "precision": 7.5223,
    "recall": 32.9232,
    "f-score": 12.2466
  },
  "KL_res": {
    "KL divergence": 0.5301093699280135,
    "Euclidean Dist.": 0.05284876952093063,
    "WER": 1.590495287748145,
    "CER": 1.1759424098303015,
    "Cosine Dist.": 0.09882878860964472
  },
  "occ_eval_res": {
    "precision": 31.7451,
    "recall": 59.3463,
    "f-score": 41.3641
  },
  "clean_eval": {
    "f-score": 19.728009763752066,
    "precision": 27.61383742449818,
    "recall": 15.345667431425955,
    "tp": 13578,
    "fp": 35593,
    "fn": 74903
  },
  "jaccard": [
    0.9272341553964466
  ],
  "braycurtis": [
    0.5676634831167475
  ],
  "dice": [
    0.8643397439066595
  ],
  "cosinus": [
    0.08655951415032925
  ]
}