{
  "voc_eval_res": {
    "precision": 9.0909,
    "recall": 0.7008,
    "f-score": 1.3012
  },
  "KL_res": {
    "KL divergence": 4.654848278551597,
    "Euclidean Dist.": 0.6419028083717673,
    "WER": 0.9866666666666667,
    "CER": 0.830717756711543,
    "Cosine Dist.": 0.9435128819796873
  },
  "occ_eval_res": {
    "precision": 7.4169,
    "recall": 1.6812,
    "f-score": 2.741
  },
  "clean_eval": {
    "f-score": 0.40241448692152915,
    "precision": 0.24968789013732834,
    "recall": 1.0362694300518136,
    "tp": 4,
    "fp": 1598,
    "fn": 382
  },
  "jaccard": [
    0.8518518518518519
  ],
  "braycurtis": [
    0.7789087690459632
  ],
  "dice": [
    0.7419354838709677
  ],
  "cosinus": [
    0.5510785918069068
  ]
}