{
  "voc_eval_res": {
    "precision": 12.8571,
    "recall": 0.3211,
    "f-score": 0.6265
  },
  "KL_res": {
    "KL divergence": 4.7647706062414485,
    "Euclidean Dist.": 0.3071688895646587,
    "WER": 0.9932842287694974,
    "CER": 0.9516456266907124,
    "Cosine Dist.": 0.9527503996731688
  },
  "occ_eval_res": {
    "precision": 19.6532,
    "recall": 0.7366,
    "f-score": 1.4199
  },
  "clean_eval": {
    "f-score": 1.3048368953880765,
    "precision": 0.6774118196683018,
    "recall": 17.682926829268293,
    "tp": 29,
    "fp": 4252,
    "fn": 135
  },
  "jaccard": [
    0.9166380199381231
  ],
  "braycurtis": [
    0.9197149476936038
  ],
  "dice": [
    0.8461050293511027
  ],
  "cosinus": [
    0.39248834579834924
  ]
}