{
  "voc_eval_res": {
    "precision": 16.0,
    "recall": 0.1587,
    "f-score": 0.3142
  },
  "KL_res": {
    "KL divergence": 4.923955834396879,
    "Euclidean Dist.": 0.35594916757675243,
    "WER": 0.9959130596321754,
    "CER": 0.9742477530285267,
    "Cosine Dist.": 0.9701010123119387
  },
  "occ_eval_res": {
    "precision": 29.8343,
    "recall": 0.5016,
    "f-score": 0.9866
  },
  "clean_eval": {
    "f-score": 0.22990908140871563,
    "precision": 0.11684724877841512,
    "recall": 7.096774193548387,
    "tp": 11,
    "fp": 9403,
    "fn": 144
  },
  "jaccard": [
    0.9598958835438157
  ],
  "braycurtis": [
    0.9572619874913134
  ],
  "dice": [
    0.92288441931597
  ],
  "cosinus": [
    0.5825051204948328
  ]
}