{
  "voc_eval_res": {
    "precision": 24.6479,
    "recall": 2.3907,
    "f-score": 4.3587
  },
  "KL_res": {
    "KL divergence": 3.8978725639554863,
    "Euclidean Dist.": 0.19461839413246074,
    "WER": 0.9700176366843033,
    "CER": 0.8735618189565959,
    "Cosine Dist.": 0.4076259958644164
  },
  "occ_eval_res": {
    "precision": 28.3871,
    "recall": 5.1734,
    "f-score": 8.7519
  },
  "clean_eval": {
    "f-score": 0.6372809346787042,
    "precision": 0.3807106598984772,
    "recall": 1.9543973941368076,
    "tp": 6,
    "fp": 1570,
    "fn": 301
  },
  "jaccard": [
    0.8182753653015024
  ],
  "braycurtis": [
    0.759379042690815
  ],
  "dice": [
    0.6924416579588993
  ],
  "cosinus": [
    0.21805780649718387
  ]
}