{
  "voc_eval_res": {
    "precision": 17.3913,
    "recall": 0.614,
    "f-score": 1.1861
  },
  "KL_res": {
    "KL divergence": 4.7485514240685625,
    "Euclidean Dist.": 0.2989342787756645,
    "WER": 0.9930555555555556,
    "CER": 0.8930341355112398,
    "Cosine Dist.": 0.9831497083536476
  },
  "occ_eval_res": {
    "precision": 9.1413,
    "recall": 0.7902,
    "f-score": 1.4547
  },
  "clean_eval": {
    "f-score": 0.14224751066856328,
    "precision": 0.07774034724021767,
    "recall": 0.8356545961002786,
    "tp": 3,
    "fp": 3856,
    "fn": 356
  },
  "jaccard": [
    0.5178571428571429
  ],
  "braycurtis": [
    0.7589516678012254
  ],
  "dice": [
    0.3493975903614458
  ],
  "cosinus": [
    0.06815747052906596
  ]
}