{
  "voc_eval_res": {
    "precision": 19.5652,
    "recall": 0.5958,
    "f-score": 1.1564
  },
  "KL_res": {
    "KL divergence": 4.53992702768898,
    "Euclidean Dist.": 0.2929384581531042,
    "WER": 0.9931092086030486,
    "CER": 0.9036026274801923,
    "Cosine Dist.": 0.979513246421676
  },
  "occ_eval_res": {
    "precision": 9.7035,
    "recall": 0.7517,
    "f-score": 1.3953
  },
  "clean_eval": {
    "f-score": 0.16753926701570682,
    "precision": 0.09078529278256922,
    "recall": 1.084010840108401,
    "tp": 4,
    "fp": 4402,
    "fn": 365
  },
  "jaccard": [
    0.5178571428571429
  ],
  "braycurtis": [
    0.7908237315245401
  ],
  "dice": [
    0.3493975903614458
  ],
  "cosinus": [
    0.06121114630036395
  ]
}