{
  "voc_eval_res": {
    "precision": 9.7242,
    "recall": 27.1255,
    "f-score": 14.3162
  },
  "KL_res": {
    "KL divergence": 3.5761456822283924,
    "Euclidean Dist.": 0.2717772700751876,
    "WER": 4.8464912280701755,
    "CER": 4.175025329280649,
    "Cosine Dist.": 0.7378433096565458
  },
  "occ_eval_res": {
    "precision": 7.0129,
    "recall": 34.6491,
    "f-score": 11.6648
  },
  "clean_eval": {
    "f-score": 4.22589320015367,
    "precision": 13.285024154589372,
    "recall": 2.512562814070352,
    "tp": 55,
    "fp": 359,
    "fn": 2134
  },
  "jaccard": [
    0.9193729003359462
  ],
  "braycurtis": [
    0.8769007965242578
  ],
  "dice": [
    0.8507772020725388
  ],
  "cosinus": [
    0.7877036992469828
  ]
}