{
  "voc_eval_res": {
    "precision": 11.6923,
    "recall": 0.9901,
    "f-score": 1.8256
  },
  "KL_res": {
    "KL divergence": 3.9581167048731674,
    "Euclidean Dist.": 0.2838470022684727,
    "WER": 0.9819053510671203,
    "CER": 0.8356878779717455,
    "Cosine Dist.": 0.9239380807175621
  },
  "occ_eval_res": {
    "precision": 12.5187,
    "recall": 2.5827,
    "f-score": 4.2821
  },
  "clean_eval": {
    "f-score": 0.1408649105507818,
    "precision": 0.08605851979345956,
    "recall": 0.3878975950349108,
    "tp": 5,
    "fp": 5805,
    "fn": 1284
  },
  "jaccard": [
    0.5254237288135594
  ],
  "braycurtis": [
    0.6245123849420627
  ],
  "dice": [
    0.3563218390804598
  ],
  "cosinus": [
    0.06690328223747588
  ]
}