{
  "voc_eval_res": {
    "precision": 13.1356,
    "recall": 0.6511,
    "f-score": 1.2407
  },
  "KL_res": {
    "KL divergence": 3.731004821121188,
    "Euclidean Dist.": 0.2217060522023417,
    "WER": 0.9816441589091386,
    "CER": 0.8879257577253431,
    "Cosine Dist.": 0.8034913586410237
  },
  "occ_eval_res": {
    "precision": 19.3843,
    "recall": 2.2289,
    "f-score": 3.9981
  },
  "clean_eval": {
    "f-score": 0.2632618138738976,
    "precision": 0.14781966001478197,
    "recall": 1.201923076923077,
    "tp": 10,
    "fp": 6755,
    "fn": 822
  },
  "jaccard": [
    0.5
  ],
  "braycurtis": [
    0.7574326867152485
  ],
  "dice": [
    0.3333333333333333
  ],
  "cosinus": [
    0.04905401284088595
  ]
}