{
  "voc_eval_res": {
    "precision": 58.6331,
    "recall": 50.9375,
    "f-score": 54.5151
  },
  "KL_res": {
    "KL divergence": 0.6936392321004158,
    "Euclidean Dist.": 0.048329653473377976,
    "WER": 0.5770925110132159,
    "CER": 0.4851170568561873,
    "Cosine Dist.": 0.015063464989259812
  },
  "occ_eval_res": {
    "precision": 73.7327,
    "recall": 70.4846,
    "f-score": 72.0721
  },
  "clean_eval": {
    "f-score": 42.701863354037265,
    "precision": 41.79331306990882,
    "recall": 43.65079365079365,
    "tp": 275,
    "fp": 383,
    "fn": 355
  },
  "jaccard": [
    0.32596153846153847
  ],
  "braycurtis": [
    0.12058159939834545
  ],
  "dice": [
    0.19471568064330844
  ],
  "cosinus": [
    0.01014687298034278
  ]
}