{
  "voc_eval_res": {
    "precision": 75.1323,
    "recall": 47.0199,
    "f-score": 57.8411
  },
  "KL_res": {
    "KL divergence": 0.6409868529454691,
    "Euclidean Dist.": 0.07362689893444688,
    "WER": 0.40114285714285713,
    "CER": 0.26484436306565523,
    "Cosine Dist.": 0.011451653723319466
  },
  "occ_eval_res": {
    "precision": 81.749,
    "recall": 73.7143,
    "f-score": 77.524
  },
  "clean_eval": {
    "f-score": 43.483870967741936,
    "precision": 41.299019607843135,
    "recall": 45.91280653950954,
    "tp": 337,
    "fp": 479,
    "fn": 397
  },
  "jaccard": [
    0.40857908847184987
  ],
  "braycurtis": [
    0.10154719275724614
  ],
  "dice": [
    0.25673854447439354
  ],
  "cosinus": [
    0.008844647587183063
  ]
}