{
  "voc_eval_res": {
    "precision": 66.3415,
    "recall": 37.6731,
    "f-score": 48.0565
  },
  "KL_res": {
    "KL divergence": 1.6116655357612326,
    "Euclidean Dist.": 0.07874517066071461,
    "WER": 0.5923217550274223,
    "CER": 0.4488317757009346,
    "Cosine Dist.": 0.1016756140255447
  },
  "occ_eval_res": {
    "precision": 70.9424,
    "recall": 49.543,
    "f-score": 58.3423
  },
  "clean_eval": {
    "f-score": 43.09764309764309,
    "precision": 36.6412213740458,
    "recall": 52.31607629427793,
    "tp": 192,
    "fp": 332,
    "fn": 175
  },
  "jaccard": [
    0.6666666666666666
  ],
  "braycurtis": [
    0.41541755888650966
  ],
  "dice": [
    0.5
  ],
  "cosinus": [
    0.17863464766112092
  ]
}