{
  "voc_eval_res": {
    "precision": 63.8418,
    "recall": 41.2409,
    "f-score": 50.1109
  },
  "KL_res": {
    "KL divergence": 1.6725603657520924,
    "Euclidean Dist.": 0.11302563115690448,
    "WER": 0.5816876122082585,
    "CER": 0.4229552643470402,
    "Cosine Dist.": 0.1933614724243765
  },
  "occ_eval_res": {
    "precision": 68.1265,
    "recall": 50.2693,
    "f-score": 57.8512
  },
  "clean_eval": {
    "f-score": 37.192982456140356,
    "precision": 32.18623481781376,
    "recall": 44.04432132963989,
    "tp": 159,
    "fp": 335,
    "fn": 202
  },
  "jaccard": [
    0.6311239193083573
  ],
  "braycurtis": [
    0.4267515923566879
  ],
  "dice": [
    0.4610526315789474
  ],
  "cosinus": [
    0.3106679602624547
  ]
}