{
  "voc_eval_res": {
    "precision": 13.5413,
    "recall": 36.2592,
    "f-score": 19.7185
  },
  "KL_res": {
    "KL divergence": 0.5764995053698581,
    "Euclidean Dist.": 0.06437069119038587,
    "WER": 0.7854219019170895,
    "CER": 0.2800686180534449,
    "Cosine Dist.": 0.1811363025140751
  },
  "occ_eval_res": {
    "precision": 43.0737,
    "recall": 50.0814,
    "f-score": 46.3139
  },
  "clean_eval": {
    "f-score": 34.072199478972834,
    "precision": 36.369414606241655,
    "recall": 32.04794309557815,
    "tp": 22888,
    "fp": 40044,
    "fn": 48530
  },
  "jaccard": [
    0.8753231087368603
  ],
  "braycurtis": [
    0.5017384261721083
  ],
  "dice": [
    0.7782885160499502
  ],
  "cosinus": [
    0.08469529412805188
  ]
}