{
  "voc_eval_res": {
    "precision": 17.8808,
    "recall": 5.7325,
    "f-score": 8.6817
  },
  "KL_res": {
    "KL divergence": 3.9966531793342104,
    "Euclidean Dist.": 0.25375938412536647,
    "WER": 0.931740614334471,
    "CER": 0.6823045267489712,
    "Cosine Dist.": 0.4042024573576297
  },
  "occ_eval_res": {
    "precision": 19.3548,
    "recall": 14.3345,
    "f-score": 16.4706
  },
  "clean_eval": {
    "f-score": 0.8501594048884166,
    "precision": 0.7207207207207207,
    "recall": 1.0362694300518136,
    "tp": 4,
    "fp": 551,
    "fn": 382
  },
  "jaccard": [
    0.7032040472175379
  ],
  "braycurtis": [
    0.4431590131035297
  ],
  "dice": [
    0.5422626788036411
  ],
  "cosinus": [
    0.19927881754402565
  ]
}