{
  "voc_eval_res": {
    "precision": 14.2857,
    "recall": 9.3199,
    "f-score": 11.2805
  },
  "KL_res": {
    "KL divergence": 4.345897409054393,
    "Euclidean Dist.": 0.14869352942212233,
    "WER": 0.9601494396014943,
    "CER": 0.7487548422800221,
    "Cosine Dist.": 0.6700843749664395
  },
  "occ_eval_res": {
    "precision": 14.3608,
    "recall": 10.2117,
    "f-score": 11.936
  },
  "clean_eval": {
    "f-score": 1.2279355333844972,
    "precision": 1.0526315789473684,
    "recall": 1.4732965009208103,
    "tp": 8,
    "fp": 752,
    "fn": 535
  },
  "jaccard": [
    0.9365853658536586
  ],
  "braycurtis": [
    0.8797423049391553
  ],
  "dice": [
    0.8807339449541285
  ],
  "cosinus": [
    0.7972775991791013
  ]
}