{
  "voc_eval_res": {
    "precision": 7.4627,
    "recall": 1.1086,
    "f-score": 1.9305
  },
  "KL_res": {
    "KL divergence": 4.596792800964341,
    "Euclidean Dist.": 0.188540056907968,
    "WER": 0.9823356231599607,
    "CER": 0.8205414803775459,
    "Cosine Dist.": 0.8201246217090048
  },
  "occ_eval_res": {
    "precision": 7.7441,
    "recall": 2.2571,
    "f-score": 3.4954
  },
  "clean_eval": {
    "f-score": 0.4728132387706856,
    "precision": 0.3080082135523614,
    "recall": 1.0169491525423728,
    "tp": 3,
    "fp": 971,
    "fn": 292
  },
  "jaccard": [
    0.48
  ],
  "braycurtis": [
    0.5796118334275485
  ],
  "dice": [
    0.3157894736842105
  ],
  "cosinus": [
    0.10102365192694163
  ]
}