{
  "voc_eval_res": {
    "precision": 13.1776,
    "recall": 42.0278,
    "f-score": 20.0641
  },
  "KL_res": {
    "KL divergence": 0.8563163505652484,
    "Euclidean Dist.": 0.1103826764629583,
    "WER": 1.4195431641101912,
    "CER": 0.6328341092908972,
    "Cosine Dist.": 0.4438332011689432
  },
  "occ_eval_res": {
    "precision": 30.257,
    "recall": 56.3941,
    "f-score": 39.3836
  },
  "clean_eval": {
    "f-score": 28.015119549929672,
    "precision": 43.39498468172018,
    "recall": 20.68428396811146,
    "tp": 19122,
    "fp": 24943,
    "fn": 73325
  },
  "jaccard": [
    0.8283515134343864
  ],
  "braycurtis": [
    0.35834033523479875
  ],
  "dice": [
    0.706996614541351
  ],
  "cosinus": [
    0.10980907864041389
  ]
}