{
  "voc_eval_res": {
    "precision": 6.0714,
    "recall": 21.5273,
    "f-score": 9.4715
  },
  "KL_res": {
    "KL divergence": 0.9149123251253748,
    "Euclidean Dist.": 0.07022330166800943,
    "WER": 0.9522841406123441,
    "CER": 0.4032991436464898,
    "Cosine Dist.": 0.2303346999646907
  },
  "occ_eval_res": {
    "precision": 31.2853,
    "recall": 38.8442,
    "f-score": 34.6574
  },
  "clean_eval": {
    "f-score": 18.57518135413516,
    "precision": 21.085762498759223,
    "recall": 16.598837020010286,
    "tp": 25491,
    "fp": 95401,
    "fn": 128080
  },
  "jaccard": [
    0.7876709042935955
  ],
  "braycurtis": [
    0.3271338367400078
  ],
  "dice": [
    0.6497170669937874
  ],
  "cosinus": [
    0.06567083680712404
  ]
}