{
  "voc_eval_res": {
    "precision": 20.7885,
    "recall": 9.8639,
    "f-score": 13.3795
  },
  "KL_res": {
    "KL divergence": 3.9013781850236904,
    "Euclidean Dist.": 0.2049119077785852,
    "WER": 1.0586907449209932,
    "CER": 1.2701173512154234,
    "Cosine Dist.": 0.5722355775280417
  },
  "occ_eval_res": {
    "precision": 13.3195,
    "recall": 14.447,
    "f-score": 13.8603
  },
  "clean_eval": {
    "f-score": 8.992601024473535,
    "precision": 9.69325153374233,
    "recall": 8.386411889596603,
    "tp": 79,
    "fp": 736,
    "fn": 863
  },
  "jaccard": [
    0.9229781771501926
  ],
  "braycurtis": [
    0.8280151433207139
  ],
  "dice": [
    0.8569725864123957
  ],
  "cosinus": [
    0.5687500487915185
  ]
}