{
  "voc_eval_res": {
    "precision": 17.6119,
    "recall": 15.0127,
    "f-score": 16.2088
  },
  "KL_res": {
    "KL divergence": 4.278824980841755,
    "Euclidean Dist.": 0.1913452693251603,
    "WER": 1.2416107382550337,
    "CER": 1.7767119637623234,
    "Cosine Dist.": 0.8182055024766148
  },
  "occ_eval_res": {
    "precision": 11.877,
    "recall": 15.0336,
    "f-score": 13.2701
  },
  "clean_eval": {
    "f-score": 8.252427184466018,
    "precision": 9.379310344827587,
    "recall": 7.367280606717226,
    "tp": 68,
    "fp": 657,
    "fn": 855
  },
  "jaccard": [
    0.8960244648318043
  ],
  "braycurtis": [
    0.8272218769422002
  ],
  "dice": [
    0.8116343490304709
  ],
  "cosinus": [
    0.7677202256685364
  ]
}