{
  "voc_eval_res": {
    "precision": 72.862,
    "recall": 93.2619,
    "f-score": 81.8094
  },
  "KL_res": {
    "KL divergence": 0.023851690665129467,
    "Euclidean Dist.": 0.008627589677204292,
    "WER": 0.1029981192609802,
    "CER": 0.043380169733242935,
    "Cosine Dist.": 0.00203433786648477
  },
  "occ_eval_res": {
    "precision": 91.2966,
    "recall": 95.8908,
    "f-score": 93.5373
  },
  "clean_eval": {
    "f-score": 87.34887603970192,
    "precision": 89.77785546303947,
    "recall": 85.04786849710982,
    "tp": 56499,
    "fp": 6433,
    "fn": 9933
  },
  "jaccard": [
    0.5420864207809508
  ],
  "braycurtis": [
    0.0765850811379592
  ],
  "dice": [
    0.3718234252755411
  ],
  "cosinus": [
    0.00956530864267724
  ]
}