{
  "voc_eval_res": {
    "precision": 9.4017,
    "recall": 4.1509,
    "f-score": 5.7592
  },
  "KL_res": {
    "KL divergence": 5.121018555441728,
    "Euclidean Dist.": 0.17741822763722537,
    "WER": 0.968421052631579,
    "CER": 0.7252507631923245,
    "Cosine Dist.": 0.7203398602204394
  },
  "occ_eval_res": {
    "precision": 7.9602,
    "recall": 5.614,
    "f-score": 6.5844
  },
  "clean_eval": {
    "f-score": 3.0303030303030303,
    "precision": 2.5830258302583027,
    "recall": 3.664921465968586,
    "tp": 7,
    "fp": 264,
    "fn": 184
  },
  "jaccard": [
    0.3783783783783784
  ],
  "braycurtis": [
    0.25891946992864423
  ],
  "dice": [
    0.23333333333333334
  ],
  "cosinus": [
    0.039950592091960835
  ]
}