{
  "voc_eval_res": {
    "precision": 78.1065,
    "recall": 26.1386,
    "f-score": 39.1691
  },
  "KL_res": {
    "KL divergence": 1.6521582591203459,
    "Euclidean Dist.": 0.15553012594947932,
    "WER": 0.5861690450054885,
    "CER": 0.4538967398908633,
    "Cosine Dist.": 0.03810522028126717
  },
  "occ_eval_res": {
    "precision": 84.0726,
    "recall": 45.7739,
    "f-score": 59.2751
  },
  "clean_eval": {
    "f-score": 34.27741466957153,
    "precision": 26.546681664791898,
    "recall": 48.36065573770492,
    "tp": 236,
    "fp": 653,
    "fn": 252
  },
  "jaccard": [
    0.7375231053604436
  ],
  "braycurtis": [
    0.3654990085922009
  ],
  "dice": [
    0.5841874084919473
  ],
  "cosinus": [
    0.05361488214596877
  ]
}