{
  "voc_eval_res": {
    "precision": 16.9492,
    "recall": 38.4615,
    "f-score": 23.5294
  },
  "KL_res": {
    "KL divergence": 4.445694634401706,
    "Euclidean Dist.": 0.3447944641935335,
    "WER": 1.532258064516129,
    "CER": 1.3824130879345604,
    "Cosine Dist.": 0.6749941346020816
  },
  "occ_eval_res": {
    "precision": 17.2727,
    "recall": 30.6452,
    "f-score": 22.093
  },
  "clean_eval": {
    "f-score": 23.45679012345679,
    "precision": 31.147540983606557,
    "recall": 18.81188118811881,
    "tp": 19,
    "fp": 42,
    "fn": 82
  },
  "jaccard": [
    0.6752136752136753
  ],
  "braycurtis": [
    0.6227951153324288
  ],
  "dice": [
    0.5096774193548387
  ],
  "cosinus": [
    0.4895322787453047
  ]
}