{
  "voc_eval_res": {
    "precision": 76.9231,
    "recall": 40.0,
    "f-score": 52.6316
  },
  "KL_res": {
    "KL divergence": 2.2922480090150916,
    "Euclidean Dist.": 0.2568492735457318,
    "WER": 0.4594594594594595,
    "CER": 0.4198717948717949,
    "Cosine Dist.": 0.10137185696042639
  },
  "occ_eval_res": {
    "precision": 71.4286,
    "recall": 54.0541,
    "f-score": 61.5385
  },
  "clean_eval": {
    "f-score": 59.70149253731343,
    "precision": 51.28205128205128,
    "recall": 71.42857142857143,
    "tp": 20,
    "fp": 19,
    "fn": 8
  },
  "jaccard": [
    0.544
  ],
  "braycurtis": [
    0.3410301953818828
  ],
  "dice": [
    0.37362637362637363
  ],
  "cosinus": [
    0.16184147876428412
  ]
}