{
  "voc_eval_res": {
    "precision": 46.0177,
    "recall": 4.1434,
    "f-score": 7.6023
  },
  "KL_res": {
    "KL divergence": 3.8288454934494873,
    "Euclidean Dist.": 0.21646908370547274,
    "WER": 0.9378990133488102,
    "CER": 0.8557721139430284,
    "Cosine Dist.": 0.5546137756706353
  },
  "occ_eval_res": {
    "precision": 44.5205,
    "recall": 7.545,
    "f-score": 12.9032
  },
  "clean_eval": {
    "f-score": 2.179553710430721,
    "precision": 1.2773722627737227,
    "recall": 7.420494699646643,
    "tp": 21,
    "fp": 1623,
    "fn": 262
  },
  "jaccard": [
    0.958041958041958
  ],
  "braycurtis": [
    0.8595787362086259
  ],
  "dice": [
    0.9194630872483222
  ],
  "cosinus": [
    0.6298830630688044
  ]
}