{
  "voc_eval_res": {
    "precision": 11.3095,
    "recall": 0.3396,
    "f-score": 0.6595
  },
  "KL_res": {
    "KL divergence": 4.381053511814665,
    "Euclidean Dist.": 0.2860546914808959,
    "WER": 0.9973952906855595,
    "CER": 0.9299613521678227,
    "Cosine Dist.": 0.9965664023026489
  },
  "occ_eval_res": {
    "precision": 6.457,
    "recall": 0.4063,
    "f-score": 0.7646
  },
  "clean_eval": {
    "f-score": 0.10463534581981794,
    "precision": 0.055803571428571425,
    "recall": 0.8375209380234505,
    "tp": 5,
    "fp": 8955,
    "fn": 592
  },
  "jaccard": [
    0.4727272727272727
  ],
  "braycurtis": [
    0.8440105443845022
  ],
  "dice": [
    0.30952380952380953
  ],
  "cosinus": [
    0.09337517054966293
  ]
}