{
  "voc_eval_res": {
    "precision": 5.4795,
    "recall": 4.8,
    "f-score": 5.1173
  },
  "KL_res": {
    "KL divergence": 5.365004552279176,
    "Euclidean Dist.": 0.10496778005104053,
    "WER": 1.132295719844358,
    "CER": 0.8703208556149733,
    "Cosine Dist.": 0.8728510365735414
  },
  "occ_eval_res": {
    "precision": 4.3771,
    "recall": 5.0584,
    "f-score": 4.6931
  },
  "clean_eval": {
    "f-score": 1.86219739292365,
    "precision": 2.0080321285140563,
    "recall": 1.7361111111111112,
    "tp": 5,
    "fp": 244,
    "fn": 283
  },
  "jaccard": [
    0.9737991266375546
  ],
  "braycurtis": [
    0.9544658493870403
  ],
  "dice": [
    0.948936170212766
  ],
  "cosinus": [
    0.9302114183202884
  ]
}