{
  "voc_eval_res": {
    "precision": 7.0064,
    "recall": 1.0064,
    "f-score": 1.76
  },
  "KL_res": {
    "KL divergence": 3.8608495269966285,
    "Euclidean Dist.": 0.0944868533848244,
    "WER": 0.9898278560250391,
    "CER": 0.8546082587533365,
    "Cosine Dist.": 0.9497225166205401
  },
  "occ_eval_res": {
    "precision": 5.5249,
    "recall": 1.1737,
    "f-score": 1.9361
  },
  "clean_eval": {
    "f-score": 1.4991482112436116,
    "precision": 0.917813934084272,
    "recall": 4.089219330855019,
    "tp": 22,
    "fp": 2375,
    "fn": 516
  },
  "jaccard": [
    0.9906045751633987
  ],
  "braycurtis": [
    0.9791530944625407
  ],
  "dice": [
    0.981384055038446
  ],
  "cosinus": [
    0.9711006035661095
  ]
}