{
  "voc_eval_res": {
    "precision": 6.9892,
    "recall": 0.7198,
    "f-score": 1.3052
  },
  "KL_res": {
    "KL divergence": 4.048799013221139,
    "Euclidean Dist.": 0.1419325488708572,
    "WER": 0.9906396255850234,
    "CER": 0.9217614943825294,
    "Cosine Dist.": 0.9388404749770206
  },
  "occ_eval_res": {
    "precision": 5.9748,
    "recall": 0.988,
    "f-score": 1.6957
  },
  "clean_eval": {
    "f-score": 1.37863121614968,
    "precision": 0.8144269924374636,
    "recall": 4.487179487179487,
    "tp": 14,
    "fp": 1705,
    "fn": 298
  },
  "jaccard": [
    0.9926315789473684
  ],
  "braycurtis": [
    0.9813953488372092
  ],
  "dice": [
    0.9853709508881923
  ],
  "cosinus": [
    0.9656200343854077
  ]
}