{
  "voc_eval_res": {
    "precision": 59.8811,
    "recall": 91.5536,
    "f-score": 72.4052
  },
  "KL_res": {
    "KL divergence": 0.022431751916442002,
    "Euclidean Dist.": 0.006809486016644722,
    "WER": 0.28011428220331175,
    "CER": 0.21667254924511317,
    "Cosine Dist.": 0.0012898902640167131
  },
  "occ_eval_res": {
    "precision": 81.3846,
    "recall": 97.8843,
    "f-score": 88.8751
  },
  "clean_eval": {
    "f-score": 71.39404454299591,
    "precision": 77.24530461056625,
    "recall": 66.36681960879015,
    "tp": 76951,
    "fp": 22668,
    "fn": 38997
  },
  "jaccard": [
    0.42275900073475386
  ],
  "braycurtis": [
    0.11011064708742975
  ],
  "dice": [
    0.2680370348803354
  ],
  "cosinus": [
    0.0012714447528587858
  ]
}