{
  "voc_eval_res": {
    "precision": 8.9701,
    "recall": 2.6892,
    "f-score": 4.1379
  },
  "KL_res": {
    "KL divergence": 4.073803155351715,
    "Euclidean Dist.": 0.26677208358175486,
    "WER": 0.9606837606837607,
    "CER": 0.7943734015345268,
    "Cosine Dist.": 0.5071561165101968
  },
  "occ_eval_res": {
    "precision": 10.9145,
    "recall": 6.3248,
    "f-score": 8.0087
  },
  "clean_eval": {
    "f-score": 1.9813519813519813,
    "precision": 1.6175071360608944,
    "recall": 2.556390977443609,
    "tp": 17,
    "fp": 1034,
    "fn": 648
  },
  "jaccard": [
    0.45614035087719296
  ],
  "braycurtis": [
    0.4026888234954705
  ],
  "dice": [
    0.29545454545454547
  ],
  "cosinus": [
    0.060817867221622635
  ]
}