{
  "voc_eval_res": {
    "precision": 33.3333,
    "recall": 1.7334,
    "f-score": 3.2955
  },
  "KL_res": {
    "KL divergence": 3.565750620484436,
    "Euclidean Dist.": 0.32900966065391396,
    "WER": 0.9558998808104887,
    "CER": 0.8156860604737474,
    "Cosine Dist.": 0.6602608800201999
  },
  "occ_eval_res": {
    "precision": 30.9469,
    "recall": 5.3238,
    "f-score": 9.0847
  },
  "clean_eval": {
    "f-score": 0.6016634224031145,
    "precision": 0.3547579298831386,
    "recall": 1.979045401629802,
    "tp": 17,
    "fp": 4775,
    "fn": 842
  },
  "jaccard": [
    0.9815090963316433
  ],
  "braycurtis": [
    0.889280677009873
  ],
  "dice": [
    0.9636896046852123
  ],
  "cosinus": [
    0.6710623215876237
  ]
}