{
  "voc_eval_res": {
    "precision": 27.9503,
    "recall": 4.5166,
    "f-score": 7.7765
  },
  "KL_res": {
    "KL divergence": 3.2481542224665945,
    "Euclidean Dist.": 0.1590522415713085,
    "WER": 0.9504260263361735,
    "CER": 0.7948498865678678,
    "Cosine Dist.": 0.5882375129818844
  },
  "occ_eval_res": {
    "precision": 22.1622,
    "recall": 6.3517,
    "f-score": 9.8736
  },
  "clean_eval": {
    "f-score": 4.723726977248104,
    "precision": 3.0921985815602837,
    "recall": 10.0,
    "tp": 109,
    "fp": 3416,
    "fn": 981
  },
  "jaccard": [
    0.9563135846798324
  ],
  "braycurtis": [
    0.8949253731343284
  ],
  "dice": [
    0.9162844036697247
  ],
  "cosinus": [
    0.6793214551312217
  ]
}