{
  "voc_eval_res": {
    "precision": 1.4264,
    "recall": 5.1325,
    "f-score": 2.2323
  },
  "KL_res": {
    "KL divergence": 1.420448985310784,
    "Euclidean Dist.": 0.0784082994175201,
    "WER": 0.9543641504840733,
    "CER": 0.7652856584486134,
    "Cosine Dist.": 0.30335192570672675
  },
  "occ_eval_res": {
    "precision": 19.1821,
    "recall": 9.3612,
    "f-score": 12.5822
  },
  "clean_eval": {
    "f-score": 0.43805345886256936,
    "precision": 0.32496747994013514,
    "recall": 0.6718525587268539,
    "tp": 697,
    "fp": 213786,
    "fn": 103046
  },
  "jaccard": [
    0.7633820329499533
  ],
  "braycurtis": [
    0.5311484928294389
  ],
  "dice": [
    0.6173143632798753
  ],
  "cosinus": [
    0.1348210684253942
  ]
}