{
  "voc_eval_res": {
    "precision": 74.5614,
    "recall": 34.9794,
    "f-score": 47.619
  },
  "KL_res": {
    "KL divergence": 1.9950964010584207,
    "Euclidean Dist.": 0.1318573382882239,
    "WER": 0.6535433070866141,
    "CER": 0.4722617354196302,
    "Cosine Dist.": 0.2334174386604949
  },
  "occ_eval_res": {
    "precision": 69.9153,
    "recall": 43.3071,
    "f-score": 53.4846
  },
  "clean_eval": {
    "f-score": 33.98230088495575,
    "precision": 27.906976744186046,
    "recall": 43.43891402714932,
    "tp": 96,
    "fp": 248,
    "fn": 125
  },
  "jaccard": [
    0.3888888888888889
  ],
  "braycurtis": [
    0.1618308132407029
  ],
  "dice": [
    0.2413793103448276
  ],
  "cosinus": [
    0.00951491609796129
  ]
}