{
  "voc_eval_res": {
    "precision": 66.6667,
    "recall": 17.4528,
    "f-score": 27.6636
  },
  "KL_res": {
    "KL divergence": 2.534557995801647,
    "Euclidean Dist.": 0.2748119689822076,
    "WER": 0.717049576783555,
    "CER": 0.583466773418735,
    "Cosine Dist.": 0.06535711881255479
  },
  "occ_eval_res": {
    "precision": 72.6343,
    "recall": 34.341,
    "f-score": 46.6338
  },
  "clean_eval": {
    "f-score": 16.44295302013423,
    "precision": 12.204234122042342,
    "recall": 25.19280205655527,
    "tp": 98,
    "fp": 705,
    "fn": 291
  },
  "jaccard": [
    0.6732629727352683
  ],
  "braycurtis": [
    0.3599949135300102
  ],
  "dice": [
    0.5074577394763009
  ],
  "cosinus": [
    0.10166154365826774
  ]
}