{
  "voc_eval_res": {
    "precision": 69.3182,
    "recall": 17.3789,
    "f-score": 27.7904
  },
  "KL_res": {
    "KL divergence": 4.57170215846121,
    "Euclidean Dist.": 0.5754364215319724,
    "WER": 0.8397350993377484,
    "CER": 0.7282177282177282,
    "Cosine Dist.": 0.5488801928539349
  },
  "occ_eval_res": {
    "precision": 72.5275,
    "recall": 17.4834,
    "f-score": 28.175
  },
  "clean_eval": {
    "f-score": 21.38228941684665,
    "precision": 13.288590604026846,
    "recall": 54.69613259668509,
    "tp": 99,
    "fp": 646,
    "fn": 82
  },
  "jaccard": [
    0.5151515151515151
  ],
  "braycurtis": [
    0.504906083543594
  ],
  "dice": [
    0.3469387755102041
  ],
  "cosinus": [
    0.015134655600225977
  ]
}