{
  "voc_eval_res": {
    "precision": 10.1266,
    "recall": 0.9009,
    "f-score": 1.6546
  },
  "KL_res": {
    "KL divergence": 4.700936204630656,
    "Euclidean Dist.": 0.2636734435496258,
    "WER": 0.9802371541501976,
    "CER": 0.8866352043377849,
    "Cosine Dist.": 0.7504448360441511
  },
  "occ_eval_res": {
    "precision": 11.3861,
    "recall": 2.2727,
    "f-score": 3.7891
  },
  "clean_eval": {
    "f-score": 3.7950664136622394,
    "precision": 2.3282887077997674,
    "recall": 10.256410256410255,
    "tp": 20,
    "fp": 839,
    "fn": 175
  },
  "jaccard": [
    0.8744646680942184
  ],
  "braycurtis": [
    0.8072894490334668
  ],
  "dice": [
    0.7769322235434007
  ],
  "cosinus": [
    0.4062869606973294
  ]
}