{
  "voc_eval_res": {
    "precision": 8.6466,
    "recall": 4.0708,
    "f-score": 5.5355
  },
  "KL_res": {
    "KL divergence": 4.327202085991878,
    "Euclidean Dist.": 0.1604322766362302,
    "WER": 0.978328173374613,
    "CER": 0.7645007923930269,
    "Cosine Dist.": 0.641106065402042
  },
  "occ_eval_res": {
    "precision": 8.4375,
    "recall": 8.3591,
    "f-score": 8.3981
  },
  "clean_eval": {
    "f-score": 0.9819967266775779,
    "precision": 0.9708737864077669,
    "recall": 0.9933774834437087,
    "tp": 6,
    "fp": 612,
    "fn": 598
  },
  "jaccard": [
    0.3333333333333333
  ],
  "braycurtis": [
    0.13434487118697644
  ],
  "dice": [
    0.2
  ],
  "cosinus": [
    0.026224722442876658
  ]
}