{
  "voc_eval_res": {
    "precision": 11.3333,
    "recall": 0.8232,
    "f-score": 1.535
  },
  "KL_res": {
    "KL divergence": 4.122873637124496,
    "Euclidean Dist.": 0.23756981217290637,
    "WER": 0.9887414555689585,
    "CER": 0.8634217625899281,
    "Cosine Dist.": 0.9108917779509585
  },
  "occ_eval_res": {
    "precision": 5.5285,
    "recall": 1.3671,
    "f-score": 2.1921
  },
  "clean_eval": {
    "f-score": 0.7885304659498209,
    "precision": 0.5050505050505051,
    "recall": 1.7973856209150325,
    "tp": 11,
    "fp": 2167,
    "fn": 601
  },
  "jaccard": [
    0.4909090909090909
  ],
  "braycurtis": [
    0.6817638220232437
  ],
  "dice": [
    0.3253012048192771
  ],
  "cosinus": [
    0.06030039461511405
  ]
}