{
  "voc_eval_res": {
    "precision": 16.3265,
    "recall": 0.6997,
    "f-score": 1.3419
  },
  "KL_res": {
    "KL divergence": 3.6678118113296883,
    "Euclidean Dist.": 0.2870569682475491,
    "WER": 0.9913836796756209,
    "CER": 0.9005281690140845,
    "Cosine Dist.": 0.8622236426420015
  },
  "occ_eval_res": {
    "precision": 8.6039,
    "recall": 1.3431,
    "f-score": 2.3235
  },
  "clean_eval": {
    "f-score": 0.29484029484029484,
    "precision": 0.17341040462427745,
    "recall": 0.9836065573770493,
    "tp": 6,
    "fp": 3454,
    "fn": 604
  },
  "jaccard": [
    0.48214285714285715
  ],
  "braycurtis": [
    0.7808436603381967
  ],
  "dice": [
    0.3176470588235294
  ],
  "cosinus": [
    0.08358762526267194
  ]
}