{
  "voc_eval_res": {
    "precision": 2.6024,
    "recall": 9.9895,
    "f-score": 4.1291
  },
  "KL_res": {
    "KL divergence": 1.3402244103759786,
    "Euclidean Dist.": 0.0994819166477487,
    "WER": 0.9458863268190122,
    "CER": 0.48331125478063014,
    "Cosine Dist.": 0.44038679350677823
  },
  "occ_eval_res": {
    "precision": 18.7826,
    "recall": 18.6123,
    "f-score": 18.6971
  },
  "clean_eval": {
    "f-score": 1.0493038272684467,
    "precision": 1.1179857146269798,
    "recall": 0.9885722735049957,
    "tp": 936,
    "fp": 82786,
    "fn": 93746
  },
  "jaccard": [
    0.7971802971802971
  ],
  "braycurtis": [
    0.4093429175889153
  ],
  "dice": [
    0.66275959340499
  ],
  "cosinus": [
    0.18803263474692278
  ]
}