{
  "voc_eval_res": {
    "precision": 31.6239,
    "recall": 4.0615,
    "f-score": 7.1984
  },
  "KL_res": {
    "KL divergence": 4.648910136383112,
    "Euclidean Dist.": 0.22328575587311777,
    "WER": 0.950560316413975,
    "CER": 0.7991940126655153,
    "Cosine Dist.": 0.7786358364340993
  },
  "occ_eval_res": {
    "precision": 30.0676,
    "recall": 5.8668,
    "f-score": 9.818
  },
  "clean_eval": {
    "f-score": 1.989467524868344,
    "precision": 1.2022630834512023,
    "recall": 5.762711864406779,
    "tp": 17,
    "fp": 1397,
    "fn": 278
  },
  "jaccard": [
    0.9512448132780082
  ],
  "braycurtis": [
    0.8627700127064803
  ],
  "dice": [
    0.9070227497527201
  ],
  "cosinus": [
    0.7091836319518421
  ]
}