{
  "voc_eval_res": {
    "precision": 82.5581,
    "recall": 26.4678,
    "f-score": 40.0847
  },
  "KL_res": {
    "KL divergence": 2.1701487840350024,
    "Euclidean Dist.": 0.15013442152017523,
    "WER": 0.6699905033238367,
    "CER": 0.4998372501790248,
    "Cosine Dist.": 0.21671981253564498
  },
  "occ_eval_res": {
    "precision": 82.3466,
    "recall": 36.3248,
    "f-score": 50.4119
  },
  "clean_eval": {
    "f-score": 38.83429345984412,
    "precision": 28.060724779627815,
    "recall": 63.03630363036304,
    "tp": 573,
    "fp": 1469,
    "fn": 336
  },
  "jaccard": [
    0.47368421052631576
  ],
  "braycurtis": [
    0.2696791201548791
  ],
  "dice": [
    0.3103448275862069
  ],
  "cosinus": [
    0.0236034514291682
  ]
}