{
  "voc_eval_res": {
    "precision": 9.3525,
    "recall": 0.869,
    "f-score": 1.5902
  },
  "KL_res": {
    "KL divergence": 4.266574605234416,
    "Euclidean Dist.": 0.17844592540287657,
    "WER": 0.9891891891891892,
    "CER": 0.8989942451460227,
    "Cosine Dist.": 0.9363458167961733
  },
  "occ_eval_res": {
    "precision": 5.3731,
    "recall": 1.0811,
    "f-score": 1.8
  },
  "clean_eval": {
    "f-score": 0.8913649025069639,
    "precision": 0.546448087431694,
    "recall": 2.416918429003021,
    "tp": 8,
    "fp": 1456,
    "fn": 323
  },
  "jaccard": [
    0.8294941282746161
  ],
  "braycurtis": [
    0.8046502941451116
  ],
  "dice": [
    0.7086629365232491
  ],
  "cosinus": [
    0.291908375865331
  ]
}