{
  "voc_eval_res": {
    "precision": 82.7586,
    "recall": 38.0952,
    "f-score": 52.1739
  },
  "KL_res": {
    "KL divergence": 4.010600421257835,
    "Euclidean Dist.": 0.50722657843577,
    "WER": 0.6625514403292181,
    "CER": 0.7052192066805846,
    "Cosine Dist.": 0.630637238798913
  },
  "occ_eval_res": {
    "precision": 81.6514,
    "recall": 36.6255,
    "f-score": 50.5682
  },
  "clean_eval": {
    "f-score": 44.69914040114613,
    "precision": 32.231404958677686,
    "recall": 72.89719626168224,
    "tp": 78,
    "fp": 164,
    "fn": 29
  },
  "jaccard": [
    0.4906937394247039
  ],
  "braycurtis": [
    0.5484876831930153
  ],
  "dice": [
    0.3251121076233184
  ],
  "cosinus": [
    0.6142527251949397
  ]
}