{
  "voc_eval_res": {
    "precision": 30.9524,
    "recall": 8.4691,
    "f-score": 13.2992
  },
  "KL_res": {
    "KL divergence": 4.391673616572866,
    "Euclidean Dist.": 0.32615757639497533,
    "WER": 0.9453551912568307,
    "CER": 0.7416576964477933,
    "Cosine Dist.": 0.8408243493208425
  },
  "occ_eval_res": {
    "precision": 15.2824,
    "recall": 12.5683,
    "f-score": 13.7931
  },
  "clean_eval": {
    "f-score": 0.9259259259259258,
    "precision": 0.847457627118644,
    "recall": 1.0204081632653061,
    "tp": 3,
    "fp": 351,
    "fn": 291
  },
  "jaccard": [
    0.691027926322044
  ],
  "braycurtis": [
    0.5598785348263428
  ],
  "dice": [
    0.5279164775306401
  ],
  "cosinus": [
    0.5680598980290918
  ]
}