{
  "voc_eval_res": {
    "precision": 71.5596,
    "recall": 37.5,
    "f-score": 49.2114
  },
  "KL_res": {
    "KL divergence": 1.6621931185029293,
    "Euclidean Dist.": 0.12900834201205316,
    "WER": 0.5432432432432432,
    "CER": 0.46315438479493165,
    "Cosine Dist.": 0.06736753272829588
  },
  "occ_eval_res": {
    "precision": 77.6423,
    "recall": 51.6216,
    "f-score": 62.013
  },
  "clean_eval": {
    "f-score": 36.594202898550726,
    "precision": 30.513595166163142,
    "recall": 45.70135746606335,
    "tp": 101,
    "fp": 230,
    "fn": 120
  },
  "jaccard": [
    0.32653061224489793
  ],
  "braycurtis": [
    0.15636363636363637
  ],
  "dice": [
    0.1951219512195122
  ],
  "cosinus": [
    0.01211352038898661
  ]
}