{
  "voc_eval_res": {
    "precision": 72.1519,
    "recall": 45.2381,
    "f-score": 55.6098
  },
  "KL_res": {
    "KL divergence": 1.3157092416406257,
    "Euclidean Dist.": 0.1109936575052854,
    "WER": 0.5227272727272727,
    "CER": 0.44397076735688185,
    "Cosine Dist.": 0.06736269311945386
  },
  "occ_eval_res": {
    "precision": 75.0,
    "recall": 58.6364,
    "f-score": 65.8163
  },
  "clean_eval": {
    "f-score": 54.00593471810088,
    "precision": 48.40425531914894,
    "recall": 61.07382550335571,
    "tp": 91,
    "fp": 97,
    "fn": 58
  },
  "jaccard": [
    0.3617021276595745
  ],
  "braycurtis": [
    0.12474849094567404
  ],
  "dice": [
    0.22077922077922077
  ],
  "cosinus": [
    0.013807134596198756
  ]
}