{
  "voc_eval_res": {
    "precision": 11.7647,
    "recall": 0.2278,
    "f-score": 0.4469
  },
  "KL_res": {
    "KL divergence": 4.979549861863546,
    "Euclidean Dist.": 0.3671411353325658,
    "WER": 0.9972477064220183,
    "CER": 0.9454140363906424,
    "Cosine Dist.": 0.9709194089980571
  },
  "occ_eval_res": {
    "precision": 5.8824,
    "recall": 0.2752,
    "f-score": 0.5259
  },
  "clean_eval": {
    "f-score": 0.36330608537693004,
    "precision": 0.19011406844106463,
    "recall": 4.081632653061225,
    "tp": 2,
    "fp": 1050,
    "fn": 47
  },
  "jaccard": [
    0.9988317757009346
  ],
  "braycurtis": [
    0.9961649089165868
  ],
  "dice": [
    0.9976662777129521
  ],
  "cosinus": [
    0.9832752572631099
  ]
}