{
  "voc_eval_res": {
    "precision": 3.4483,
    "recall": 0.2985,
    "f-score": 0.5495
  },
  "KL_res": {
    "KL divergence": 5.701985266662051,
    "Euclidean Dist.": 0.3219720748294896,
    "WER": 0.994475138121547,
    "CER": 0.8607311614026362,
    "Cosine Dist.": 0.9737024158480891
  },
  "occ_eval_res": {
    "precision": 1.8349,
    "recall": 0.5525,
    "f-score": 0.8493
  },
  "clean_eval": {
    "f-score": 0.9111617312072893,
    "precision": 0.6024096385542169,
    "recall": 1.8691588785046727,
    "tp": 2,
    "fp": 330,
    "fn": 105
  },
  "jaccard": [
    0.9971830985915493
  ],
  "braycurtis": [
    0.9911699779249448
  ],
  "dice": [
    0.9943820224719101
  ],
  "cosinus": [
    0.9848590825625171
  ]
}