{
  "voc_eval_res": {
    "precision": 8.0357,
    "recall": 0.3532,
    "f-score": 0.6767
  },
  "KL_res": {
    "KL divergence": 5.442411306972984,
    "Euclidean Dist.": 0.3994992292849075,
    "WER": 0.9975485574203281,
    "CER": 0.9396469084518294,
    "Cosine Dist.": 0.992957712256662
  },
  "occ_eval_res": {
    "precision": 6.4039,
    "recall": 0.2451,
    "f-score": 0.4722
  },
  "clean_eval": {
    "f-score": 0.2721617418351478,
    "precision": 0.141643059490085,
    "recall": 3.4653465346534658,
    "tp": 7,
    "fp": 4935,
    "fn": 195
  },
  "jaccard": [
    0.5
  ],
  "braycurtis": [
    0.8644128753821255
  ],
  "dice": [
    0.3333333333333333
  ],
  "cosinus": [
    0.2017684977736296
  ]
}