{
  "voc_eval_res": {
    "precision": 12.5,
    "recall": 3.3981,
    "f-score": 5.3435
  },
  "KL_res": {
    "KL divergence": 5.580631669669177,
    "Euclidean Dist.": 0.16568332824733456,
    "WER": 0.9723502304147466,
    "CER": 0.8029197080291971,
    "Cosine Dist.": 0.7744508954339928
  },
  "occ_eval_res": {
    "precision": 13.8889,
    "recall": 4.6083,
    "f-score": 6.9204
  },
  "clean_eval": {
    "f-score": 4.37956204379562,
    "precision": 2.8708133971291865,
    "recall": 9.230769230769232,
    "tp": 6,
    "fp": 203,
    "fn": 59
  },
  "jaccard": [
    0.21212121212121213
  ],
  "braycurtis": [
    0.551473729175566
  ],
  "dice": [
    0.11864406779661017
  ],
  "cosinus": [
    0.05728947086859548
  ]
}