{
  "voc_eval_res": {
    "precision": 28.0992,
    "recall": 10.625,
    "f-score": 15.4195
  },
  "KL_res": {
    "KL divergence": 2.8370615212707846,
    "Euclidean Dist.": 0.12013455579662204,
    "WER": 0.8624277456647399,
    "CER": 0.6499164810690423,
    "Cosine Dist.": 0.16981500468406696
  },
  "occ_eval_res": {
    "precision": 35.1955,
    "recall": 21.8497,
    "f-score": 26.9615
  },
  "clean_eval": {
    "f-score": 1.933085501858736,
    "precision": 1.5531660692951015,
    "recall": 2.559055118110236,
    "tp": 13,
    "fp": 824,
    "fn": 495
  },
  "jaccard": [
    0.9135802469135802
  ],
  "braycurtis": [
    0.7234770704996578
  ],
  "dice": [
    0.8409090909090909
  ],
  "cosinus": [
    0.25283823548452544
  ]
}