{
  "voc_eval_res": {
    "precision": 7.9602,
    "recall": 0.4821,
    "f-score": 0.9091
  },
  "KL_res": {
    "KL divergence": 3.632362667344465,
    "Euclidean Dist.": 0.20513821971751645,
    "WER": 0.9861045690061234,
    "CER": 0.8694002221399482,
    "Cosine Dist.": 0.6403503260154704
  },
  "occ_eval_res": {
    "precision": 12.7119,
    "recall": 1.7664,
    "f-score": 3.1017
  },
  "clean_eval": {
    "f-score": 0.04356349379220213,
    "precision": 0.02472799208704253,
    "recall": 0.18281535648994515,
    "tp": 1,
    "fp": 4043,
    "fn": 546
  },
  "jaccard": [
    0.8225863911649448
  ],
  "braycurtis": [
    0.7587912230927406
  ],
  "dice": [
    0.6986384266263238
  ],
  "cosinus": [
    0.3107564091885735
  ]
}