{
  "voc_eval_res": {
    "precision": 46.9697,
    "recall": 6.5678,
    "f-score": 11.5242
  },
  "KL_res": {
    "KL divergence": 3.957197143310934,
    "Euclidean Dist.": 0.3715709795918043,
    "WER": 0.8682719546742209,
    "CER": 0.7671614100185529,
    "Cosine Dist.": 0.2770992140263868
  },
  "occ_eval_res": {
    "precision": 49.5614,
    "recall": 16.0057,
    "f-score": 24.197
  },
  "clean_eval": {
    "f-score": 4.434589800443459,
    "precision": 2.945508100147275,
    "recall": 8.968609865470851,
    "tp": 20,
    "fp": 659,
    "fn": 203
  },
  "jaccard": [
    0.4090909090909091
  ],
  "braycurtis": [
    0.5484147386461011
  ],
  "dice": [
    0.2571428571428571
  ],
  "cosinus": [
    0.03986009307448912
  ]
}