{
  "voc_eval_res": {
    "precision": 25.2525,
    "recall": 1.3221,
    "f-score": 2.5126
  },
  "KL_res": {
    "KL divergence": 4.940562496004859,
    "Euclidean Dist.": 0.48670852957827765,
    "WER": 0.9761392949269132,
    "CER": 0.8785074927084381,
    "Cosine Dist.": 0.8693256287411618
  },
  "occ_eval_res": {
    "precision": 33.9779,
    "recall": 2.644,
    "f-score": 4.9063
  },
  "clean_eval": {
    "f-score": 0.2539145154464664,
    "precision": 0.13736263736263737,
    "recall": 1.675977653631285,
    "tp": 6,
    "fp": 4362,
    "fn": 352
  },
  "jaccard": [
    0.983971044467425
  ],
  "braycurtis": [
    0.916030534351145
  ],
  "dice": [
    0.9684478371501273
  ],
  "cosinus": [
    0.4954185032263634
  ]
}