{
  "voc_eval_res": {
    "precision": 41.7219,
    "recall": 7.6596,
    "f-score": 12.943
  },
  "KL_res": {
    "KL divergence": 2.575849977553524,
    "Euclidean Dist.": 0.1699563507461964,
    "WER": 0.8233246301131418,
    "CER": 0.6392796540587881,
    "Cosine Dist.": 0.15356103201129867
  },
  "occ_eval_res": {
    "precision": 41.1813,
    "recall": 21.8451,
    "f-score": 28.5471
  },
  "clean_eval": {
    "f-score": 8.143228414669363,
    "precision": 6.241699867197875,
    "recall": 11.710963455149502,
    "tp": 141,
    "fp": 2118,
    "fn": 1063
  },
  "jaccard": [
    0.9245283018867925
  ],
  "braycurtis": [
    0.703030303030303
  ],
  "dice": [
    0.8596491228070176
  ],
  "cosinus": [
    0.21886745465746338
  ]
}