{
  "voc_eval_res": {
    "precision": 39.1192,
    "recall": 12.873,
    "f-score": 19.3714
  },
  "KL_res": {
    "KL divergence": 2.445412920364246,
    "Euclidean Dist.": 0.16074083586538127,
    "WER": 0.8064690026954178,
    "CER": 0.6223714953271028,
    "Cosine Dist.": 0.18948941946847064
  },
  "occ_eval_res": {
    "precision": 40.3213,
    "recall": 27.062,
    "f-score": 32.3871
  },
  "clean_eval": {
    "f-score": 10.747051114023591,
    "precision": 8.991228070175438,
    "recall": 13.355048859934854,
    "tp": 164,
    "fp": 1660,
    "fn": 1064
  },
  "jaccard": [
    0.8766928011404134
  ],
  "braycurtis": [
    0.6574448243705315
  ],
  "dice": [
    0.7804568527918782
  ],
  "cosinus": [
    0.2533564701363662
  ]
}