{
  "voc_eval_res": {
    "precision": 0,
    "recall": 0,
    "f-score": 0
  },
  "KL_res": {
    "KL divergence": 7.077762563982572,
    "Euclidean Dist.": 0.2575888988608137,
    "WER": 1.0,
    "CER": 0.7763915547024952,
    "Cosine Dist.": 1.0
  },
  "occ_eval_res": {
    "precision": 0,
    "recall": 0,
    "f-score": 0
  },
  "clean_eval": {
    "f-score": 0.0,
    "precision": 0.0,
    "recall": 0.0,
    "tp": 0,
    "fp": 131,
    "fn": 53
  },
  "jaccard": [
    0.8315988647114475
  ],
  "braycurtis": [
    0.7369791666666666
  ],
  "dice": [
    0.7117408906882591
  ],
  "cosinus": [
    0.6473004280852064
  ]
}