{
  "voc_eval_res": {
    "precision": 57.016,
    "recall": 50.078,
    "f-score": 53.3223
  },
  "KL_res": {
    "KL divergence": 0.44860335477031094,
    "Euclidean Dist.": 0.04097238131677356,
    "WER": 0.588203167667941,
    "CER": 0.4918759231905465,
    "Cosine Dist.": 0.013082091251942596
  },
  "occ_eval_res": {
    "precision": 75.1209,
    "recall": 76.3517,
    "f-score": 75.7313
  },
  "clean_eval": {
    "f-score": 37.567490764421706,
    "precision": 37.87965616045845,
    "recall": 37.26042841037204,
    "tp": 661,
    "fp": 1084,
    "fn": 1113
  },
  "jaccard": [
    0.329608938547486
  ],
  "braycurtis": [
    0.09934730558562105
  ],
  "dice": [
    0.19732441471571907
  ],
  "cosinus": [
    0.0058981351291400586
  ]
}