{
  "voc_eval_res": {
    "precision": 40.9756,
    "recall": 9.7902,
    "f-score": 15.8043
  },
  "KL_res": {
    "KL divergence": 3.163756565034234,
    "Euclidean Dist.": 0.13642030941966618,
    "WER": 0.8544093178036606,
    "CER": 0.6772368140081144,
    "Cosine Dist.": 0.2377391378164193
  },
  "occ_eval_res": {
    "precision": 44.6429,
    "recall": 18.7188,
    "f-score": 26.3775
  },
  "clean_eval": {
    "f-score": 11.626468769325914,
    "precision": 8.082545141874462,
    "recall": 20.704845814977972,
    "tp": 94,
    "fp": 1069,
    "fn": 360
  },
  "jaccard": [
    0.8921465968586387
  ],
  "braycurtis": [
    0.7225225225225225
  ],
  "dice": [
    0.8052930056710775
  ],
  "cosinus": [
    0.33659287617797395
  ]
}