{
  "voc_eval_res": {
    "precision": 31.982,
    "recall": 6.0272,
    "f-score": 10.1429
  },
  "KL_res": {
    "KL divergence": 3.760084350206215,
    "Euclidean Dist.": 0.38148708191347425,
    "WER": 0.89470871191876,
    "CER": 0.7046560111188325,
    "Cosine Dist.": 0.5854304994977249
  },
  "occ_eval_res": {
    "precision": 32.4022,
    "recall": 12.3998,
    "f-score": 17.9358
  },
  "clean_eval": {
    "f-score": 5.612037413582756,
    "precision": 3.9473684210526314,
    "recall": 9.70464135021097,
    "tp": 69,
    "fp": 1679,
    "fn": 642
  },
  "jaccard": [
    0.9386973180076629
  ],
  "braycurtis": [
    0.8090692124105012
  ],
  "dice": [
    0.8844765342960289
  ],
  "cosinus": [
    0.5928410774857016
  ]
}