{
  "voc_eval_res": {
    "precision": 70.7568,
    "recall": 92.0324,
    "f-score": 80.0043
  },
  "KL_res": {
    "KL divergence": 0.04593729938477911,
    "Euclidean Dist.": 0.010544114933652524,
    "WER": 0.28692115143929914,
    "CER": 0.20137149560991052,
    "Cosine Dist.": 0.003036957107543925
  },
  "occ_eval_res": {
    "precision": 83.6943,
    "recall": 95.8255,
    "f-score": 89.35
  },
  "clean_eval": {
    "f-score": 74.23674732287462,
    "precision": 79.85179407176287,
    "recall": 69.35950133249018,
    "tp": 30711,
    "fp": 7749,
    "fn": 13567
  },
  "jaccard": [
    0.4971139971139971
  ],
  "braycurtis": [
    0.10563444327318576
  ],
  "dice": [
    0.3307729236677868
  ],
  "cosinus": [
    0.009870448915298313
  ]
}