{
  "voc_eval_res": {
    "precision": 13.0841,
    "recall": 0.6292,
    "f-score": 1.2007
  },
  "KL_res": {
    "KL divergence": 4.059398548519962,
    "Euclidean Dist.": 0.22049148747549413,
    "WER": 0.9903703703703703,
    "CER": 0.9141639217205968,
    "Cosine Dist.": 0.8751818949532713
  },
  "occ_eval_res": {
    "precision": 11.2727,
    "recall": 1.1481,
    "f-score": 2.084
  },
  "clean_eval": {
    "f-score": 0.3584229390681003,
    "precision": 0.1984126984126984,
    "recall": 1.8518518518518516,
    "tp": 5,
    "fp": 2515,
    "fn": 265
  },
  "jaccard": [
    0.9937943262411347
  ],
  "braycurtis": [
    0.9798260869565217
  ],
  "dice": [
    0.9876651982378855
  ],
  "cosinus": [
    0.9261116482160578
  ]
}