{
  "voc_eval_res": {
    "precision": 22.093,
    "recall": 1.1467,
    "f-score": 2.1801
  },
  "KL_res": {
    "KL divergence": 4.257368497813529,
    "Euclidean Dist.": 0.296812405219355,
    "WER": 0.977890373099954,
    "CER": 0.9006077940650697,
    "Cosine Dist.": 0.734126977839646
  },
  "occ_eval_res": {
    "precision": 23.2975,
    "recall": 2.994,
    "f-score": 5.3061
  },
  "clean_eval": {
    "f-score": 0.34379028792436617,
    "precision": 0.1936108422071636,
    "recall": 1.532567049808429,
    "tp": 4,
    "fp": 2062,
    "fn": 257
  },
  "jaccard": [
    0.9891238670694864
  ],
  "braycurtis": [
    0.9264184397163121
  ],
  "dice": [
    0.9784817692767483
  ],
  "cosinus": [
    0.5737972744912324
  ]
}