{
  "voc_eval_res": {
    "precision": 3.5911,
    "recall": 13.2747,
    "f-score": 5.653
  },
  "KL_res": {
    "KL divergence": 1.1408078120249598,
    "Euclidean Dist.": 0.09973642302170094,
    "WER": 1.1884495918711324,
    "CER": 0.5570196634817886,
    "Cosine Dist.": 0.4022467241793578
  },
  "occ_eval_res": {
    "precision": 21.5057,
    "recall": 28.5004,
    "f-score": 24.5138
  },
  "clean_eval": {
    "f-score": 4.419403546664191,
    "precision": 5.636225399159925,
    "recall": 3.6346976175931585,
    "tp": 4522,
    "fp": 75709,
    "fn": 119890
  },
  "jaccard": [
    0.9653793193888925
  ],
  "braycurtis": [
    0.7465993791595417
  ],
  "dice": [
    0.9330756068191901
  ],
  "cosinus": [
    0.19046860208086314
  ]
}