{
  "voc_eval_res": {
    "precision": 76.9231,
    "recall": 58.8235,
    "f-score": 66.6667
  },
  "KL_res": {
    "KL divergence": 1.2297142268321954,
    "Euclidean Dist.": 0.16874553827980873,
    "WER": 0.4,
    "CER": 0.46613545816733065,
    "Cosine Dist.": 0.051851823581031464
  },
  "occ_eval_res": {
    "precision": 78.5714,
    "recall": 73.3333,
    "f-score": 75.8621
  },
  "clean_eval": {
    "f-score": 75.86206896551724,
    "precision": 73.33333333333333,
    "recall": 78.57142857142857,
    "tp": 22,
    "fp": 8,
    "fn": 6
  },
  "jaccard": [
    0.46551724137931033
  ],
  "braycurtis": [
    0.2931726907630522
  ],
  "dice": [
    0.30337078651685395
  ],
  "cosinus": [
    0.14448038076113168
  ]
}