{
  "voc_eval_res": {
    "precision": 18.6441,
    "recall": 61.1111,
    "f-score": 28.5714
  },
  "KL_res": {
    "KL divergence": 4.019806396721686,
    "Euclidean Dist.": 0.3797959533438859,
    "WER": 1.8627450980392157,
    "CER": 1.7344913151364765,
    "Cosine Dist.": 0.6498549248614691
  },
  "occ_eval_res": {
    "precision": 18.1818,
    "recall": 39.2157,
    "f-score": 24.8447
  },
  "clean_eval": {
    "f-score": 26.31578947368421,
    "precision": 39.21568627450981,
    "recall": 19.801980198019802,
    "tp": 20,
    "fp": 31,
    "fn": 81
  },
  "jaccard": [
    0.674565560821485
  ],
  "braycurtis": [
    0.638788752703677
  ],
  "dice": [
    0.5089392133492253
  ],
  "cosinus": [
    0.5065657119981866
  ]
}