{
  "voc_eval_res": {
    "precision": 78.5714,
    "recall": 60.3922,
    "f-score": 68.2927
  },
  "KL_res": {
    "KL divergence": 1.4151248735105415,
    "Euclidean Dist.": 0.3058802070419918,
    "WER": 0.5592972181551976,
    "CER": 0.4272983114446529,
    "Cosine Dist.": 0.5756782017518196
  },
  "occ_eval_res": {
    "precision": 79.3103,
    "recall": 50.5124,
    "f-score": 61.7174
  },
  "clean_eval": {
    "f-score": 43.87096774193549,
    "precision": 35.78947368421053,
    "recall": 56.666666666666664,
    "tp": 238,
    "fp": 427,
    "fn": 182
  },
  "jaccard": [
    0.3350225225225225
  ],
  "braycurtis": [
    0.22746572849690647
  ],
  "dice": [
    0.2012174501183632
  ],
  "cosinus": [
    0.24926565011724822
  ]
}