{
  "voc_eval_res": {
    "precision": 5.3333,
    "recall": 0.2863,
    "f-score": 0.5435
  },
  "KL_res": {
    "KL divergence": 3.735361211635872,
    "Euclidean Dist.": 0.23204207869184157,
    "WER": 0.9923101570009613,
    "CER": 0.9429853181076672,
    "Cosine Dist.": 0.6928706796695361
  },
  "occ_eval_res": {
    "precision": 7.7151,
    "recall": 0.8331,
    "f-score": 1.5038
  },
  "clean_eval": {
    "f-score": 0.24382810118866197,
    "precision": 0.13554727211114878,
    "recall": 1.2121212121212122,
    "tp": 4,
    "fp": 2947,
    "fn": 326
  },
  "jaccard": [
    0.4583333333333333
  ],
  "braycurtis": [
    0.8418477585992797
  ],
  "dice": [
    0.2972972972972973
  ],
  "cosinus": [
    0.08922483064662468
  ]
}