{
  "voc_eval_res": {
    "precision": 8.284,
    "recall": 0.3504,
    "f-score": 0.6724
  },
  "KL_res": {
    "KL divergence": 3.4559346312714885,
    "Euclidean Dist.": 0.30564904751866834,
    "WER": 0.9930795847750865,
    "CER": 0.9086387916743415,
    "Cosine Dist.": 0.8595261192788421
  },
  "occ_eval_res": {
    "precision": 8.0645,
    "recall": 0.8651,
    "f-score": 1.5625
  },
  "clean_eval": {
    "f-score": 0.12082158679017317,
    "precision": 0.06699419383653417,
    "recall": 0.6147540983606558,
    "tp": 3,
    "fp": 4475,
    "fn": 485
  },
  "jaccard": [
    0.46
  ],
  "braycurtis": [
    0.792110177404295
  ],
  "dice": [
    0.2987012987012987
  ],
  "cosinus": [
    0.0585598609998349
  ]
}