{
  "voc_eval_res": {
    "precision": 8.0508,
    "recall": 0.8555,
    "f-score": 1.5466
  },
  "KL_res": {
    "KL divergence": 3.878267326755985,
    "Euclidean Dist.": 0.31989923107044643,
    "WER": 0.986073500967118,
    "CER": 0.8229585006693441,
    "Cosine Dist.": 0.8510157776660232
  },
  "occ_eval_res": {
    "precision": 6.383,
    "recall": 1.8569,
    "f-score": 2.8768
  },
  "clean_eval": {
    "f-score": 0.24721878862793575,
    "precision": 0.16038492381716118,
    "recall": 0.5390835579514826,
    "tp": 4,
    "fp": 2490,
    "fn": 738
  },
  "jaccard": [
    0.46
  ],
  "braycurtis": [
    0.5527820738769198
  ],
  "dice": [
    0.2987012987012987
  ],
  "cosinus": [
    0.0624675025649678
  ]
}