{
  "voc_eval_res": {
    "precision": 3.8806,
    "recall": 0.5417,
    "f-score": 0.9506
  },
  "KL_res": {
    "KL divergence": 4.303319602977082,
    "Euclidean Dist.": 0.18446877837174153,
    "WER": 0.9939306358381503,
    "CER": 0.8050482621108442,
    "Cosine Dist.": 0.9633574360006136
  },
  "occ_eval_res": {
    "precision": 2.8632,
    "recall": 0.7803,
    "f-score": 1.2264
  },
  "clean_eval": {
    "f-score": 0.04923682914820286,
    "precision": 0.03185727938834024,
    "recall": 0.10834236186348861,
    "tp": 1,
    "fp": 3138,
    "fn": 922
  },
  "jaccard": [
    0.9936281859070465
  ],
  "braycurtis": [
    0.9777086573354069
  ],
  "dice": [
    0.9873370577281192
  ],
  "cosinus": [
    0.9071200370421459
  ]
}