{
  "voc_eval_res": {
    "precision": 1.6667,
    "recall": 3.7915,
    "f-score": 2.3155
  },
  "KL_res": {
    "KL divergence": 5.211295313776433,
    "Euclidean Dist.": 0.12473084663220398,
    "WER": 5.130434782608695,
    "CER": 4.307909604519774,
    "Cosine Dist.": 0.5623759151796406
  },
  "occ_eval_res": {
    "precision": 1.5101,
    "recall": 7.8261,
    "f-score": 2.5316
  },
  "clean_eval": {
    "f-score": 0.5822416302765647,
    "precision": 1.7543859649122806,
    "recall": 0.34904013961605584,
    "tp": 4,
    "fp": 224,
    "fn": 1142
  },
  "jaccard": [
    0.9866666666666667
  ],
  "braycurtis": [
    0.9723947550034506
  ],
  "dice": [
    0.9736842105263158
  ],
  "cosinus": [
    0.6964012446380694
  ]
}