{
  "voc_eval_res": {
    "precision": 9.2298,
    "recall": 24.1082,
    "f-score": 13.349
  },
  "KL_res": {
    "KL divergence": 0.7007078477552267,
    "Euclidean Dist.": 0.06119399412584112,
    "WER": 0.7764010016406182,
    "CER": 0.3081279456076644,
    "Cosine Dist.": 0.1502273450959728
  },
  "occ_eval_res": {
    "precision": 34.6614,
    "recall": 35.5129,
    "f-score": 35.082
  },
  "clean_eval": {
    "f-score": 22.01541622726432,
    "precision": 22.25959635931935,
    "recall": 21.77653511130229,
    "tp": 10125,
    "fp": 35361,
    "fn": 36370
  },
  "jaccard": [
    0.9209927930011177
  ],
  "braycurtis": [
    0.647948932848073
  ],
  "dice": [
    0.853555738114798
  ],
  "cosinus": [
    0.15072505020686688
  ]
}