{
  "voc_eval_res": {
    "precision": 17.037,
    "recall": 1.0818,
    "f-score": 2.0345
  },
  "KL_res": {
    "KL divergence": 3.7257662216472385,
    "Euclidean Dist.": 0.34242539451675863,
    "WER": 0.9853610930383865,
    "CER": 0.8915629886464069,
    "Cosine Dist.": 0.8575853292272753
  },
  "occ_eval_res": {
    "precision": 14.5946,
    "recall": 1.7567,
    "f-score": 3.1359
  },
  "clean_eval": {
    "f-score": 0.7351766022055297,
    "precision": 0.4148629148629149,
    "recall": 3.225806451612903,
    "tp": 23,
    "fp": 5521,
    "fn": 690
  },
  "jaccard": [
    0.5087719298245614
  ],
  "braycurtis": [
    0.7690911243537629
  ],
  "dice": [
    0.3411764705882353
  ],
  "cosinus": [
    0.07702030274373706
  ]
}