{
  "voc_eval_res": {
    "precision": 15.4812,
    "recall": 1.5718,
    "f-score": 2.8538
  },
  "KL_res": {
    "KL divergence": 3.718207775528998,
    "Euclidean Dist.": 0.2112338903400556,
    "WER": 0.969718309859155,
    "CER": 0.8661966659322905,
    "Cosine Dist.": 0.4467666769498674
  },
  "occ_eval_res": {
    "precision": 17.5559,
    "recall": 3.5915,
    "f-score": 5.9632
  },
  "clean_eval": {
    "f-score": 0.7213114754098362,
    "precision": 0.4431909750201451,
    "recall": 1.936619718309859,
    "tp": 11,
    "fp": 2471,
    "fn": 557
  },
  "jaccard": [
    0.5172413793103449
  ],
  "braycurtis": [
    0.7030038163240182
  ],
  "dice": [
    0.3488372093023256
  ],
  "cosinus": [
    0.03795364445120841
  ]
}