{
  "voc_eval_res": {
    "precision": 45.3085,
    "recall": 96.0573,
    "f-score": 61.5738
  },
  "KL_res": {
    "KL divergence": 0.09390163286892036,
    "Euclidean Dist.": 0.015270413456416226,
    "WER": 1.306754734883042,
    "CER": 1.2702883524003847,
    "Cosine Dist.": 0.008493710087194684
  },
  "occ_eval_res": {
    "precision": 43.3044,
    "recall": 98.5841,
    "f-score": 60.1757
  },
  "clean_eval": {
    "f-score": 55.19215794054326,
    "precision": 90.91869458592718,
    "recall": 39.62248639405449,
    "tp": 48196,
    "fp": 4814,
    "fn": 73442
  },
  "jaccard": [
    0.5782792665726375
  ],
  "braycurtis": [
    0.39325292603692547
  ],
  "dice": [
    0.40674603174603174
  ],
  "cosinus": [
    0.006923437542401101
  ]
}