{
  "voc_eval_res": {
    "precision": 75.1825,
    "recall": 37.1841,
    "f-score": 49.7585
  },
  "KL_res": {
    "KL divergence": 2.774267885097638,
    "Euclidean Dist.": 0.32555043840305503,
    "WER": 0.6280353200883002,
    "CER": 0.43488066152978766,
    "Cosine Dist.": 0.3310742962078561
  },
  "occ_eval_res": {
    "precision": 84.7875,
    "recall": 41.8322,
    "f-score": 56.0237
  },
  "clean_eval": {
    "f-score": 20.62780269058296,
    "precision": 15.436241610738255,
    "recall": 31.08108108108108,
    "tp": 138,
    "fp": 756,
    "fn": 306
  },
  "jaccard": [
    0.46345425013535463
  ],
  "braycurtis": [
    0.2536997885835095
  ],
  "dice": [
    0.30162085976039466
  ],
  "cosinus": [
    0.22157528852967812
  ]
}