{
  "voc_eval_res": {
    "precision": 25.8621,
    "recall": 7.2639,
    "f-score": 11.3422
  },
  "KL_res": {
    "KL divergence": 3.271388840647024,
    "Euclidean Dist.": 0.37860484890337304,
    "WER": 0.8333333333333334,
    "CER": 0.6722108017193048,
    "Cosine Dist.": 0.16983174317522876
  },
  "occ_eval_res": {
    "precision": 41.5205,
    "recall": 23.6667,
    "f-score": 30.1486
  },
  "clean_eval": {
    "f-score": 1.9715224534501645,
    "precision": 1.5463917525773196,
    "recall": 2.719033232628399,
    "tp": 9,
    "fp": 573,
    "fn": 322
  },
  "jaccard": [
    0.9391480730223124
  ],
  "braycurtis": [
    0.6954643628509719
  ],
  "dice": [
    0.8852772466539197
  ],
  "cosinus": [
    0.2357364969413509
  ]
}