{
  "voc_eval_res": {
    "precision": 18.3333,
    "recall": 0.9863,
    "f-score": 1.8718
  },
  "KL_res": {
    "KL divergence": 4.564246625183555,
    "Euclidean Dist.": 0.2532448971266015,
    "WER": 0.9902811523776467,
    "CER": 0.8876758929952064,
    "Cosine Dist.": 0.9661116185384601
  },
  "occ_eval_res": {
    "precision": 12.9713,
    "recall": 1.4925,
    "f-score": 2.677
  },
  "clean_eval": {
    "f-score": 0.41215868109222054,
    "precision": 0.22966507177033493,
    "recall": 2.0066889632107023,
    "tp": 12,
    "fp": 5213,
    "fn": 586
  },
  "jaccard": [
    0.45
  ],
  "braycurtis": [
    0.7369450165549964
  ],
  "dice": [
    0.2903225806451613
  ],
  "cosinus": [
    0.08216858279788375
  ]
}