{
  "voc_eval_res": {
    "precision": 32.9787,
    "recall": 0.986,
    "f-score": 1.9148
  },
  "KL_res": {
    "KL divergence": 4.591130307262403,
    "Euclidean Dist.": 0.2560173546826646,
    "WER": 0.9873135607749014,
    "CER": 0.934681413622314,
    "Cosine Dist.": 0.9032126040641096
  },
  "occ_eval_res": {
    "precision": 38.4906,
    "recall": 1.7487,
    "f-score": 3.3454
  },
  "clean_eval": {
    "f-score": 0.16403526758253023,
    "precision": 0.08659883091578263,
    "recall": 1.550387596899225,
    "tp": 4,
    "fp": 4615,
    "fn": 254
  },
  "jaccard": [
    0.5172413793103449
  ],
  "braycurtis": [
    0.8662864179926759
  ],
  "dice": [
    0.3488372093023256
  ],
  "cosinus": [
    0.08847744120866219
  ]
}