{
  "voc_eval_res": {
    "precision": 35.2423,
    "recall": 40.0,
    "f-score": 37.4707
  },
  "KL_res": {
    "KL divergence": 0.8250235506765236,
    "Euclidean Dist.": 0.08568128314595344,
    "WER": 1.5612244897959184,
    "CER": 1.274810330293509,
    "Cosine Dist.": 0.06683121641838063
  },
  "occ_eval_res": {
    "precision": 37.2603,
    "recall": 69.3878,
    "f-score": 48.4848
  },
  "clean_eval": {
    "f-score": 24.15926822706484,
    "precision": 34.64506172839506,
    "recall": 18.546055349029327,
    "tp": 449,
    "fp": 847,
    "fn": 1972
  },
  "jaccard": [
    0.4131147540983607
  ],
  "braycurtis": [
    0.3417178407658684
  ],
  "dice": [
    0.2603305785123967
  ],
  "cosinus": [
    0.02282526485976799
  ]
}