{
  "voc_eval_res": {
    "precision": 48.1297,
    "recall": 17.9702,
    "f-score": 26.1695
  },
  "KL_res": {
    "KL divergence": 1.5194555929779332,
    "Euclidean Dist.": 0.14510155975928535,
    "WER": 0.966779008184882,
    "CER": 0.8381040892193309,
    "Cosine Dist.": 0.061326312894790735
  },
  "occ_eval_res": {
    "precision": 42.9048,
    "recall": 43.3799,
    "f-score": 43.141
  },
  "clean_eval": {
    "f-score": 18.398058252427184,
    "precision": 18.32688588007737,
    "recall": 18.469785575048732,
    "tp": 379,
    "fp": 1689,
    "fn": 1673
  },
  "jaccard": [
    0.6055776892430279
  ],
  "braycurtis": [
    0.29202678724743864
  ],
  "dice": [
    0.4342857142857143
  ],
  "cosinus": [
    0.04558302553150306
  ]
}