{
  "voc_eval_res": {
    "precision": 21.6867,
    "recall": 2.131,
    "f-score": 3.8807
  },
  "KL_res": {
    "KL divergence": 3.3268086971464887,
    "Euclidean Dist.": 0.2243243249195103,
    "WER": 0.9549474847982311,
    "CER": 0.8041897631560003,
    "Cosine Dist.": 0.5544536364875527
  },
  "occ_eval_res": {
    "precision": 22.2328,
    "recall": 6.44,
    "f-score": 9.9871
  },
  "clean_eval": {
    "f-score": 0.8030336828016953,
    "precision": 0.5199306759098787,
    "recall": 1.762977473065622,
    "tp": 18,
    "fp": 3444,
    "fn": 1003
  },
  "jaccard": [
    0.4727272727272727
  ],
  "braycurtis": [
    0.5494280820025419
  ],
  "dice": [
    0.30952380952380953
  ],
  "cosinus": [
    0.033518508896445254
  ]
}