{
  "voc_eval_res": {
    "precision": 14.053,
    "recall": 8.6142,
    "f-score": 10.6811
  },
  "KL_res": {
    "KL divergence": 3.022327428659929,
    "Euclidean Dist.": 0.17351212782547212,
    "WER": 1.2454710144927537,
    "CER": 0.9642236532760912,
    "Cosine Dist.": 0.33844695513962464
  },
  "occ_eval_res": {
    "precision": 16.1602,
    "recall": 21.1957,
    "f-score": 18.3386
  },
  "clean_eval": {
    "f-score": 1.989225031081641,
    "precision": 2.3054755043227666,
    "recall": 1.749271137026239,
    "tp": 24,
    "fp": 1017,
    "fn": 1348
  },
  "jaccard": [
    0.24390243902439024
  ],
  "braycurtis": [
    0.16951653502300149
  ],
  "dice": [
    0.1388888888888889
  ],
  "cosinus": [
    0.015461914354677031
  ]
}