{
  "voc_eval_res": {
    "precision": 5.5777,
    "recall": 0.4804,
    "f-score": 0.8847
  },
  "KL_res": {
    "KL divergence": 3.6215988777906416,
    "Euclidean Dist.": 0.2044331295372417,
    "WER": 0.9922178988326849,
    "CER": 0.8527214244105058,
    "Cosine Dist.": 0.8472129262899666
  },
  "occ_eval_res": {
    "precision": 3.1792,
    "recall": 1.07,
    "f-score": 1.6012
  },
  "clean_eval": {
    "f-score": 0.16224986479177933,
    "precision": 0.11244377811094453,
    "recall": 0.2912621359223301,
    "tp": 3,
    "fp": 2665,
    "fn": 1027
  },
  "jaccard": [
    0.9950413223140496
  ],
  "braycurtis": [
    0.9840359191818409
  ],
  "dice": [
    0.9901315789473685
  ],
  "cosinus": [
    0.9040086232227156
  ]
}