{
  "voc_eval_res": {
    "precision": 1.9934,
    "recall": 0.738,
    "f-score": 1.0772
  },
  "KL_res": {
    "KL divergence": 4.630504762539494,
    "Euclidean Dist.": 0.1721301882160196,
    "WER": 0.9857988165680474,
    "CER": 0.7693298969072165,
    "Cosine Dist.": 0.6506790105485324
  },
  "occ_eval_res": {
    "precision": 2.9186,
    "recall": 2.2485,
    "f-score": 2.5401
  },
  "clean_eval": {
    "f-score": 0.13793103448275862,
    "precision": 0.1201923076923077,
    "recall": 0.16181229773462785,
    "tp": 1,
    "fp": 831,
    "fn": 617
  },
  "jaccard": [
    0.990036231884058
  ],
  "braycurtis": [
    0.9679786524349566
  ],
  "dice": [
    0.9802690582959641
  ],
  "cosinus": [
    0.7687783616090803
  ]
}