{
  "voc_eval_res": {
    "precision": 19.7368,
    "recall": 0.7996,
    "f-score": 1.5369
  },
  "KL_res": {
    "KL divergence": 4.213086415046607,
    "Euclidean Dist.": 0.23328599911318196,
    "WER": 0.9900090826521344,
    "CER": 0.9219908416921064,
    "Cosine Dist.": 0.8010553003183774
  },
  "occ_eval_res": {
    "precision": 16.2791,
    "recall": 1.5895,
    "f-score": 2.8962
  },
  "clean_eval": {
    "f-score": 1.214750542299349,
    "precision": 0.6631927996210327,
    "recall": 7.216494845360824,
    "tp": 14,
    "fp": 2097,
    "fn": 180
  },
  "jaccard": [
    0.42857142857142855
  ],
  "braycurtis": [
    0.836382567306262
  ],
  "dice": [
    0.2727272727272727
  ],
  "cosinus": [
    0.05808332739866773
  ]
}