{
  "voc_eval_res": {
    "precision": 78.2178,
    "recall": 19.9495,
    "f-score": 31.7907
  },
  "KL_res": {
    "KL divergence": 1.0713210655834442,
    "Euclidean Dist.": 0.16141449267793676,
    "WER": 0.6,
    "CER": 0.5176707779886148,
    "Cosine Dist.": 0.03284207102921377
  },
  "occ_eval_res": {
    "precision": 91.511,
    "recall": 49.6774,
    "f-score": 64.3967
  },
  "clean_eval": {
    "f-score": 19.38591210114389,
    "precision": 15.00465983224604,
    "recall": 27.380952380952383,
    "tp": 161,
    "fp": 912,
    "fn": 427
  },
  "jaccard": [
    0.8019559902200489
  ],
  "braycurtis": [
    0.30385015608740895
  ],
  "dice": [
    0.6693877551020408
  ],
  "cosinus": [
    0.024692397929075183
  ]
}