{
  "voc_eval_res": {
    "precision": 75.0,
    "recall": 26.8421,
    "f-score": 39.5349
  },
  "KL_res": {
    "KL divergence": 0.8560650498870602,
    "Euclidean Dist.": 0.12917542498544043,
    "WER": 0.5398936170212766,
    "CER": 0.466723259762309,
    "Cosine Dist.": 0.0328538847150287
  },
  "occ_eval_res": {
    "precision": 91.7211,
    "recall": 55.984,
    "f-score": 69.5293
  },
  "clean_eval": {
    "f-score": 15.11627906976744,
    "precision": 12.133333333333333,
    "recall": 20.044052863436125,
    "tp": 91,
    "fp": 659,
    "fn": 363
  },
  "jaccard": [
    0.75
  ],
  "braycurtis": [
    0.28290468986384265
  ],
  "dice": [
    0.6
  ],
  "cosinus": [
    0.03017372245236616
  ]
}