{
  "voc_eval_res": {
    "precision": 34.6154,
    "recall": 1.0588,
    "f-score": 2.0548
  },
  "KL_res": {
    "KL divergence": 5.018659590585893,
    "Euclidean Dist.": 0.2991894905170652,
    "WER": 0.9918433931484503,
    "CER": 0.9383964260521984,
    "Cosine Dist.": 0.9526064173957147
  },
  "occ_eval_res": {
    "precision": 23.8806,
    "recall": 0.87,
    "f-score": 1.6789
  },
  "clean_eval": {
    "f-score": 1.414027149321267,
    "precision": 0.7346459006758742,
    "recall": 18.796992481203006,
    "tp": 25,
    "fp": 3378,
    "fn": 108
  },
  "jaccard": [
    0.9881796690307328
  ],
  "braycurtis": [
    0.9720509658857378
  ],
  "dice": [
    0.9766355140186916
  ],
  "cosinus": [
    0.9376437886301919
  ]
}