{
  "voc_eval_res": {
    "precision": 5.5815,
    "recall": 15.5318,
    "f-score": 8.2119
  },
  "KL_res": {
    "KL divergence": 1.227586869926383,
    "Euclidean Dist.": 0.0772079337969436,
    "WER": 0.9513388748484362,
    "CER": 0.7032309413299564,
    "Cosine Dist.": 0.26947533238389254
  },
  "occ_eval_res": {
    "precision": 30.3008,
    "recall": 22.4154,
    "f-score": 25.7683
  },
  "clean_eval": {
    "f-score": 4.007304626832558,
    "precision": 3.4616972341805745,
    "recall": 4.75708091899996,
    "tp": 2348,
    "fp": 65480,
    "fn": 47010
  },
  "jaccard": [
    0.778323021122253
  ],
  "braycurtis": [
    0.36871103114782156
  ],
  "dice": [
    0.637093957387356
  ],
  "cosinus": [
    0.09290127216601285
  ]
}