{
  "voc_eval_res": {
    "precision": 5.3708,
    "recall": 0.7755,
    "f-score": 1.3553
  },
  "KL_res": {
    "KL divergence": 3.5495655209357775,
    "Euclidean Dist.": 0.13832204645357637,
    "WER": 0.9790996784565916,
    "CER": 0.8372123260954363,
    "Cosine Dist.": 0.5949123066519338
  },
  "occ_eval_res": {
    "precision": 6.5315,
    "recall": 2.7974,
    "f-score": 3.9172
  },
  "clean_eval": {
    "f-score": 0.5888125613346419,
    "precision": 0.4318100035984167,
    "recall": 0.9252120277563608,
    "tp": 12,
    "fp": 2767,
    "fn": 1285
  },
  "jaccard": [
    0.9889853137516689
  ],
  "braycurtis": [
    0.9538165490699166
  ],
  "dice": [
    0.9782106305711455
  ],
  "cosinus": [
    0.7467657526448119
  ]
}