{
  "voc_eval_res": {
    "precision": 20.7254,
    "recall": 2.1529,
    "f-score": 3.9005
  },
  "KL_res": {
    "KL divergence": 3.709063542256026,
    "Euclidean Dist.": 0.23755417761038217,
    "WER": 0.9702526487367563,
    "CER": 0.8386072294722254,
    "Cosine Dist.": 0.8510725620512709
  },
  "occ_eval_res": {
    "precision": 18.8,
    "recall": 3.8305,
    "f-score": 6.3643
  },
  "clean_eval": {
    "f-score": 0.34782608695652173,
    "precision": 0.2103491796381994,
    "recall": 1.0040160642570282,
    "tp": 5,
    "fp": 2372,
    "fn": 493
  },
  "jaccard": [
    0.42857142857142855
  ],
  "braycurtis": [
    0.6313077387307925
  ],
  "dice": [
    0.2727272727272727
  ],
  "cosinus": [
    0.07199149090990531
  ]
}