{
  "voc_eval_res": {
    "precision": 12.808,
    "recall": 38.1329,
    "f-score": 19.1754
  },
  "KL_res": {
    "KL divergence": 0.5522562482960642,
    "Euclidean Dist.": 0.05789208495731492,
    "WER": 0.775263243155678,
    "CER": 0.2856611324491476,
    "Cosine Dist.": 0.15829467057135405
  },
  "occ_eval_res": {
    "precision": 43.8878,
    "recall": 54.3877,
    "f-score": 48.5768
  },
  "clean_eval": {
    "f-score": 38.031981235689415,
    "precision": 42.249280349402774,
    "recall": 34.58020487058489,
    "tp": 51076,
    "fp": 69816,
    "fn": 96627
  },
  "jaccard": [
    0.7583824143208273
  ],
  "braycurtis": [
    0.24250438400796903
  ],
  "dice": [
    0.6108019273148321
  ],
  "cosinus": [
    0.044769257455962164
  ]
}