{
  "voc_eval_res": {
    "precision": 31.3725,
    "recall": 3.992,
    "f-score": 7.0828
  },
  "KL_res": {
    "KL divergence": 3.731077867751374,
    "Euclidean Dist.": 0.16680528200247477,
    "WER": 0.9468522619424233,
    "CER": 0.7910585717065577,
    "Cosine Dist.": 0.7693730185527338
  },
  "occ_eval_res": {
    "precision": 27.0718,
    "recall": 6.2006,
    "f-score": 10.0901
  },
  "clean_eval": {
    "f-score": 4.160963591568574,
    "precision": 2.582398912674142,
    "recall": 10.704225352112676,
    "tp": 76,
    "fp": 2867,
    "fn": 634
  },
  "jaccard": [
    0.9557230334432407
  ],
  "braycurtis": [
    0.8763114301490889
  ],
  "dice": [
    0.9152007216959855
  ],
  "cosinus": [
    0.7277415067531074
  ]
}