{
  "voc_eval_res": {
    "precision": 12.3916,
    "recall": 35.0296,
    "f-score": 18.3071
  },
  "KL_res": {
    "KL divergence": 0.4541148338144218,
    "Euclidean Dist.": 0.052352114681377786,
    "WER": 0.6720265269186093,
    "CER": 0.22837838491529852,
    "Cosine Dist.": 0.11333341331839109
  },
  "occ_eval_res": {
    "precision": 44.8213,
    "recall": 46.6342,
    "f-score": 45.7098
  },
  "clean_eval": {
    "f-score": 32.39472553442905,
    "precision": 32.060652774824575,
    "recall": 32.7358336951802,
    "tp": 48250,
    "fp": 102246,
    "fn": 99142
  },
  "jaccard": [
    0.8823105255978018
  ],
  "braycurtis": [
    0.5239484805795935
  ],
  "dice": [
    0.7894057748639978
  ],
  "cosinus": [
    0.08344300450237441
  ]
}