{
  "voc_eval_res": {
    "precision": 3.7037,
    "recall": 0.1928,
    "f-score": 0.3664
  },
  "KL_res": {
    "KL divergence": 3.0687957948398736,
    "Euclidean Dist.": 0.19070647540809907,
    "WER": 0.9957627118644068,
    "CER": 0.852272963478767,
    "Cosine Dist.": 0.9115399660601661
  },
  "occ_eval_res": {
    "precision": 2.8998,
    "recall": 0.5826,
    "f-score": 0.9703
  },
  "clean_eval": {
    "f-score": 0.09348706762231225,
    "precision": 0.056635831602794035,
    "recall": 0.2676181980374665,
    "tp": 3,
    "fp": 5294,
    "fn": 1118
  },
  "jaccard": [
    0.9975822949600148
  ],
  "braycurtis": [
    0.989010989010989
  ],
  "dice": [
    0.9951762523191094
  ],
  "cosinus": [
    0.9397065758172383
  ]
}