{
  "voc_eval_res": {
    "precision": 2.8497,
    "recall": 0.2634,
    "f-score": 0.4822
  },
  "KL_res": {
    "KL divergence": 3.2508499588139443,
    "Euclidean Dist.": 0.1711583503293686,
    "WER": 0.9948364888123924,
    "CER": 0.8127446249530856,
    "Cosine Dist.": 0.9054525194250005
  },
  "occ_eval_res": {
    "precision": 2.5703,
    "recall": 0.6885,
    "f-score": 1.086
  },
  "clean_eval": {
    "f-score": 0.14242478191205268,
    "precision": 0.09113693324219639,
    "recall": 0.32573289902280134,
    "tp": 4,
    "fp": 4385,
    "fn": 1224
  },
  "jaccard": [
    0.9960256127180394
  ],
  "braycurtis": [
    0.9847509318874957
  ],
  "dice": [
    0.9920826918847592
  ],
  "cosinus": [
    0.9259938324128525
  ]
}