{
  "voc_eval_res": {
    "precision": 43.5356,
    "recall": 26.5273,
    "f-score": 32.967
  },
  "KL_res": {
    "KL divergence": 1.2155862781757762,
    "Euclidean Dist.": 0.09463746463792183,
    "WER": 1.0300146412884335,
    "CER": 0.8827676240208877,
    "Cosine Dist.": 0.022890582518810265
  },
  "occ_eval_res": {
    "precision": 43.714,
    "recall": 55.4905,
    "f-score": 48.9032
  },
  "clean_eval": {
    "f-score": 22.284908321579692,
    "precision": 25.60777957860616,
    "recall": 19.72534332084894,
    "tp": 316,
    "fp": 918,
    "fn": 1286
  },
  "jaccard": [
    0.453125
  ],
  "braycurtis": [
    0.17126191080033332
  ],
  "dice": [
    0.29292929292929293
  ],
  "cosinus": [
    0.0028264238742933268
  ]
}