{
  "voc_eval_res": {
    "precision": 12.8571,
    "recall": 0.5562,
    "f-score": 1.0664
  },
  "KL_res": {
    "KL divergence": 4.593204676715375,
    "Euclidean Dist.": 0.6278632827972229,
    "WER": 0.9832791453785416,
    "CER": 0.8785052781555599,
    "Cosine Dist.": 0.8675948825501609
  },
  "occ_eval_res": {
    "precision": 11.8785,
    "recall": 1.9972,
    "f-score": 3.4195
  },
  "clean_eval": {
    "f-score": 0.3494975972040193,
    "precision": 0.2074688796680498,
    "recall": 1.10803324099723,
    "tp": 4,
    "fp": 1924,
    "fn": 357
  },
  "jaccard": [
    0.8711368653421634
  ],
  "braycurtis": [
    0.8307487076871769
  ],
  "dice": [
    0.7716939623563921
  ],
  "cosinus": [
    0.548448675248871
  ]
}