{
  "voc_eval_res": {
    "precision": 86.4865,
    "recall": 60.5678,
    "f-score": 71.243
  },
  "KL_res": {
    "KL divergence": 0.5068539926659476,
    "Euclidean Dist.": 0.09324385386892849,
    "WER": 0.3047375160051216,
    "CER": 0.25029868578255676,
    "Cosine Dist.": 0.004970929125085899
  },
  "occ_eval_res": {
    "precision": 85.4749,
    "recall": 78.3611,
    "f-score": 81.7635
  },
  "clean_eval": {
    "f-score": 64.218958611482,
    "precision": 61.11817026683609,
    "recall": 67.65119549929676,
    "tp": 481,
    "fp": 306,
    "fn": 230
  },
  "jaccard": [
    0.40821917808219177
  ],
  "braycurtis": [
    0.16432498472816126
  ],
  "dice": [
    0.25645438898450945
  ],
  "cosinus": [
    0.006994010406826789
  ]
}