{
  "voc_eval_res": {
    "precision": 32.1918,
    "recall": 4.4762,
    "f-score": 7.8595
  },
  "KL_res": {
    "KL divergence": 3.794991167278473,
    "Euclidean Dist.": 0.38011185770765543,
    "WER": 0.924903368304804,
    "CER": 0.7074304625325033,
    "Cosine Dist.": 0.6082784516046151
  },
  "occ_eval_res": {
    "precision": 29.3916,
    "recall": 9.4699,
    "f-score": 14.3245
  },
  "clean_eval": {
    "f-score": 3.0623247789519086,
    "precision": 2.03847258110824,
    "recall": 6.152512998266898,
    "tp": 71,
    "fp": 3412,
    "fn": 1083
  },
  "jaccard": [
    0.4230769230769231
  ],
  "braycurtis": [
    0.41108766545175524
  ],
  "dice": [
    0.2682926829268293
  ],
  "cosinus": [
    0.04191385043216456
  ]
}