{
  "voc_eval_res": {
    "precision": 11.0849,
    "recall": 1.0475,
    "f-score": 1.9141
  },
  "KL_res": {
    "KL divergence": 3.2859644908250925,
    "Euclidean Dist.": 0.2298655851245501,
    "WER": 0.9861458533769483,
    "CER": 0.7729255636680902,
    "Cosine Dist.": 0.7453994318004404
  },
  "occ_eval_res": {
    "precision": 5.0432,
    "recall": 2.1358,
    "f-score": 3.0008
  },
  "clean_eval": {
    "f-score": 0.11014732204323281,
    "precision": 0.07823195775474281,
    "recall": 0.18604651162790697,
    "tp": 4,
    "fp": 5109,
    "fn": 2146
  },
  "jaccard": [
    0.4716981132075472
  ],
  "braycurtis": [
    0.4114504666359286
  ],
  "dice": [
    0.30864197530864196
  ],
  "cosinus": [
    0.03711493350799033
  ]
}