{
  "voc_eval_res": {
    "precision": 5.7489,
    "recall": 18.7427,
    "f-score": 8.7989
  },
  "KL_res": {
    "KL divergence": 1.1426369894398511,
    "Euclidean Dist.": 0.08987365106231172,
    "WER": 0.977684004235614,
    "CER": 0.44420253430902673,
    "Cosine Dist.": 0.31079408893059124
  },
  "occ_eval_res": {
    "precision": 26.7905,
    "recall": 31.0843,
    "f-score": 28.7782
  },
  "clean_eval": {
    "f-score": 12.011135008380029,
    "precision": 13.266700565689952,
    "recall": 10.972676733824862,
    "tp": 8349,
    "fp": 54583,
    "fn": 67740
  },
  "jaccard": [
    0.7915415415415415
  ],
  "braycurtis": [
    0.354981367455155
  ],
  "dice": [
    0.6550010354110581
  ],
  "cosinus": [
    0.09010458994282
  ]
}