{
  "voc_eval_res": {
    "precision": 28.866,
    "recall": 1.4149,
    "f-score": 2.6975
  },
  "KL_res": {
    "KL divergence": 4.913760667427074,
    "Euclidean Dist.": 0.4712596098201218,
    "WER": 0.9730299199325748,
    "CER": 0.8760540039966856,
    "Cosine Dist.": 0.8833973470152527
  },
  "occ_eval_res": {
    "precision": 35.2792,
    "recall": 2.9288,
    "f-score": 5.4086
  },
  "clean_eval": {
    "f-score": 0.40816326530612246,
    "precision": 0.22177866489243736,
    "recall": 2.557544757033248,
    "tp": 10,
    "fp": 4499,
    "fn": 381
  },
  "jaccard": [
    0.9838235294117647
  ],
  "braycurtis": [
    0.9132743362831859
  ],
  "dice": [
    0.9681620839363242
  ],
  "cosinus": [
    0.5190018670397585
  ]
}