{
  "voc_eval_res": {
    "precision": 4.5217,
    "recall": 0.8192,
    "f-score": 1.387
  },
  "KL_res": {
    "KL divergence": 3.5277582131848475,
    "Euclidean Dist.": 0.22509074487570047,
    "WER": 0.9931220830262835,
    "CER": 0.7580529461998292,
    "Cosine Dist.": 0.9343893551966328
  },
  "occ_eval_res": {
    "precision": 2.7695,
    "recall": 1.8177,
    "f-score": 2.1949
  },
  "clean_eval": {
    "f-score": 0.2831524303916942,
    "precision": 0.23974427277570592,
    "recall": 0.3457548981943911,
    "tp": 9,
    "fp": 3745,
    "fn": 2594
  },
  "jaccard": [
    0.7328995955688412
  ],
  "braycurtis": [
    0.5716722895261463
  ],
  "dice": [
    0.5784068831529281
  ],
  "cosinus": [
    0.39900738870341856
  ]
}