{
  "voc_eval_res": {
    "precision": 4.7619,
    "recall": 0.6656,
    "f-score": 1.1679
  },
  "KL_res": {
    "KL divergence": 3.8012147881722913,
    "Euclidean Dist.": 0.16960061728591205,
    "WER": 0.9895306859205776,
    "CER": 0.8149651601355239,
    "Cosine Dist.": 0.830638372712577
  },
  "occ_eval_res": {
    "precision": 2.8054,
    "recall": 1.7329,
    "f-score": 2.1424
  },
  "clean_eval": {
    "f-score": 0.5892462558310827,
    "precision": 0.49792531120331945,
    "recall": 0.7215874924834637,
    "tp": 12,
    "fp": 2398,
    "fn": 1651
  },
  "jaccard": [
    0.47368421052631576
  ],
  "braycurtis": [
    0.3918116112981749
  ],
  "dice": [
    0.3103448275862069
  ],
  "cosinus": [
    0.06436764259839034
  ]
}