{
  "voc_eval_res": {
    "precision": 26.0536,
    "recall": 3.3122,
    "f-score": 5.8773
  },
  "KL_res": {
    "KL divergence": 3.1428358394166116,
    "Euclidean Dist.": 0.24208424032487944,
    "WER": 0.8984375,
    "CER": 0.715304282179256,
    "Cosine Dist.": 0.2736567231971502
  },
  "occ_eval_res": {
    "precision": 35.637,
    "recall": 12.8606,
    "f-score": 18.9004
  },
  "clean_eval": {
    "f-score": 1.6643550624133148,
    "precision": 1.153846153846154,
    "recall": 2.9850746268656714,
    "tp": 36,
    "fp": 3084,
    "fn": 1170
  },
  "jaccard": [
    0.9596885020613835
  ],
  "braycurtis": [
    0.7913232104121475
  ],
  "dice": [
    0.9225011008366358
  ],
  "cosinus": [
    0.32099602980335407
  ]
}