{
  "voc_eval_res": {
    "precision": 19.4282,
    "recall": 40.6825,
    "f-score": 26.2978
  },
  "KL_res": {
    "KL divergence": 0.5559044613597584,
    "Euclidean Dist.": 0.05630223796862678,
    "WER": 0.708031269835967,
    "CER": 0.23590591009471912,
    "Cosine Dist.": 0.14783651517892749
  },
  "occ_eval_res": {
    "precision": 47.6309,
    "recall": 55.3453,
    "f-score": 51.1991
  },
  "clean_eval": {
    "f-score": 41.49378911586238,
    "precision": 44.654518103183015,
    "recall": 38.75092716214212,
    "tp": 26122,
    "fp": 32376,
    "fn": 41288
  },
  "jaccard": [
    0.8263496020711477
  ],
  "braycurtis": [
    0.44488528254878373
  ],
  "dice": [
    0.7040849673202615
  ],
  "cosinus": [
    0.11413733493769251
  ]
}