{
  "voc_eval_res": {
    "precision": 23.2558,
    "recall": 5.0633,
    "f-score": 8.316
  },
  "KL_res": {
    "KL divergence": 3.9352276583588877,
    "Euclidean Dist.": 0.2541757564073837,
    "WER": 0.9039665970772442,
    "CER": 0.7086956521739131,
    "Cosine Dist.": 0.1973719198275139
  },
  "occ_eval_res": {
    "precision": 27.1429,
    "recall": 15.8664,
    "f-score": 20.0264
  },
  "clean_eval": {
    "f-score": 1.3458950201884252,
    "precision": 1.070663811563169,
    "recall": 1.8115942028985508,
    "tp": 5,
    "fp": 462,
    "fn": 271
  },
  "jaccard": [
    0.9538461538461539
  ],
  "braycurtis": [
    0.7971014492753623
  ],
  "dice": [
    0.9117647058823529
  ],
  "cosinus": [
    0.26607690732869793
  ]
}