{
  "voc_eval_res": {
    "precision": 29.7297,
    "recall": 6.6667,
    "f-score": 10.8911
  },
  "KL_res": {
    "KL divergence": 3.9873684789152968,
    "Euclidean Dist.": 0.30911867012056377,
    "WER": 0.8934240362811792,
    "CER": 0.6867734841344644,
    "Cosine Dist.": 0.1652734852196951
  },
  "occ_eval_res": {
    "precision": 30.8696,
    "recall": 16.0998,
    "f-score": 21.1624
  },
  "clean_eval": {
    "f-score": 4.516129032258065,
    "precision": 3.349282296650718,
    "recall": 6.9306930693069315,
    "tp": 14,
    "fp": 404,
    "fn": 188
  },
  "jaccard": [
    0.9423076923076923
  ],
  "braycurtis": [
    0.7877813504823151
  ],
  "dice": [
    0.8909090909090909
  ],
  "cosinus": [
    0.1998190188794463
  ]
}