{
  "voc_eval_res": {
    "precision": 32.0,
    "recall": 7.3903,
    "f-score": 12.0075
  },
  "KL_res": {
    "KL divergence": 3.2151142879948633,
    "Euclidean Dist.": 0.1770247216014898,
    "WER": 0.9509981851179673,
    "CER": 0.7308479689688611,
    "Cosine Dist.": 0.411168090989534
  },
  "occ_eval_res": {
    "precision": 27.7213,
    "recall": 17.3321,
    "f-score": 21.3289
  },
  "clean_eval": {
    "f-score": 1.1481056257175657,
    "precision": 0.9487666034155597,
    "recall": 1.4534883720930232,
    "tp": 10,
    "fp": 1044,
    "fn": 678
  },
  "jaccard": [
    0.9340659340659341
  ],
  "braycurtis": [
    0.7845303867403315
  ],
  "dice": [
    0.8762886597938144
  ],
  "cosinus": [
    0.5488974682446219
  ]
}