{
  "voc_eval_res": {
    "precision": 26.1745,
    "recall": 4.0041,
    "f-score": 6.9457
  },
  "KL_res": {
    "KL divergence": 4.2709886557571775,
    "Euclidean Dist.": 0.17268597265692684,
    "WER": 0.9527027027027027,
    "CER": 0.7868356785672752,
    "Cosine Dist.": 0.6842458463294523
  },
  "occ_eval_res": {
    "precision": 21.3675,
    "recall": 6.3345,
    "f-score": 9.772
  },
  "clean_eval": {
    "f-score": 3.29512893982808,
    "precision": 2.1739130434782608,
    "recall": 6.804733727810651,
    "tp": 23,
    "fp": 1035,
    "fn": 315
  },
  "jaccard": [
    0.7740855229263266
  ],
  "braycurtis": [
    0.60729939312205
  ],
  "dice": [
    0.6314351754570288
  ],
  "cosinus": [
    0.2582400301509563
  ]
}