{
  "voc_eval_res": {
    "precision": 60.0,
    "recall": 13.5279,
    "f-score": 22.0779
  },
  "KL_res": {
    "KL divergence": 3.5617494990233842,
    "Euclidean Dist.": 0.6226220916186591,
    "WER": 0.8669950738916257,
    "CER": 0.6714784633294528,
    "Cosine Dist.": 0.7431095933289564
  },
  "occ_eval_res": {
    "precision": 34.005,
    "recall": 22.1675,
    "f-score": 26.839
  },
  "clean_eval": {
    "f-score": 11.789038262668045,
    "precision": 9.844559585492227,
    "recall": 14.690721649484537,
    "tp": 57,
    "fp": 522,
    "fn": 331
  },
  "jaccard": [
    0.87146529562982
  ],
  "braycurtis": [
    0.7081192189105858
  ],
  "dice": [
    0.7722095671981777
  ],
  "cosinus": [
    0.7525043598221091
  ]
}