{
  "voc_eval_res": {
    "precision": 37.931,
    "recall": 3.3478,
    "f-score": 6.1526
  },
  "KL_res": {
    "KL divergence": 3.738986049817802,
    "Euclidean Dist.": 0.16502892807601413,
    "WER": 0.952755905511811,
    "CER": 0.833319317130603,
    "Cosine Dist.": 0.7939793585442478
  },
  "occ_eval_res": {
    "precision": 32.8859,
    "recall": 5.5118,
    "f-score": 9.4412
  },
  "clean_eval": {
    "f-score": 2.860061287027579,
    "precision": 1.6811768237766436,
    "recall": 9.572649572649574,
    "tp": 56,
    "fp": 3275,
    "fn": 529
  },
  "jaccard": [
    0.9644369178662151
  ],
  "braycurtis": [
    0.8959858621560212
  ],
  "dice": [
    0.9313164349959117
  ],
  "cosinus": [
    0.8637682356992098
  ]
}