{
  "voc_eval_res": {
    "precision": 35.1064,
    "recall": 4.807,
    "f-score": 8.4561
  },
  "KL_res": {
    "KL divergence": 3.6163210050998225,
    "Euclidean Dist.": 0.18940618842337778,
    "WER": 0.9366540335679481,
    "CER": 0.7750093527871306,
    "Cosine Dist.": 0.6566065606444305
  },
  "occ_eval_res": {
    "precision": 26.2787,
    "recall": 8.0671,
    "f-score": 12.3447
  },
  "clean_eval": {
    "f-score": 5.12589928057554,
    "precision": 3.423423423423423,
    "recall": 10.196779964221825,
    "tp": 57,
    "fp": 1608,
    "fn": 502
  },
  "jaccard": [
    0.9503063308373043
  ],
  "braycurtis": [
    0.8651877133105802
  ],
  "dice": [
    0.9053177691309987
  ],
  "cosinus": [
    0.7448549108125955
  ]
}