{
  "voc_eval_res": {
    "precision": 63.8298,
    "recall": 4.1265,
    "f-score": 7.7519
  },
  "KL_res": {
    "KL divergence": 5.0657843103052285,
    "Euclidean Dist.": 0.2773747331300673,
    "WER": 0.9652777777777778,
    "CER": 0.8932103939647946,
    "Cosine Dist.": 0.7969923124309791
  },
  "occ_eval_res": {
    "precision": 49.0196,
    "recall": 4.3403,
    "f-score": 7.9745
  },
  "clean_eval": {
    "f-score": 3.833333333333334,
    "precision": 2.085222121486854,
    "recall": 23.711340206185564,
    "tp": 23,
    "fp": 1080,
    "fn": 74
  },
  "jaccard": [
    0.5588235294117647
  ],
  "braycurtis": [
    0.7641729982466394
  ],
  "dice": [
    0.3877551020408163
  ],
  "cosinus": [
    0.06091675955314935
  ]
}