{
  "voc_eval_res": {
    "precision": 34.7458,
    "recall": 18.2222,
    "f-score": 23.9067
  },
  "KL_res": {
    "KL divergence": 2.5891157708440775,
    "Euclidean Dist.": 0.19331183479428096,
    "WER": 0.851123595505618,
    "CER": 0.6999136442141624,
    "Cosine Dist.": 0.19595355582838192
  },
  "occ_eval_res": {
    "precision": 46.8,
    "recall": 32.8652,
    "f-score": 38.6139
  },
  "clean_eval": {
    "f-score": 4.25531914893617,
    "precision": 3.6363636363636362,
    "recall": 5.128205128205128,
    "tp": 12,
    "fp": 318,
    "fn": 222
  },
  "jaccard": [
    0.1794871794871795
  ],
  "braycurtis": [
    0.1026512576478586
  ],
  "dice": [
    0.09859154929577464
  ],
  "cosinus": [
    0.018605608354634096
  ]
}