{
  "voc_eval_res": {
    "precision": 58.0357,
    "recall": 5.3586,
    "f-score": 9.8113
  },
  "KL_res": {
    "KL divergence": 4.4742277403990816,
    "Euclidean Dist.": 0.3906958829796867,
    "WER": 0.9348206474190727,
    "CER": 0.8296412127530188,
    "Cosine Dist.": 0.5532968243744751
  },
  "occ_eval_res": {
    "precision": 57.1875,
    "recall": 8.0052,
    "f-score": 14.0445
  },
  "clean_eval": {
    "f-score": 3.12256049960968,
    "precision": 1.7825311942959003,
    "recall": 12.578616352201259,
    "tp": 40,
    "fp": 2204,
    "fn": 278
  },
  "jaccard": [
    0.5285714285714286
  ],
  "braycurtis": [
    0.6425844761770112
  ],
  "dice": [
    0.3592233009708738
  ],
  "cosinus": [
    0.07460062415915236
  ]
}