{
  "voc_eval_res": {
    "precision": 29.6651,
    "recall": 8.6713,
    "f-score": 13.4199
  },
  "KL_res": {
    "KL divergence": 3.5054489309231553,
    "Euclidean Dist.": 0.14825876127961468,
    "WER": 0.8544739429695182,
    "CER": 0.6882930332774718,
    "Cosine Dist.": 0.3770150890266838
  },
  "occ_eval_res": {
    "precision": 35.4582,
    "recall": 17.5025,
    "f-score": 23.4365
  },
  "clean_eval": {
    "f-score": 9.190672153635116,
    "precision": 6.971904266389179,
    "recall": 13.480885311871226,
    "tp": 67,
    "fp": 894,
    "fn": 430
  },
  "jaccard": [
    0.9172494172494172
  ],
  "braycurtis": [
    0.7535301668806161
  ],
  "dice": [
    0.8471474703982778
  ],
  "cosinus": [
    0.48927376847664217
  ]
}