{
  "voc_eval_res": {
    "precision": 6.7961,
    "recall": 2.0173,
    "f-score": 3.1111
  },
  "KL_res": {
    "KL divergence": 4.200068247476042,
    "Euclidean Dist.": 0.20091760191492217,
    "WER": 0.9458064516129032,
    "CER": 0.7145705521472393,
    "Cosine Dist.": 0.274223928870594
  },
  "occ_eval_res": {
    "precision": 10.5357,
    "recall": 7.6129,
    "f-score": 8.839
  },
  "clean_eval": {
    "f-score": 0.4604758250191865,
    "precision": 0.3952569169960474,
    "recall": 0.5514705882352942,
    "tp": 3,
    "fp": 756,
    "fn": 541
  },
  "jaccard": [
    0.9829157175398633
  ],
  "braycurtis": [
    0.9066967644845748
  ],
  "dice": [
    0.9664053751399776
  ],
  "cosinus": [
    0.4160726693853579
  ]
}