{
  "voc_eval_res": {
    "precision": 11.3772,
    "recall": 0.5186,
    "f-score": 0.9919
  },
  "KL_res": {
    "KL divergence": 4.04872543403451,
    "Euclidean Dist.": 0.267137908984484,
    "WER": 0.9917384426085428,
    "CER": 0.9062097397577944,
    "Cosine Dist.": 0.8901850798493984
  },
  "occ_eval_res": {
    "precision": 10.4712,
    "recall": 1.0547,
    "f-score": 1.9163
  },
  "clean_eval": {
    "f-score": 0.07534375588623092,
    "precision": 0.041981528127623846,
    "recall": 0.3669724770642202,
    "tp": 2,
    "fp": 4762,
    "fn": 543
  },
  "jaccard": [
    0.9960557454641072
  ],
  "braycurtis": [
    0.9778468713563934
  ],
  "dice": [
    0.9921424829753798
  ],
  "cosinus": [
    0.7391252860462519
  ]
}