{
  "voc_eval_res": {
    "precision": 36.6667,
    "recall": 4.4216,
    "f-score": 7.8916
  },
  "KL_res": {
    "KL divergence": 3.48805302834032,
    "Euclidean Dist.": 0.29666321521910294,
    "WER": 0.9139109046187482,
    "CER": 0.8114899838002292,
    "Cosine Dist.": 0.3034609010191457
  },
  "occ_eval_res": {
    "precision": 50.0,
    "recall": 10.1121,
    "f-score": 16.822
  },
  "clean_eval": {
    "f-score": 4.9461312438785505,
    "precision": 2.99614357757342,
    "recall": 14.165497896213184,
    "tp": 101,
    "fp": 3270,
    "fn": 612
  },
  "jaccard": [
    0.5087719298245614
  ],
  "braycurtis": [
    0.6183669597115932
  ],
  "dice": [
    0.3411764705882353
  ],
  "cosinus": [
    0.04647448731669446
  ]
}