{
  "voc_eval_res": {
    "precision": 4.4776,
    "recall": 0.2326,
    "f-score": 0.4422
  },
  "KL_res": {
    "KL divergence": 4.518313721804954,
    "Euclidean Dist.": 0.35911155446340454,
    "WER": 0.9981729598051157,
    "CER": 0.8499597099113618,
    "Cosine Dist.": 0.9948881726415403
  },
  "occ_eval_res": {
    "precision": 1.4035,
    "recall": 0.2436,
    "f-score": 0.4152
  },
  "clean_eval": {
    "f-score": 0.11154489682097045,
    "precision": 0.06609385327164573,
    "recall": 0.35714285714285715,
    "tp": 1,
    "fp": 1512,
    "fn": 279
  },
  "jaccard": [
    0.9962377727614747
  ],
  "braycurtis": [
    0.9930348258706467
  ],
  "dice": [
    0.992503748125937
  ],
  "cosinus": [
    0.9952683708304325
  ]
}