{
  "voc_eval_res": {
    "precision": 46.9799,
    "recall": 4.3157,
    "f-score": 7.9051
  },
  "KL_res": {
    "KL divergence": 2.8304456269860627,
    "Euclidean Dist.": 0.24055290622337705,
    "WER": 0.8921810699588477,
    "CER": 0.7653724972050006,
    "Cosine Dist.": 0.17586103609585668
  },
  "occ_eval_res": {
    "precision": 47.0659,
    "recall": 16.1728,
    "f-score": 24.0735
  },
  "clean_eval": {
    "f-score": 1.9801980198019802,
    "precision": 1.2963790791238265,
    "recall": 4.190751445086705,
    "tp": 29,
    "fp": 2208,
    "fn": 663
  },
  "jaccard": [
    0.3673469387755102
  ],
  "braycurtis": [
    0.5229069142813292
  ],
  "dice": [
    0.225
  ],
  "cosinus": [
    0.023328856540831833
  ]
}