{
  "voc_eval_res": {
    "precision": 36.875,
    "recall": 3.0428,
    "f-score": 5.6217
  },
  "KL_res": {
    "KL divergence": 3.510029357991803,
    "Euclidean Dist.": 0.27384951918130707,
    "WER": 0.9402704733283246,
    "CER": 0.7896720693554466,
    "Cosine Dist.": 0.33932325723547074
  },
  "occ_eval_res": {
    "precision": 30.6268,
    "recall": 8.0766,
    "f-score": 12.7824
  },
  "clean_eval": {
    "f-score": 1.3286934514394177,
    "precision": 0.8491710473109584,
    "recall": 3.0523255813953485,
    "tp": 21,
    "fp": 2452,
    "fn": 667
  },
  "jaccard": [
    0.43137254901960786
  ],
  "braycurtis": [
    0.5557967867998264
  ],
  "dice": [
    0.275
  ],
  "cosinus": [
    0.05390685197552503
  ]
}