{
  "voc_eval_res": {
    "precision": 80.6976,
    "recall": 94.7354,
    "f-score": 87.1548
  },
  "KL_res": {
    "KL divergence": 0.026349251986712688,
    "Euclidean Dist.": 0.010270676843340976,
    "WER": 0.0765925775567509,
    "CER": 0.034884124286124245,
    "Cosine Dist.": 0.004003566502964517
  },
  "occ_eval_res": {
    "precision": 93.3127,
    "recall": 96.962,
    "f-score": 95.1024
  },
  "clean_eval": {
    "f-score": 87.61687026547465,
    "precision": 88.62847971282122,
    "recall": 86.62809331826386,
    "tp": 51354,
    "fp": 6589,
    "fn": 7927
  },
  "jaccard": [
    0.4627246732026144
  ],
  "braycurtis": [
    0.07433416995765332
  ],
  "dice": [
    0.3010031223012024
  ],
  "cosinus": [
    0.007555546423655968
  ]
}