{
  "voc_eval_res": {
    "precision": 10.142,
    "recall": 2.5641,
    "f-score": 4.0933
  },
  "KL_res": {
    "KL divergence": 3.2459201231284727,
    "Euclidean Dist.": 0.19679634918311556,
    "WER": 0.9486963835155593,
    "CER": 0.7180141843971631,
    "Cosine Dist.": 0.4697065759597917
  },
  "occ_eval_res": {
    "precision": 13.9265,
    "recall": 9.0833,
    "f-score": 10.9952
  },
  "clean_eval": {
    "f-score": 0.6332453825857519,
    "precision": 0.5201560468140443,
    "recall": 0.8091706001348618,
    "tp": 12,
    "fp": 2295,
    "fn": 1471
  },
  "jaccard": [
    0.648895292987512
  ],
  "braycurtis": [
    0.4780977664916027
  ],
  "dice": [
    0.4802701741912549
  ],
  "cosinus": [
    0.24991459418160433
  ]
}