{
  "voc_eval_res": {
    "precision": 15.8451,
    "recall": 0.3848,
    "f-score": 0.7513
  },
  "KL_res": {
    "KL divergence": 2.996034562926962,
    "Euclidean Dist.": 0.2000540027078085,
    "WER": 0.9893928100452956,
    "CER": 0.922433407644044,
    "Cosine Dist.": 0.7617267778033671
  },
  "occ_eval_res": {
    "precision": 17.9525,
    "recall": 1.3875,
    "f-score": 2.576
  },
  "clean_eval": {
    "f-score": 0.05708088361207832,
    "precision": 0.030845157310302282,
    "recall": 0.38197097020626436,
    "tp": 5,
    "fp": 16205,
    "fn": 1304
  },
  "jaccard": [
    0.8604525862068966
  ],
  "braycurtis": [
    0.8645532144487639
  ],
  "dice": [
    0.7550827423167848
  ],
  "cosinus": [
    0.32371861732556806
  ]
}