{
  "voc_eval_res": {
    "precision": 1.5845,
    "recall": 2.3622,
    "f-score": 1.8967
  },
  "KL_res": {
    "KL divergence": 4.941976660311587,
    "Euclidean Dist.": 0.14092966750886748,
    "WER": 3.2916666666666665,
    "CER": 2.986047835990888,
    "Cosine Dist.": 0.6167998231680931
  },
  "occ_eval_res": {
    "precision": 1.6912,
    "recall": 5.6373,
    "f-score": 2.6018
  },
  "clean_eval": {
    "f-score": 0.3590664272890484,
    "precision": 0.75,
    "recall": 0.23603461841070023,
    "tp": 3,
    "fp": 397,
    "fn": 1268
  },
  "jaccard": [
    0.9903329752953813
  ],
  "braycurtis": [
    0.9733036707452726
  ],
  "dice": [
    0.9808510638297873
  ],
  "cosinus": [
    0.7479908606536769
  ]
}