{
  "voc_eval_res": {
    "precision": 11.6279,
    "recall": 1.1429,
    "f-score": 2.0812
  },
  "KL_res": {
    "KL divergence": 4.445440633928771,
    "Euclidean Dist.": 0.27508413314816843,
    "WER": 0.96723044397463,
    "CER": 0.8467034088589508,
    "Cosine Dist.": 0.3610849743214969
  },
  "occ_eval_res": {
    "precision": 13.5714,
    "recall": 4.0169,
    "f-score": 6.199
  },
  "clean_eval": {
    "f-score": 0.5333333333333332,
    "precision": 0.35335689045936397,
    "recall": 1.0869565217391304,
    "tp": 3,
    "fp": 846,
    "fn": 273
  },
  "jaccard": [
    0.8378218407812963
  ],
  "braycurtis": [
    0.746538081107814
  ],
  "dice": [
    0.7209065444359563
  ],
  "cosinus": [
    0.36478441959893837
  ]
}