{
  "voc_eval_res": {
    "precision": 64.8402,
    "recall": 48.9655,
    "f-score": 55.7957
  },
  "KL_res": {
    "KL divergence": 1.5985768726588225,
    "Euclidean Dist.": 0.06661337396312306,
    "WER": 0.6875,
    "CER": 0.5617592014971927,
    "Cosine Dist.": 0.18758288364244102
  },
  "occ_eval_res": {
    "precision": 63.2997,
    "recall": 51.087,
    "f-score": 56.5414
  },
  "clean_eval": {
    "f-score": 45.10108864696734,
    "precision": 40.845070422535215,
    "recall": 50.34722222222222,
    "tp": 145,
    "fp": 210,
    "fn": 143
  },
  "jaccard": [
    0.19047619047619047
  ],
  "braycurtis": [
    0.1256544502617801
  ],
  "dice": [
    0.10526315789473684
  ],
  "cosinus": [
    0.002867660103286873
  ]
}