{
  "voc_eval_res": {
    "precision": 35.545,
    "recall": 2.6006,
    "f-score": 4.8465
  },
  "KL_res": {
    "KL divergence": 4.176678901460224,
    "Euclidean Dist.": 0.22378076210544035,
    "WER": 0.965274906986358,
    "CER": 0.8272346134496059,
    "Cosine Dist.": 0.8876705819864232
  },
  "occ_eval_res": {
    "precision": 26.5903,
    "recall": 4.32,
    "f-score": 7.4324
  },
  "clean_eval": {
    "f-score": 0.8192142990132191,
    "precision": 0.4796163069544364,
    "recall": 2.806122448979592,
    "tp": 22,
    "fp": 4565,
    "fn": 762
  },
  "jaccard": [
    0.9687818120122158
  ],
  "braycurtis": [
    0.889871382636656
  ],
  "dice": [
    0.939453767686739
  ],
  "cosinus": [
    0.7101616236870729
  ]
}