{
  "voc_eval_res": {
    "precision": 25.8993,
    "recall": 10.8761,
    "f-score": 15.3191
  },
  "KL_res": {
    "KL divergence": 2.841327573882079,
    "Euclidean Dist.": 0.15962530165247546,
    "WER": 0.8619979402677652,
    "CER": 0.6654786150712831,
    "Cosine Dist.": 0.16257151921902968
  },
  "occ_eval_res": {
    "precision": 37.4808,
    "recall": 25.1287,
    "f-score": 30.0863
  },
  "clean_eval": {
    "f-score": 4.621309370988447,
    "precision": 3.8793103448275863,
    "recall": 5.714285714285714,
    "tp": 36,
    "fp": 892,
    "fn": 594
  },
  "jaccard": [
    0.9050410316529894
  ],
  "braycurtis": [
    0.6817073170731708
  ],
  "dice": [
    0.8265524625267666
  ],
  "cosinus": [
    0.20819829358352127
  ]
}