{
  "voc_eval_res": {
    "precision": 4.2601,
    "recall": 0.8363,
    "f-score": 1.3981
  },
  "KL_res": {
    "KL divergence": 4.514629834564024,
    "Euclidean Dist.": 0.1775422671270363,
    "WER": 0.9917487356933724,
    "CER": 0.7714640435488492,
    "Cosine Dist.": 0.9653572266648234
  },
  "occ_eval_res": {
    "precision": 3.7209,
    "recall": 1.2776,
    "f-score": 1.9021
  },
  "clean_eval": {
    "f-score": 0.5089058524173028,
    "precision": 0.34802784222737815,
    "recall": 0.9463722397476341,
    "tp": 12,
    "fp": 3436,
    "fn": 1256
  },
  "jaccard": [
    0.48214285714285715
  ],
  "braycurtis": [
    0.3477077407713246
  ],
  "dice": [
    0.3176470588235294
  ],
  "cosinus": [
    0.05531226127240796
  ]
}