{
  "voc_eval_res": {
    "precision": 18.3625,
    "recall": 29.7847,
    "f-score": 22.7187
  },
  "KL_res": {
    "KL divergence": 0.5342553793487371,
    "Euclidean Dist.": 0.04749899682292379,
    "WER": 0.8811476072647292,
    "CER": 0.6206056534514742,
    "Cosine Dist.": 0.07675024311389544
  },
  "occ_eval_res": {
    "precision": 51.4267,
    "recall": 33.6374,
    "f-score": 40.6719
  },
  "clean_eval": {
    "f-score": 22.73670965712488,
    "precision": 18.779879442943255,
    "recall": 28.805993942292364,
    "tp": 10842,
    "fp": 46890,
    "fn": 26796
  },
  "jaccard": [
    0.7032049767698244
  ],
  "braycurtis": [
    0.3310020482256037
  ],
  "dice": [
    0.5422637843089628
  ],
  "cosinus": [
    0.0358849864837536
  ]
}