{
  "voc_eval_res": {
    "precision": 73.8562,
    "recall": 48.2906,
    "f-score": 58.3979
  },
  "KL_res": {
    "KL divergence": 1.938652975960332,
    "Euclidean Dist.": 0.13833936953788764,
    "WER": 0.5726027397260274,
    "CER": 0.4482386772106398,
    "Cosine Dist.": 0.34560973813285834
  },
  "occ_eval_res": {
    "precision": 72.1311,
    "recall": 48.2192,
    "f-score": 57.7997
  },
  "clean_eval": {
    "f-score": 47.84053156146179,
    "precision": 40.11142061281337,
    "recall": 59.25925925925925,
    "tp": 144,
    "fp": 215,
    "fn": 99
  },
  "jaccard": [
    0.3810665068903535
  ],
  "braycurtis": [
    0.22965350523771152
  ],
  "dice": [
    0.23538119911176905
  ],
  "cosinus": [
    0.0699421305558684
  ]
}