{
  "voc_eval_res": {
    "precision": 12.1212,
    "recall": 1.1887,
    "f-score": 2.1651
  },
  "KL_res": {
    "KL divergence": 4.5149823306888095,
    "Euclidean Dist.": 0.1912802834701623,
    "WER": 0.9907702100572884,
    "CER": 0.8354042278521865,
    "Cosine Dist.": 0.965002387946536
  },
  "occ_eval_res": {
    "precision": 7.963,
    "recall": 1.3686,
    "f-score": 2.3357
  },
  "clean_eval": {
    "f-score": 0.23937761819269898,
    "precision": 0.1422981145499822,
    "recall": 0.7532956685499058,
    "tp": 4,
    "fp": 2807,
    "fn": 527
  },
  "jaccard": [
    0.5087719298245614
  ],
  "braycurtis": [
    0.6165236412586236
  ],
  "dice": [
    0.3411764705882353
  ],
  "cosinus": [
    0.07005863129959577
  ]
}