{
  "voc_eval_res": {
    "precision": 17.6136,
    "recall": 1.3796,
    "f-score": 2.5588
  },
  "KL_res": {
    "KL divergence": 4.30694288082883,
    "Euclidean Dist.": 0.24561643503722028,
    "WER": 0.9879478827361563,
    "CER": 0.8661820892740658,
    "Cosine Dist.": 0.9553799302879463
  },
  "occ_eval_res": {
    "precision": 8.7273,
    "recall": 1.5635,
    "f-score": 2.6519
  },
  "clean_eval": {
    "f-score": 1.4412053717654767,
    "precision": 0.8754476721050538,
    "recall": 4.074074074074074,
    "tp": 22,
    "fp": 2491,
    "fn": 518
  },
  "jaccard": [
    0.4727272727272727
  ],
  "braycurtis": [
    0.6739717802461723
  ],
  "dice": [
    0.30952380952380953
  ],
  "cosinus": [
    0.05839295180503079
  ]
}