{
  "voc_eval_res": {
    "precision": 12.1771,
    "recall": 0.5817,
    "f-score": 1.1104
  },
  "KL_res": {
    "KL divergence": 3.8720786771981954,
    "Euclidean Dist.": 0.22125559532257566,
    "WER": 0.9902827819630964,
    "CER": 0.9190418540297475,
    "Cosine Dist.": 0.9201091967001713
  },
  "occ_eval_res": {
    "precision": 18.6969,
    "recall": 1.4412,
    "f-score": 2.6761
  },
  "clean_eval": {
    "f-score": 0.2821180555555555,
    "precision": 0.15095215977705526,
    "recall": 2.152317880794702,
    "tp": 13,
    "fp": 8599,
    "fn": 591
  },
  "jaccard": [
    0.8474229287090559
  ],
  "braycurtis": [
    0.8501844217834671
  ],
  "dice": [
    0.735241876501933
  ],
  "cosinus": [
    0.35514570851781013
  ]
}