{
  "voc_eval_res": {
    "precision": 43.1818,
    "recall": 23.4568,
    "f-score": 30.4
  },
  "KL_res": {
    "KL divergence": 2.7020857791952984,
    "Euclidean Dist.": 0.1587584225194653,
    "WER": 1.125340599455041,
    "CER": 1.0461839530332682,
    "Cosine Dist.": 0.2384838581383445
  },
  "occ_eval_res": {
    "precision": 30.2326,
    "recall": 35.4223,
    "f-score": 32.6223
  },
  "clean_eval": {
    "f-score": 15.208034433285512,
    "precision": 15.868263473053892,
    "recall": 14.600550964187327,
    "tp": 53,
    "fp": 281,
    "fn": 310
  },
  "jaccard": [
    0.7961165048543689
  ],
  "braycurtis": [
    0.6827586206896552
  ],
  "dice": [
    0.6612903225806451
  ],
  "cosinus": [
    0.5370933132468402
  ]
}