{
  "voc_eval_res": {
    "precision": 40.7407,
    "recall": 22.9167,
    "f-score": 29.3333
  },
  "KL_res": {
    "KL divergence": 2.314678230776458,
    "Euclidean Dist.": 0.2706959676181408,
    "WER": 1.2264492753623188,
    "CER": 1.1724401426388182,
    "Cosine Dist.": 0.17154773338990292
  },
  "occ_eval_res": {
    "precision": 31.3514,
    "recall": 42.029,
    "f-score": 35.9133
  },
  "clean_eval": {
    "f-score": 11.580594679186227,
    "precision": 13.503649635036496,
    "recall": 10.136986301369863,
    "tp": 74,
    "fp": 474,
    "fn": 656
  },
  "jaccard": [
    0.8125
  ],
  "braycurtis": [
    0.6146645865834633
  ],
  "dice": [
    0.6842105263157895
  ],
  "cosinus": [
    0.17397158150154857
  ]
}