{
  "voc_eval_res": {
    "precision": 54.8694,
    "recall": 45.4724,
    "f-score": 49.7309
  },
  "KL_res": {
    "KL divergence": 0.9458506051485429,
    "Euclidean Dist.": 0.08656664289607036,
    "WER": 0.9717707442258341,
    "CER": 0.7877988908082553,
    "Cosine Dist.": 0.10290498724231945
  },
  "occ_eval_res": {
    "precision": 51.7502,
    "recall": 64.4996,
    "f-score": 57.4257
  },
  "clean_eval": {
    "f-score": 24.70308788598575,
    "precision": 27.392449517120284,
    "recall": 22.49459264599856,
    "tp": 312,
    "fp": 827,
    "fn": 1075
  },
  "jaccard": [
    0.6229985443959243
  ],
  "braycurtis": [
    0.37697659709044906
  ],
  "dice": [
    0.452431289640592
  ],
  "cosinus": [
    0.09485297085711641
  ]
}