{
  "voc_eval_res": {
    "precision": 55.907,
    "recall": 73.311,
    "f-score": 63.4369
  },
  "KL_res": {
    "KL divergence": 0.07959570080031957,
    "Euclidean Dist.": 0.01792178359046121,
    "WER": 0.5222853636801893,
    "CER": 0.4339001315569948,
    "Cosine Dist.": 0.008654878002720245
  },
  "occ_eval_res": {
    "precision": 85.9994,
    "recall": 66.3492,
    "f-score": 74.907
  },
  "clean_eval": {
    "f-score": 53.4399119809292,
    "precision": 47.262192604823966,
    "recall": 61.47547271123385,
    "tp": 32057,
    "fp": 35771,
    "fn": 20089
  },
  "jaccard": [
    0.6705224115169423
  ],
  "braycurtis": [
    0.22891101802562935
  ],
  "dice": [
    0.5043502931719311
  ],
  "cosinus": [
    0.012335787195472236
  ]
}