{
  "voc_eval_res": {
    "precision": 13.5593,
    "recall": 17.0213,
    "f-score": 15.0943
  },
  "KL_res": {
    "KL divergence": 5.337909601212607,
    "Euclidean Dist.": 0.2728565774416201,
    "WER": 1.1494252873563218,
    "CER": 1.1202635914332784,
    "Cosine Dist.": 0.7448278420878288
  },
  "occ_eval_res": {
    "precision": 13.6364,
    "recall": 17.2414,
    "f-score": 15.2284
  },
  "clean_eval": {
    "f-score": 16.129032258064516,
    "precision": 17.647058823529413,
    "recall": 14.85148514851485,
    "tp": 15,
    "fp": 70,
    "fn": 86
  },
  "jaccard": [
    0.690566037735849
  ],
  "braycurtis": [
    0.6264908976773383
  ],
  "dice": [
    0.5273775216138329
  ],
  "cosinus": [
    0.500310801854343
  ]
}