{
  "voc_eval_res": {
    "precision": 11.8644,
    "recall": 20.0,
    "f-score": 14.8936
  },
  "KL_res": {
    "KL divergence": 5.285259365036885,
    "Euclidean Dist.": 0.3019194854919666,
    "WER": 1.434782608695652,
    "CER": 1.4945770065075923,
    "Cosine Dist.": 0.7114851069576924
  },
  "occ_eval_res": {
    "precision": 12.7273,
    "recall": 20.2899,
    "f-score": 15.6425
  },
  "clean_eval": {
    "f-score": 16.766467065868266,
    "precision": 21.21212121212121,
    "recall": 13.861386138613863,
    "tp": 14,
    "fp": 52,
    "fn": 87
  },
  "jaccard": [
    0.721606648199446
  ],
  "braycurtis": [
    0.6666666666666666
  ],
  "dice": [
    0.5644637053087758
  ],
  "cosinus": [
    0.536337053896915
  ]
}