{
  "voc_eval_res": {
    "precision": 53.8462,
    "recall": 17.9487,
    "f-score": 26.9231
  },
  "KL_res": {
    "KL divergence": 3.662739903954372,
    "Euclidean Dist.": 0.32628753230490093,
    "WER": 0.6981132075471698,
    "CER": 0.6065989847715736,
    "Cosine Dist.": 0.1647858138187408
  },
  "occ_eval_res": {
    "precision": 60.7143,
    "recall": 32.0755,
    "f-score": 41.9753
  },
  "clean_eval": {
    "f-score": 42.5,
    "precision": 32.69230769230769,
    "recall": 60.71428571428571,
    "tp": 17,
    "fp": 35,
    "fn": 11
  },
  "jaccard": [
    0.6402714932126696
  ],
  "braycurtis": [
    0.45638629283489096
  ],
  "dice": [
    0.47088186356073214
  ],
  "cosinus": [
    0.25977949283358803
  ]
}