{
  "voc_eval_res": {
    "precision": 20.8738,
    "recall": 2.112,
    "f-score": 3.8359
  },
  "KL_res": {
    "KL divergence": 4.011263973828379,
    "Euclidean Dist.": 0.12952625340998689,
    "WER": 0.9813475447278264,
    "CER": 0.8810928613193005,
    "Cosine Dist.": 0.9001825024541831
  },
  "occ_eval_res": {
    "precision": 15.5914,
    "recall": 2.2078,
    "f-score": 3.868
  },
  "clean_eval": {
    "f-score": 2.579720530275887,
    "precision": 1.483924154987634,
    "recall": 9.863013698630137,
    "tp": 36,
    "fp": 2390,
    "fn": 329
  },
  "jaccard": [
    0.4807692307692308
  ],
  "braycurtis": [
    0.7418288652221814
  ],
  "dice": [
    0.31645569620253167
  ],
  "cosinus": [
    0.062226786812975554
  ]
}