{
  "voc_eval_res": {
    "precision": 2.8846,
    "recall": 0.1228,
    "f-score": 0.2356
  },
  "KL_res": {
    "KL divergence": 4.215282978149409,
    "Euclidean Dist.": 0.27386984101809103,
    "WER": 0.9909516380655227,
    "CER": 0.9430758703276024,
    "Cosine Dist.": 0.8525077130335034
  },
  "occ_eval_res": {
    "precision": 15.6757,
    "recall": 0.9048,
    "f-score": 1.7109
  },
  "clean_eval": {
    "f-score": 1.795109873104302,
    "precision": 0.950508030154048,
    "recall": 16.11111111111111,
    "tp": 29,
    "fp": 3022,
    "fn": 151
  },
  "jaccard": [
    0.9983935742971888
  ],
  "braycurtis": [
    0.9803664921465969
  ],
  "dice": [
    0.9967923015236567
  ],
  "cosinus": [
    0.75773819874167
  ]
}