{
  "voc_eval_res": {
    "precision": 2.3128,
    "recall": 5.5091,
    "f-score": 3.2579
  },
  "KL_res": {
    "KL divergence": 1.307181660427152,
    "Euclidean Dist.": 0.08195158694440206,
    "WER": 0.9240817517031605,
    "CER": 0.5611487273519753,
    "Cosine Dist.": 0.26262676549494435
  },
  "occ_eval_res": {
    "precision": 20.3871,
    "recall": 19.9483,
    "f-score": 20.1653
  },
  "clean_eval": {
    "f-score": 0.7486109343852059,
    "precision": 0.7560991282369824,
    "recall": 0.7412696079460742,
    "tp": 353,
    "fp": 46334,
    "fn": 47268
  },
  "jaccard": [
    0.7533565051455053
  ],
  "braycurtis": [
    0.3754966911941697
  ],
  "dice": [
    0.604307894161382
  ],
  "cosinus": [
    0.09305830637554291
  ]
}