{
  "voc_eval_res": {
    "precision": 14.5349,
    "recall": 2.0292,
    "f-score": 3.5613
  },
  "KL_res": {
    "KL divergence": 3.802655945679694,
    "Euclidean Dist.": 0.2109180427014629,
    "WER": 0.9669371806432221,
    "CER": 0.8160906342098213,
    "Cosine Dist.": 0.7369240353540654
  },
  "occ_eval_res": {
    "precision": 15.2853,
    "recall": 4.2681,
    "f-score": 6.6729
  },
  "clean_eval": {
    "f-score": 2.2199277232834285,
    "precision": 1.4502529510961215,
    "recall": 4.730473047304731,
    "tp": 43,
    "fp": 2922,
    "fn": 866
  },
  "jaccard": [
    0.5
  ],
  "braycurtis": [
    0.5246519803804826
  ],
  "dice": [
    0.3333333333333333
  ],
  "cosinus": [
    0.06605358679998119
  ]
}