{
  "voc_eval_res": {
    "precision": 40.8602,
    "recall": 2.948,
    "f-score": 5.4993
  },
  "KL_res": {
    "KL divergence": 4.425065630557206,
    "Euclidean Dist.": 0.25774796252549165,
    "WER": 0.9494549058473737,
    "CER": 0.8376128297257033,
    "Cosine Dist.": 0.6824430182966754
  },
  "occ_eval_res": {
    "precision": 43.75,
    "recall": 6.2438,
    "f-score": 10.928
  },
  "clean_eval": {
    "f-score": 2.3741690408357075,
    "precision": 1.3506212857914641,
    "recall": 9.803921568627452,
    "tp": 25,
    "fp": 1826,
    "fn": 230
  },
  "jaccard": [
    0.829410393847588
  ],
  "braycurtis": [
    0.7014288760929835
  ],
  "dice": [
    0.7085407127214812
  ],
  "cosinus": [
    0.3274279522728887
  ]
}