{
  "voc_eval_res": {
    "precision": 7.5553,
    "recall": 20.0025,
    "f-score": 10.9678
  },
  "KL_res": {
    "KL divergence": 0.9347716752015998,
    "Euclidean Dist.": 0.07088660419425298,
    "WER": 0.8868038618910367,
    "CER": 0.37278241307628784,
    "Cosine Dist.": 0.24309123014625
  },
  "occ_eval_res": {
    "precision": 31.3633,
    "recall": 35.8213,
    "f-score": 33.4444
  },
  "clean_eval": {
    "f-score": 15.73556532841538,
    "precision": 17.17382328654005,
    "recall": 14.519591587398551,
    "tp": 8319,
    "fp": 40121,
    "fn": 48976
  },
  "jaccard": [
    0.7693562063792316
  ],
  "braycurtis": [
    0.316738775275641
  ],
  "dice": [
    0.6251656331160227
  ],
  "cosinus": [
    0.06310873735810973
  ]
}