{
  "voc_eval_res": {
    "precision": 83.2562,
    "recall": 33.2478,
    "f-score": 47.5191
  },
  "KL_res": {
    "KL divergence": 0.1413674032857334,
    "Euclidean Dist.": 0.017637188299540897,
    "WER": 0.8736386319011566,
    "CER": 0.8703106499212642,
    "Cosine Dist.": 0.01096120867160344
  },
  "occ_eval_res": {
    "precision": 95.7331,
    "recall": 14.5665,
    "f-score": 25.2857
  },
  "clean_eval": {
    "f-score": 22.400635444352794,
    "precision": 12.90320309997853,
    "recall": 84.86770527095535,
    "tp": 73324,
    "fp": 494938,
    "fn": 13074
  },
  "jaccard": [
    0.6758051543868238
  ],
  "braycurtis": [
    0.7450172711157572
  ],
  "dice": [
    0.5103517481778811
  ],
  "cosinus": [
    0.013790080089823631
  ]
}