{
  "voc_eval_res": {
    "precision": 3.3171,
    "recall": 14.4153,
    "f-score": 5.3932
  },
  "KL_res": {
    "KL divergence": 1.0155328854130738,
    "Euclidean Dist.": 0.07767498579442703,
    "WER": 0.960822314533115,
    "CER": 0.5012001526021852,
    "Cosine Dist.": 0.2979704891470544
  },
  "occ_eval_res": {
    "precision": 21.8383,
    "recall": 24.088,
    "f-score": 22.9081
  },
  "clean_eval": {
    "f-score": 7.0980268825290915,
    "precision": 7.556370729435055,
    "recall": 6.692106382704431,
    "tp": 10382,
    "fp": 127012,
    "fn": 144756
  },
  "jaccard": [
    0.9631221642274759
  ],
  "braycurtis": [
    0.720500185450114
  ],
  "dice": [
    0.9288675396459828
  ],
  "cosinus": [
    0.22373458604668217
  ]
}