{
  "voc_eval_res": {
    "precision": 4.2292,
    "recall": 0.7452,
    "f-score": 1.2671
  },
  "KL_res": {
    "KL divergence": 4.0815074692060875,
    "Euclidean Dist.": 0.22971213073305294,
    "WER": 0.9969637164111128,
    "CER": 0.7885623732842395,
    "Cosine Dist.": 0.9922083340981799
  },
  "occ_eval_res": {
    "precision": 2.1477,
    "recall": 0.7287,
    "f-score": 1.0882
  },
  "clean_eval": {
    "f-score": 0.1209043646475638,
    "precision": 0.081913499344692,
    "recall": 0.23073373327180433,
    "tp": 5,
    "fp": 6099,
    "fn": 2162
  },
  "jaccard": [
    0.7507456327226246
  ],
  "braycurtis": [
    0.6456089277049976
  ],
  "dice": [
    0.6009549795361528
  ],
  "cosinus": [
    0.43516175397142354
  ]
}