{
  "voc_eval_res": {
    "precision": 36.2319,
    "recall": 3.0979,
    "f-score": 5.7078
  },
  "KL_res": {
    "KL divergence": 4.306133861118439,
    "Euclidean Dist.": 0.3551679475684936,
    "WER": 0.950530035335689,
    "CER": 0.8118900228654286,
    "Cosine Dist.": 0.7969350854743092
  },
  "occ_eval_res": {
    "precision": 25.4417,
    "recall": 5.6537,
    "f-score": 9.2515
  },
  "clean_eval": {
    "f-score": 3.5289881166726675,
    "precision": 2.196324518153294,
    "recall": 8.974358974358974,
    "tp": 49,
    "fp": 2182,
    "fn": 497
  },
  "jaccard": [
    0.7714858431470809
  ],
  "braycurtis": [
    0.726375361937352
  ],
  "dice": [
    0.627982867632062
  ],
  "cosinus": [
    0.5686741874282326
  ]
}