{
  "voc_eval_res": {
    "precision": 11.6054,
    "recall": 0.3522,
    "f-score": 0.6836
  },
  "KL_res": {
    "KL divergence": 2.247052947755444,
    "Euclidean Dist.": 0.2010828210585949,
    "WER": 0.9931043868801888,
    "CER": 0.9260064784821842,
    "Cosine Dist.": 0.7605426667982301
  },
  "occ_eval_res": {
    "precision": 13.8719,
    "recall": 1.1296,
    "f-score": 2.0891
  },
  "clean_eval": {
    "f-score": 0.0892936869363336,
    "precision": 0.04846370068818455,
    "recall": 0.5668934240362812,
    "tp": 10,
    "fp": 20624,
    "fn": 1754
  },
  "jaccard": [
    0.5606060606060606
  ],
  "braycurtis": [
    0.8424230259300538
  ],
  "dice": [
    0.3894736842105263
  ],
  "cosinus": [
    0.06253331435133913
  ]
}