{
  "voc_eval_res": {
    "precision": 9.5745,
    "recall": 0.5784,
    "f-score": 1.0909
  },
  "KL_res": {
    "KL divergence": 3.8031279743777557,
    "Euclidean Dist.": 0.18646051175766395,
    "WER": 0.9916818299974006,
    "CER": 0.8726555470966849,
    "Cosine Dist.": 0.8897885382141781
  },
  "occ_eval_res": {
    "precision": 7.3005,
    "recall": 1.1178,
    "f-score": 1.9387
  },
  "clean_eval": {
    "f-score": 0.24319066147859922,
    "precision": 0.14180374361883152,
    "recall": 0.8532423208191127,
    "tp": 5,
    "fp": 3521,
    "fn": 581
  },
  "jaccard": [
    0.8264400377714826
  ],
  "braycurtis": [
    0.7853588990078268
  ],
  "dice": [
    0.704216285806244
  ],
  "cosinus": [
    0.36178314387035493
  ]
}