{
  "voc_eval_res": {
    "precision": 76.5957,
    "recall": 20.6897,
    "f-score": 32.5792
  },
  "KL_res": {
    "KL divergence": 1.6605952785778473,
    "Euclidean Dist.": 0.25419623389616075,
    "WER": 0.6459770114942529,
    "CER": 0.6084153376314897,
    "Cosine Dist.": 0.1062121892681751
  },
  "occ_eval_res": {
    "precision": 92.0,
    "recall": 42.2989,
    "f-score": 57.9528
  },
  "clean_eval": {
    "f-score": 46.75324675324675,
    "precision": 34.44976076555024,
    "recall": 72.72727272727273,
    "tp": 144,
    "fp": 274,
    "fn": 54
  },
  "jaccard": [
    0.5
  ],
  "braycurtis": [
    0.38393274170948155
  ],
  "dice": [
    0.3333333333333333
  ],
  "cosinus": [
    0.01883591554663877
  ]
}