{
  "voc_eval_res": {
    "precision": 77.6632,
    "recall": 16.9542,
    "f-score": 27.8325
  },
  "KL_res": {
    "KL divergence": 2.019920331821934,
    "Euclidean Dist.": 0.15577001771087493,
    "WER": 0.7136817832436587,
    "CER": 0.5653518948182521,
    "Cosine Dist.": 0.09962152004277758
  },
  "occ_eval_res": {
    "precision": 83.0784,
    "recall": 33.3974,
    "f-score": 47.6425
  },
  "clean_eval": {
    "f-score": 27.042744984006976,
    "precision": 19.104354971240756,
    "recall": 46.26865671641791,
    "tp": 465,
    "fp": 1969,
    "fn": 540
  },
  "jaccard": [
    0.4939759036144578
  ],
  "braycurtis": [
    0.3106358091736987
  ],
  "dice": [
    0.328
  ],
  "cosinus": [
    0.02069876716295216
  ]
}