{
  "voc_eval_res": {
    "precision": 13.4503,
    "recall": 1.4603,
    "f-score": 2.6346
  },
  "KL_res": {
    "KL divergence": 4.091294894940014,
    "Euclidean Dist.": 0.22014600101796664,
    "WER": 0.9784172661870504,
    "CER": 0.8225434161354144,
    "Cosine Dist.": 0.8002509000908786
  },
  "occ_eval_res": {
    "precision": 12.7055,
    "recall": 3.3973,
    "f-score": 5.3611
  },
  "clean_eval": {
    "f-score": 0.3414134516899966,
    "precision": 0.22104332449160036,
    "recall": 0.7496251874062968,
    "tp": 5,
    "fp": 2257,
    "fn": 662
  },
  "jaccard": [
    0.9865575686732905
  ],
  "braycurtis": [
    0.9434396580072345
  ],
  "dice": [
    0.9734717416378316
  ],
  "cosinus": [
    0.853007234220286
  ]
}