{
  "voc_eval_res": {
    "precision": 33.3333,
    "recall": 2.1295,
    "f-score": 4.0033
  },
  "KL_res": {
    "KL divergence": 3.836191563256291,
    "Euclidean Dist.": 0.3052747168632018,
    "WER": 0.9613120269133726,
    "CER": 0.8410696266397578,
    "Cosine Dist.": 0.6302643551034014
  },
  "occ_eval_res": {
    "precision": 28.4926,
    "recall": 4.3454,
    "f-score": 7.5407
  },
  "clean_eval": {
    "f-score": 1.3910355486862445,
    "precision": 0.8057296329453895,
    "recall": 5.084745762711865,
    "tp": 27,
    "fp": 3324,
    "fn": 504
  },
  "jaccard": [
    0.979295154185022
  ],
  "braycurtis": [
    0.919062832800852
  ],
  "dice": [
    0.9594302977988779
  ],
  "cosinus": [
    0.6606548506005643
  ]
}