{
  "voc_eval_res": {
    "precision": 29.1139,
    "recall": 2.2571,
    "f-score": 4.1894
  },
  "KL_res": {
    "KL divergence": 3.9571412835013895,
    "Euclidean Dist.": 0.30762492412823567,
    "WER": 0.9588830929733047,
    "CER": 0.83552452624898,
    "Cosine Dist.": 0.6037882733290771
  },
  "occ_eval_res": {
    "precision": 27.8182,
    "recall": 4.6947,
    "f-score": 8.0336
  },
  "clean_eval": {
    "f-score": 1.6811431773606056,
    "precision": 0.9894459102902375,
    "recall": 5.58659217877095,
    "tp": 30,
    "fp": 3002,
    "fn": 507
  },
  "jaccard": [
    0.9764536280634311
  ],
  "braycurtis": [
    0.9088235294117647
  ],
  "dice": [
    0.9539906103286385
  ],
  "cosinus": [
    0.5825406997036683
  ]
}