{
  "voc_eval_res": {
    "precision": 50.5415,
    "recall": 43.0769,
    "f-score": 46.5116
  },
  "KL_res": {
    "KL divergence": 1.1124758028534893,
    "Euclidean Dist.": 0.06439870237554808,
    "WER": 0.6490066225165563,
    "CER": 0.5538534428300695,
    "Cosine Dist.": 0.034506018667806115
  },
  "occ_eval_res": {
    "precision": 67.1664,
    "recall": 59.3377,
    "f-score": 63.0098
  },
  "clean_eval": {
    "f-score": 28.197674418604652,
    "precision": 26.68500687757909,
    "recall": 29.892141756548536,
    "tp": 194,
    "fp": 533,
    "fn": 455
  },
  "jaccard": [
    0.3940520446096654
  ],
  "braycurtis": [
    0.16014409693794007
  ],
  "dice": [
    0.24537037037037038
  ],
  "cosinus": [
    0.02136216783039757
  ]
}