{
  "voc_eval_res": {
    "precision": 78.278,
    "recall": 93.9993,
    "f-score": 85.4213
  },
  "KL_res": {
    "KL divergence": 0.04099949298471545,
    "Euclidean Dist.": 0.015437768741578492,
    "WER": 0.1204718745504244,
    "CER": 0.0700196459515119,
    "Cosine Dist.": 0.009408754379939155
  },
  "occ_eval_res": {
    "precision": 89.304,
    "recall": 96.9098,
    "f-score": 92.9516
  },
  "clean_eval": {
    "f-score": 87.90380022625382,
    "precision": 92.03099868401813,
    "recall": 84.13088809281933,
    "tp": 31470,
    "fp": 2725,
    "fn": 5936
  },
  "jaccard": [
    0.26641097507006933
  ],
  "braycurtis": [
    0.07311061226286368
  ],
  "dice": [
    0.15367597004765146
  ],
  "cosinus": [
    0.0111208474776745
  ]
}