{
  "voc_eval_res": {
    "precision": 85.7143,
    "recall": 27.2727,
    "f-score": 41.3793
  },
  "KL_res": {
    "KL divergence": 2.454686995434683,
    "Euclidean Dist.": 0.17327439356570037,
    "WER": 0.6785714285714286,
    "CER": 0.5426758938869666,
    "Cosine Dist.": 0.15961729617305276
  },
  "occ_eval_res": {
    "precision": 82.8125,
    "recall": 37.8571,
    "f-score": 51.9608
  },
  "clean_eval": {
    "f-score": 48.97959183673469,
    "precision": 35.82089552238806,
    "recall": 77.41935483870968,
    "tp": 96,
    "fp": 172,
    "fn": 28
  },
  "jaccard": [
    0.6043956043956044
  ],
  "braycurtis": [
    0.32413539367181754
  ],
  "dice": [
    0.4330708661417323
  ],
  "cosinus": [
    0.08879460354809776
  ]
}