{
  "voc_eval_res": {
    "precision": 23.0801,
    "recall": 48.9688,
    "f-score": 31.3733
  },
  "KL_res": {
    "KL divergence": 0.39039586663061715,
    "Euclidean Dist.": 0.052792360809532736,
    "WER": 0.5271866165045301,
    "CER": 0.17365580676392395,
    "Cosine Dist.": 0.10741200593888067
  },
  "occ_eval_res": {
    "precision": 59.2383,
    "recall": 68.3444,
    "f-score": 63.4664
  },
  "clean_eval": {
    "f-score": 53.444224364254445,
    "precision": 56.63002294367998,
    "recall": 50.597777893693596,
    "tp": 97001,
    "fp": 74288,
    "fn": 94709
  },
  "jaccard": [
    0.7237299930410578
  ],
  "braycurtis": [
    0.17638405382158662
  ],
  "dice": [
    0.5670665212649946
  ],
  "cosinus": [
    0.031068264006942625
  ]
}