{
  "voc_eval_res": {
    "precision": 78.125,
    "recall": 26.5393,
    "f-score": 39.6197
  },
  "KL_res": {
    "KL divergence": 1.085238140080238,
    "Euclidean Dist.": 0.1349690261360917,
    "WER": 0.6114864864864865,
    "CER": 0.5334863758858169,
    "Cosine Dist.": 0.04451642970610259
  },
  "occ_eval_res": {
    "precision": 87.6068,
    "recall": 51.9426,
    "f-score": 65.2174
  },
  "clean_eval": {
    "f-score": 30.359085963003263,
    "precision": 24.26086956521739,
    "recall": 40.55232558139535,
    "tp": 279,
    "fp": 871,
    "fn": 409
  },
  "jaccard": [
    0.7369477911646586
  ],
  "braycurtis": [
    0.3323108384458078
  ],
  "dice": [
    0.5834658187599364
  ],
  "cosinus": [
    0.055938471952292734
  ]
}