{
  "voc_eval_res": {
    "precision": 33.3333,
    "recall": 3.3333,
    "f-score": 6.0606
  },
  "KL_res": {
    "KL divergence": 8.33429370318186,
    "Euclidean Dist.": 0.7193961802772731,
    "WER": 0.9777777777777777,
    "CER": 0.896551724137931,
    "Cosine Dist.": 0.9306624754718463
  },
  "occ_eval_res": {
    "precision": 33.3333,
    "recall": 2.2222,
    "f-score": 4.1667
  },
  "clean_eval": {
    "f-score": 4.347826086956522,
    "precision": 2.3255813953488373,
    "recall": 33.33333333333333,
    "tp": 1,
    "fp": 42,
    "fn": 2
  },
  "jaccard": [
    0.8780487804878049
  ],
  "braycurtis": [
    0.865546218487395
  ],
  "dice": [
    0.782608695652174
  ],
  "cosinus": [
    0.8153117456819099
  ]
}