{
  "voc_eval_res": {
    "precision": 2.8571,
    "recall": 14.2857,
    "f-score": 4.7619
  },
  "KL_res": {
    "KL divergence": 7.818523278284962,
    "Euclidean Dist.": 0.4496313682862204,
    "WER": 6.875,
    "CER": 9.204081632653061,
    "Cosine Dist.": 0.9456272752172963
  },
  "occ_eval_res": {
    "precision": 1.7857,
    "recall": 12.5,
    "f-score": 3.125
  },
  "clean_eval": {
    "f-score": 3.1746031746031744,
    "precision": 10.0,
    "recall": 1.8867924528301887,
    "tp": 1,
    "fp": 9,
    "fn": 52
  },
  "jaccard": [
    0.9509803921568627
  ],
  "braycurtis": [
    0.9300184162062615
  ],
  "dice": [
    0.9065420560747663
  ],
  "cosinus": [
    0.7922026091431442
  ]
}