{
  "voc_eval_res": {
    "precision": 5.0179,
    "recall": 0.2899,
    "f-score": 0.5482
  },
  "KL_res": {
    "KL divergence": 3.5992555779399096,
    "Euclidean Dist.": 0.18313925127445718,
    "WER": 0.9954415954415955,
    "CER": 0.8665815846182815,
    "Cosine Dist.": 0.9731466093938826
  },
  "occ_eval_res": {
    "precision": 5.0881,
    "recall": 0.7407,
    "f-score": 1.2932
  },
  "clean_eval": {
    "f-score": 0.08183306055646482,
    "precision": 0.04780114722753346,
    "recall": 0.2840909090909091,
    "tp": 3,
    "fp": 6273,
    "fn": 1053
  },
  "jaccard": [
    0.5084745762711864
  ],
  "braycurtis": [
    0.6962257935888767
  ],
  "dice": [
    0.3409090909090909
  ],
  "cosinus": [
    0.06374300949804201
  ]
}