{
  "voc_eval_res": {
    "precision": 26.3158,
    "recall": 1.2788,
    "f-score": 2.439
  },
  "KL_res": {
    "KL divergence": 4.903535222265603,
    "Euclidean Dist.": 0.3433744358718445,
    "WER": 0.990294403105791,
    "CER": 0.9330153051083284,
    "Cosine Dist.": 0.8740802499604572
  },
  "occ_eval_res": {
    "precision": 32.5203,
    "recall": 1.2941,
    "f-score": 2.4891
  },
  "clean_eval": {
    "f-score": 1.4150943396226416,
    "precision": 0.7378777231201686,
    "recall": 17.21311475409836,
    "tp": 21,
    "fp": 2825,
    "fn": 101
  },
  "jaccard": [
    0.8740354535974973
  ],
  "braycurtis": [
    0.8722530789664332
  ],
  "dice": [
    0.7762548620114836
  ],
  "cosinus": [
    0.3297717576478587
  ]
}