{
  "voc_eval_res": {
    "precision": 30.5556,
    "recall": 1.0695,
    "f-score": 2.0667
  },
  "KL_res": {
    "KL divergence": 4.591161522268415,
    "Euclidean Dist.": 0.19112471709775578,
    "WER": 0.9938371715861174,
    "CER": 0.9589660943407922,
    "Cosine Dist.": 0.9601530221695563
  },
  "occ_eval_res": {
    "precision": 26.4368,
    "recall": 0.746,
    "f-score": 1.4511
  },
  "clean_eval": {
    "f-score": 1.5491235222176927,
    "precision": 0.8020261713803293,
    "recall": 22.61904761904762,
    "tp": 19,
    "fp": 2350,
    "fn": 65
  },
  "jaccard": [
    0.9181960449566083
  ],
  "braycurtis": [
    0.923344361576852
  ],
  "dice": [
    0.8487638085218306
  ],
  "cosinus": [
    0.3036306939766985
  ]
}