{
  "voc_eval_res": {
    "precision": 15.4783,
    "recall": 3.6446,
    "f-score": 5.8999
  },
  "KL_res": {
    "KL divergence": 3.7369028468739884,
    "Euclidean Dist.": 0.30023134275996477,
    "WER": 0.9792519792519793,
    "CER": 0.7796315462637136,
    "Cosine Dist.": 0.7875314678249675
  },
  "occ_eval_res": {
    "precision": 8.7949,
    "recall": 6.4155,
    "f-score": 7.4191
  },
  "clean_eval": {
    "f-score": 1.490066225165563,
    "precision": 1.3092813500145475,
    "recall": 1.7287744909719553,
    "tp": 45,
    "fp": 3392,
    "fn": 2558
  },
  "jaccard": [
    0.6836495031616983
  ],
  "braycurtis": [
    0.48864991482112435
  ],
  "dice": [
    0.519352182267362
  ],
  "cosinus": [
    0.3098827348585048
  ]
}