{
  "voc_eval_res": {
    "precision": 14.8181,
    "recall": 23.9642,
    "f-score": 18.3127
  },
  "KL_res": {
    "KL divergence": 0.6030747328244495,
    "Euclidean Dist.": 0.05078073191700936,
    "WER": 0.8942020411181778,
    "CER": 0.6772781856049787,
    "Cosine Dist.": 0.09124411662873999
  },
  "occ_eval_res": {
    "precision": 47.6366,
    "recall": 23.924,
    "f-score": 31.8515
  },
  "clean_eval": {
    "f-score": 19.222623273573365,
    "precision": 14.195083267248215,
    "recall": 29.764434180138565,
    "tp": 9666,
    "fp": 58428,
    "fn": 22809
  },
  "jaccard": [
    0.7158595194085028
  ],
  "braycurtis": [
    0.45269678267819263
  ],
  "dice": [
    0.5574619990787656
  ],
  "cosinus": [
    0.057204199832808444
  ]
}