{
  "voc_eval_res": {
    "precision": 3.0978,
    "recall": 15.342,
    "f-score": 5.1548
  },
  "KL_res": {
    "KL divergence": 1.052255077193368,
    "Euclidean Dist.": 0.06917352227005828,
    "WER": 1.7358131140966513,
    "CER": 1.2965523622702964,
    "Cosine Dist.": 0.22600230449623593
  },
  "occ_eval_res": {
    "precision": 19.5113,
    "recall": 36.4428,
    "f-score": 25.4153
  },
  "clean_eval": {
    "f-score": 4.896729776247848,
    "precision": 6.943116877834496,
    "recall": 3.782029268076527,
    "tp": 3414,
    "fp": 45757,
    "fn": 86855
  },
  "jaccard": [
    0.9664307189697213
  ],
  "braycurtis": [
    0.7151635533138423
  ],
  "dice": [
    0.9350420302801256
  ],
  "cosinus": [
    0.2117131911277238
  ]
}