{
  "voc_eval_res": {
    "precision": 84.965,
    "recall": 27.8032,
    "f-score": 41.8966
  },
  "KL_res": {
    "KL divergence": 1.1481960205892974,
    "Euclidean Dist.": 0.09810918438338087,
    "WER": 0.6602564102564102,
    "CER": 0.548832135523614,
    "Cosine Dist.": 0.06834129865411986
  },
  "occ_eval_res": {
    "precision": 89.969,
    "recall": 39.8352,
    "f-score": 55.2206
  },
  "clean_eval": {
    "f-score": 40.691759918616484,
    "precision": 29.296875,
    "recall": 66.59267480577137,
    "tp": 600,
    "fp": 1448,
    "fn": 301
  },
  "jaccard": [
    0.7024608501118568
  ],
  "braycurtis": [
    0.4224529526281635
  ],
  "dice": [
    0.5413793103448276
  ],
  "cosinus": [
    0.08047679547411146
  ]
}