{
  "voc_eval_res": {
    "precision": 8.4507,
    "recall": 0.1302,
    "f-score": 0.2565
  },
  "KL_res": {
    "KL divergence": 3.236624557086423,
    "Euclidean Dist.": 0.21695787932141927,
    "WER": 0.9986947603953011,
    "CER": 0.9760711707503503,
    "Cosine Dist.": 0.9780630587658836
  },
  "occ_eval_res": {
    "precision": 4.3478,
    "recall": 0.1492,
    "f-score": 0.2884
  },
  "clean_eval": {
    "f-score": 0.11971268954509176,
    "precision": 0.06213753106876554,
    "recall": 1.6304347826086956,
    "tp": 3,
    "fp": 4825,
    "fn": 181
  },
  "jaccard": [
    0.9982839982839983
  ],
  "braycurtis": [
    0.9963296017617912
  ],
  "dice": [
    0.9965738758029978
  ],
  "cosinus": [
    0.9821734263888215
  ]
}