{
  "voc_eval_res": {
    "precision": 2.7778,
    "recall": 0.0474,
    "f-score": 0.0932
  },
  "KL_res": {
    "KL divergence": 3.4018374439712096,
    "Euclidean Dist.": 0.172218672113059,
    "WER": 0.9996142719382836,
    "CER": 0.9697187990429391,
    "Cosine Dist.": 0.9906268744376875
  },
  "occ_eval_res": {
    "precision": 1.3333,
    "recall": 0.0386,
    "f-score": 0.075
  },
  "clean_eval": {
    "f-score": 0.08264462809917354,
    "precision": 0.042643923240938165,
    "recall": 1.3333333333333335,
    "tp": 2,
    "fp": 4688,
    "fn": 148
  },
  "jaccard": [
    0.99930151338766
  ],
  "braycurtis": [
    0.9988621278209748
  ],
  "dice": [
    0.9986040018613308
  ],
  "cosinus": [
    0.9936740685961044
  ]
}