{
  "voc_eval_res": {
    "precision": 71.2624,
    "recall": 84.0725,
    "f-score": 77.1392
  },
  "KL_res": {
    "KL divergence": 0.03593980411871369,
    "Euclidean Dist.": 0.010058128981073585,
    "WER": 0.20459048016266096,
    "CER": 0.12814866776843784,
    "Cosine Dist.": 0.003684165471185219
  },
  "occ_eval_res": {
    "precision": 90.8499,
    "recall": 84.7896,
    "f-score": 87.7152
  },
  "clean_eval": {
    "f-score": 75.72073871909308,
    "precision": 73.80490316448176,
    "recall": 77.73868787718663,
    "tp": 55905,
    "fp": 19842,
    "fn": 16009
  },
  "jaccard": [
    0.36181150550795593
  ],
  "braycurtis": [
    0.11733913530514208
  ],
  "dice": [
    0.22086072922893007
  ],
  "cosinus": [
    0.004852597770152567
  ]
}