{
  "voc_eval_res": {
    "precision": 19.3833,
    "recall": 7.1082,
    "f-score": 10.4019
  },
  "KL_res": {
    "KL divergence": 3.503904244191161,
    "Euclidean Dist.": 0.19896080578116815,
    "WER": 1.025136612021858,
    "CER": 0.8404314159292036,
    "Cosine Dist.": 0.24456398479680053
  },
  "occ_eval_res": {
    "precision": 16.8186,
    "recall": 18.1421,
    "f-score": 17.4553
  },
  "clean_eval": {
    "f-score": 2.7457440966501925,
    "precision": 2.9797377830750893,
    "recall": 2.5458248472505094,
    "tp": 25,
    "fp": 814,
    "fn": 957
  },
  "jaccard": [
    0.9464968152866242
  ],
  "braycurtis": [
    0.8235294117647058
  ],
  "dice": [
    0.898428053204353
  ],
  "cosinus": [
    0.36185718809043466
  ]
}