{
  "voc_eval_res": {
    "precision": 50.4274,
    "recall": 45.0382,
    "f-score": 47.5806
  },
  "KL_res": {
    "KL divergence": 1.422773189758701,
    "Euclidean Dist.": 0.09477379348300123,
    "WER": 0.642512077294686,
    "CER": 0.5640074211502782,
    "Cosine Dist.": 0.08928089127661798
  },
  "occ_eval_res": {
    "precision": 61.194,
    "recall": 59.4203,
    "f-score": 60.2941
  },
  "clean_eval": {
    "f-score": 52.6854219948849,
    "precision": 51.5,
    "recall": 53.92670157068062,
    "tp": 103,
    "fp": 97,
    "fn": 88
  },
  "jaccard": [
    0.4503367003367003
  ],
  "braycurtis": [
    0.22379778051787916
  ],
  "dice": [
    0.2906029331884845
  ],
  "cosinus": [
    0.0499010622410192
  ]
}