{
  "voc_eval_res": {
    "precision": 9.9222,
    "recall": 28.8136,
    "f-score": 14.7612
  },
  "KL_res": {
    "KL divergence": 2.8786828916237592,
    "Euclidean Dist.": 0.1994986436891508,
    "WER": 8.041509433962265,
    "CER": 8.929502369668246,
    "Cosine Dist.": 0.35161037460099764
  },
  "occ_eval_res": {
    "precision": 4.9817,
    "recall": 41.1321,
    "f-score": 8.8871
  },
  "clean_eval": {
    "f-score": 3.319108582266477,
    "precision": 15.086206896551724,
    "recall": 1.8646776771443794,
    "tp": 35,
    "fp": 197,
    "fn": 1842
  },
  "jaccard": [
    0.3684210526315789
  ],
  "braycurtis": [
    0.8141985579589573
  ],
  "dice": [
    0.22580645161290322
  ],
  "cosinus": [
    0.04502872016950532
  ]
}