{
  "voc_eval_res": {
    "precision": 81.338,
    "recall": 13.9915,
    "f-score": 23.876
  },
  "KL_res": {
    "KL divergence": 1.4281263212326731,
    "Euclidean Dist.": 0.12221737939608272,
    "WER": 0.7719503629126668,
    "CER": 0.6562490536325368,
    "Cosine Dist.": 0.09941536520475891
  },
  "occ_eval_res": {
    "precision": 87.092,
    "recall": 27.4877,
    "f-score": 41.7868
  },
  "clean_eval": {
    "f-score": 15.133748625870282,
    "precision": 9.954205832730779,
    "recall": 31.550802139037433,
    "tp": 413,
    "fp": 3736,
    "fn": 896
  },
  "jaccard": [
    0.848180677540778
  ],
  "braycurtis": [
    0.5313967646547225
  ],
  "dice": [
    0.7363834422657952
  ],
  "cosinus": [
    0.12502024069850293
  ]
}