{
  "voc_eval_res": {
    "precision": 39.2157,
    "recall": 2.8722,
    "f-score": 5.3524
  },
  "KL_res": {
    "KL divergence": 3.4165963584030083,
    "Euclidean Dist.": 0.3648318190075782,
    "WER": 0.9321977287909151,
    "CER": 0.7838144937294841,
    "Cosine Dist.": 0.2767471736410746
  },
  "occ_eval_res": {
    "precision": 32.6733,
    "recall": 8.8176,
    "f-score": 13.8874
  },
  "clean_eval": {
    "f-score": 1.161825726141079,
    "precision": 0.7438894792773645,
    "recall": 2.6515151515151514,
    "tp": 21,
    "fp": 2802,
    "fn": 771
  },
  "jaccard": [
    0.969811320754717
  ],
  "braycurtis": [
    0.8264352469959947
  ],
  "dice": [
    0.9413919413919414
  ],
  "cosinus": [
    0.30720245718762185
  ]
}