{
  "voc_eval_res": {
    "precision": 88.2784,
    "recall": 48.4909,
    "f-score": 62.5974
  },
  "KL_res": {
    "KL divergence": 0.9364330821734743,
    "Euclidean Dist.": 0.05857066777365026,
    "WER": 0.39868565169769987,
    "CER": 0.28261721300770537,
    "Cosine Dist.": 0.03448023727496019
  },
  "occ_eval_res": {
    "precision": 90.4688,
    "recall": 63.4173,
    "f-score": 74.5654
  },
  "clean_eval": {
    "f-score": 67.54270696452038,
    "precision": 57.68799102132436,
    "recall": 81.45800316957211,
    "tp": 514,
    "fp": 377,
    "fn": 117
  },
  "jaccard": [
    0.39344262295081966
  ],
  "braycurtis": [
    0.10305206463195692
  ],
  "dice": [
    0.24489795918367346
  ],
  "cosinus": [
    0.0030889589790311645
  ]
}