{
  "voc_eval_res": {
    "precision": 15.9633,
    "recall": 1.553,
    "f-score": 2.8306
  },
  "KL_res": {
    "KL divergence": 3.1935925263194997,
    "Euclidean Dist.": 0.3226019191925079,
    "WER": 0.9808455968231722,
    "CER": 0.7752669366715759,
    "Cosine Dist.": 0.9200587688962776
  },
  "occ_eval_res": {
    "precision": 8.3754,
    "recall": 2.9082,
    "f-score": 4.3173
  },
  "clean_eval": {
    "f-score": 0.5139029090575388,
    "precision": 0.35189141636295085,
    "recall": 0.9523809523809524,
    "tp": 28,
    "fp": 7929,
    "fn": 2912
  },
  "jaccard": [
    0.7387983706720977
  ],
  "braycurtis": [
    0.6854984958716477
  ],
  "dice": [
    0.5857892612030682
  ],
  "cosinus": [
    0.5419371983877259
  ]
}