{
  "voc_eval_res": {
    "precision": 10.4575,
    "recall": 0.4258,
    "f-score": 0.8182
  },
  "KL_res": {
    "KL divergence": 3.6056358057174265,
    "Euclidean Dist.": 0.24635369052964023,
    "WER": 0.9894918173987941,
    "CER": 0.8651739405439596,
    "Cosine Dist.": 0.8659987025039535
  },
  "occ_eval_res": {
    "precision": 11.0969,
    "recall": 1.4987,
    "f-score": 2.6408
  },
  "clean_eval": {
    "f-score": 0.16753224995811694,
    "precision": 0.0963762528912876,
    "recall": 0.6402048655569782,
    "tp": 5,
    "fp": 5183,
    "fn": 776
  },
  "jaccard": [
    0.9957424161788185
  ],
  "braycurtis": [
    0.9808161274589497
  ],
  "dice": [
    0.9915209326974033
  ],
  "cosinus": [
    0.9574661748752356
  ]
}