{
  "voc_eval_res": {
    "precision": 8.9606,
    "recall": 0.7447,
    "f-score": 1.3751
  },
  "KL_res": {
    "KL divergence": 3.7300921884093934,
    "Euclidean Dist.": 0.19379015695399973,
    "WER": 0.9902842749190356,
    "CER": 0.8344002833092702,
    "Cosine Dist.": 0.9170091154869452
  },
  "occ_eval_res": {
    "precision": 8.4149,
    "recall": 1.5473,
    "f-score": 2.614
  },
  "clean_eval": {
    "f-score": 0.1988400994200497,
    "precision": 0.12050612572805784,
    "recall": 0.5681818181818182,
    "tp": 6,
    "fp": 4973,
    "fn": 1050
  },
  "jaccard": [
    0.9911504424778761
  ],
  "braycurtis": [
    0.974962938560369
  ],
  "dice": [
    0.9824561403508771
  ],
  "cosinus": [
    0.9550075072573053
  ]
}