{
  "voc_eval_res": {
    "precision": 5.1852,
    "recall": 3.1532,
    "f-score": 3.9216
  },
  "KL_res": {
    "KL divergence": 5.386131683376144,
    "Euclidean Dist.": 0.18583761242081992,
    "WER": 1.2456896551724137,
    "CER": 0.8947867298578199,
    "Cosine Dist.": 0.8385294839460411
  },
  "occ_eval_res": {
    "precision": 4.7458,
    "recall": 6.0345,
    "f-score": 5.3131
  },
  "clean_eval": {
    "f-score": 0.7920792079207921,
    "precision": 0.9009009009009009,
    "recall": 0.7067137809187279,
    "tp": 2,
    "fp": 220,
    "fn": 281
  },
  "jaccard": [
    0.2777777777777778
  ],
  "braycurtis": [
    0.17020819918437433
  ],
  "dice": [
    0.16129032258064516
  ],
  "cosinus": [
    0.04879657615389388
  ]
}