{
  "voc_eval_res": {
    "precision": 15.1724,
    "recall": 1.0726,
    "f-score": 2.0036
  },
  "KL_res": {
    "KL divergence": 4.1854591619294546,
    "Euclidean Dist.": 0.22199875887074005,
    "WER": 0.9893153937475268,
    "CER": 0.8760185092043054,
    "Cosine Dist.": 0.9465671663286911
  },
  "occ_eval_res": {
    "precision": 8.6076,
    "recall": 1.3455,
    "f-score": 2.3272
  },
  "clean_eval": {
    "f-score": 0.9073724007561436,
    "precision": 0.5274725274725275,
    "recall": 3.2432432432432434,
    "tp": 12,
    "fp": 2263,
    "fn": 358
  },
  "jaccard": [
    0.47058823529411764
  ],
  "braycurtis": [
    0.7233011789924974
  ],
  "dice": [
    0.3076923076923077
  ],
  "cosinus": [
    0.06410931407772147
  ]
}