{
  "voc_eval_res": {
    "precision": 65.896,
    "recall": 29.765,
    "f-score": 41.0072
  },
  "KL_res": {
    "KL divergence": 2.245089990069097,
    "Euclidean Dist.": 0.2109920549738969,
    "WER": 0.6759443339960238,
    "CER": 0.5398826613406565,
    "Cosine Dist.": 0.29220943382864684
  },
  "occ_eval_res": {
    "precision": 63.1876,
    "recall": 44.5328,
    "f-score": 52.2449
  },
  "clean_eval": {
    "f-score": 22.509225092250922,
    "precision": 18.6734693877551,
    "recall": 28.328173374613,
    "tp": 183,
    "fp": 797,
    "fn": 463
  },
  "jaccard": [
    0.7430555555555556
  ],
  "braycurtis": [
    0.47392290249433106
  ],
  "dice": [
    0.5911602209944752
  ],
  "cosinus": [
    0.4412002222871628
  ]
}