{
  "voc_eval_res": {
    "precision": 12.6829,
    "recall": 1.0797,
    "f-score": 1.99
  },
  "KL_res": {
    "KL divergence": 3.7702694624303428,
    "Euclidean Dist.": 0.16587415595122143,
    "WER": 0.9765066394279878,
    "CER": 0.8678410348055484,
    "Cosine Dist.": 0.6229324318626266
  },
  "occ_eval_res": {
    "precision": 18.8492,
    "recall": 3.2346,
    "f-score": 5.5217
  },
  "clean_eval": {
    "f-score": 0.7958371594735232,
    "precision": 0.46214006398862423,
    "recall": 2.8634361233480177,
    "tp": 13,
    "fp": 2800,
    "fn": 441
  },
  "jaccard": [
    0.39215686274509803
  ],
  "braycurtis": [
    0.7069565529365336
  ],
  "dice": [
    0.24390243902439024
  ],
  "cosinus": [
    0.05338958404082461
  ]
}