{
  "voc_eval_res": {
    "precision": 5.8824,
    "recall": 3.7162,
    "f-score": 4.5549
  },
  "KL_res": {
    "KL divergence": 4.897081201480826,
    "Euclidean Dist.": 0.1535936319970003,
    "WER": 1.061919504643963,
    "CER": 0.8431931575196009,
    "Cosine Dist.": 0.6008919205540959
  },
  "occ_eval_res": {
    "precision": 6.7989,
    "recall": 7.4303,
    "f-score": 7.1006
  },
  "clean_eval": {
    "f-score": 1.8897637795275586,
    "precision": 1.9543973941368076,
    "recall": 1.8292682926829267,
    "tp": 6,
    "fp": 301,
    "fn": 322
  },
  "jaccard": [
    0.3902439024390244
  ],
  "braycurtis": [
    0.16988741388002015
  ],
  "dice": [
    0.24242424242424243
  ],
  "cosinus": [
    0.0461015003547105
  ]
}