{
  "voc_eval_res": {
    "precision": 76.9231,
    "recall": 71.4286,
    "f-score": 74.0741
  },
  "KL_res": {
    "KL divergence": 0.7032583297729353,
    "Euclidean Dist.": 0.13589879347287512,
    "WER": 0.34615384615384615,
    "CER": 0.5202020202020202,
    "Cosine Dist.": 0.035456115530845045
  },
  "occ_eval_res": {
    "precision": 78.5714,
    "recall": 84.6154,
    "f-score": 81.4815
  },
  "clean_eval": {
    "f-score": 81.48148148148148,
    "precision": 84.61538461538461,
    "recall": 78.57142857142857,
    "tp": 22,
    "fp": 4,
    "fn": 6
  },
  "jaccard": [
    0.43209876543209874
  ],
  "braycurtis": [
    0.2696629213483146
  ],
  "dice": [
    0.2755905511811024
  ],
  "cosinus": [
    0.13930984346076158
  ]
}