{
  "voc_eval_res": {
    "precision": 16.9492,
    "recall": 58.8235,
    "f-score": 26.3158
  },
  "KL_res": {
    "KL divergence": 2.1935733394773416,
    "Euclidean Dist.": 0.38009471537211725,
    "WER": 3.066666666666667,
    "CER": 3.0318725099601593,
    "Cosine Dist.": 0.4676079275670334
  },
  "occ_eval_res": {
    "precision": 17.2727,
    "recall": 63.3333,
    "f-score": 27.1429
  },
  "clean_eval": {
    "f-score": 29.00763358778626,
    "precision": 63.33333333333333,
    "recall": 18.81188118811881,
    "tp": 19,
    "fp": 11,
    "fn": 82
  },
  "jaccard": [
    0.704
  ],
  "braycurtis": [
    0.674493927125506
  ],
  "dice": [
    0.5432098765432098
  ],
  "cosinus": [
    0.379037346635531
  ]
}