{
  "voc_eval_res": {
    "precision": 31.7992,
    "recall": 3.3778,
    "f-score": 6.1069
  },
  "KL_res": {
    "KL divergence": 3.8137759086195846,
    "Euclidean Dist.": 0.22513164311601416,
    "WER": 0.9428985507246377,
    "CER": 0.8103160720823334,
    "Cosine Dist.": 0.5729547573097158
  },
  "occ_eval_res": {
    "precision": 31.1688,
    "recall": 6.2609,
    "f-score": 10.4272
  },
  "clean_eval": {
    "f-score": 4.467265725288832,
    "precision": 2.711124961047055,
    "recall": 12.682215743440233,
    "tp": 87,
    "fp": 3122,
    "fn": 599
  },
  "jaccard": [
    0.7372677595628415
  ],
  "braycurtis": [
    0.6665364456164339
  ],
  "dice": [
    0.5838670590271767
  ],
  "cosinus": [
    0.28345963400774565
  ]
}