{
  "voc_eval_res": {
    "precision": 10.6952,
    "recall": 1.4981,
    "f-score": 2.6281
  },
  "KL_res": {
    "KL divergence": 3.4872479290231833,
    "Euclidean Dist.": 0.25331359258166436,
    "WER": 0.937984496124031,
    "CER": 0.7792561469032058,
    "Cosine Dist.": 0.16035757357820724
  },
  "occ_eval_res": {
    "precision": 30.3462,
    "recall": 8.8849,
    "f-score": 13.7454
  },
  "clean_eval": {
    "f-score": 0.691358024691358,
    "precision": 0.43668122270742354,
    "recall": 1.6587677725118484,
    "tp": 7,
    "fp": 1596,
    "fn": 415
  },
  "jaccard": [
    0.3541666666666667
  ],
  "braycurtis": [
    0.5092067168500289
  ],
  "dice": [
    0.21518987341772153
  ],
  "cosinus": [
    0.03065336561819143
  ]
}