{
  "voc_eval_res": {
    "precision": 16.2876,
    "recall": 40.645,
    "f-score": 23.2559
  },
  "KL_res": {
    "KL divergence": 0.39404942389163355,
    "Euclidean Dist.": 0.04912622574946334,
    "WER": 0.5542435816634141,
    "CER": 0.15610089005519656,
    "Cosine Dist.": 0.08181657958221078
  },
  "occ_eval_res": {
    "precision": 53.6065,
    "recall": 54.8313,
    "f-score": 54.212
  },
  "clean_eval": {
    "f-score": 44.10436189577294,
    "precision": 43.99322779452369,
    "recall": 44.216058904915634,
    "tp": 55607,
    "fp": 70792,
    "fn": 70155
  },
  "jaccard": [
    0.8471162910275087
  ],
  "braycurtis": [
    0.4322365836172083
  ],
  "dice": [
    0.7347803463911395
  ],
  "cosinus": [
    0.07922290885523353
  ]
}