{
  "voc_eval_res": {
    "precision": 5.9406,
    "recall": 0.5263,
    "f-score": 0.967
  },
  "KL_res": {
    "KL divergence": 4.4032471237065955,
    "Euclidean Dist.": 0.1904742926536055,
    "WER": 0.9865186360031721,
    "CER": 0.8595144419921312,
    "Cosine Dist.": 0.8355302374918749
  },
  "occ_eval_res": {
    "precision": 7.8431,
    "recall": 1.586,
    "f-score": 2.6385
  },
  "clean_eval": {
    "f-score": 0.27453671928620454,
    "precision": 0.16611295681063123,
    "recall": 0.7905138339920948,
    "tp": 2,
    "fp": 1202,
    "fn": 251
  },
  "jaccard": [
    0.9958471760797342
  ],
  "braycurtis": [
    0.9771197846567967
  ],
  "dice": [
    0.9917287014061208
  ],
  "cosinus": [
    0.9092566637908027
  ]
}