{
  "voc_eval_res": {
    "precision": 11.1913,
    "recall": 3.8557,
    "f-score": 5.7354
  },
  "KL_res": {
    "KL divergence": 4.036087161147197,
    "Euclidean Dist.": 0.20552735484523976,
    "WER": 0.9453551912568307,
    "CER": 0.7127368044799237,
    "Cosine Dist.": 0.5126122428766028
  },
  "occ_eval_res": {
    "precision": 11.994,
    "recall": 8.7432,
    "f-score": 10.1138
  },
  "clean_eval": {
    "f-score": 1.4230271668822767,
    "precision": 1.2263099219620959,
    "recall": 1.694915254237288,
    "tp": 11,
    "fp": 886,
    "fn": 638
  },
  "jaccard": [
    0.969377990430622
  ],
  "braycurtis": [
    0.9028290282902829
  ],
  "dice": [
    0.9405756731662024
  ],
  "cosinus": [
    0.6030535037801599
  ]
}