{
  "voc_eval_res": {
    "precision": 68.0005,
    "recall": 93.8372,
    "f-score": 78.8565
  },
  "KL_res": {
    "KL divergence": 0.03728059906769295,
    "Euclidean Dist.": 0.012038243612749775,
    "WER": 0.146752443966208,
    "CER": 0.08415000021963251,
    "Cosine Dist.": 0.003228489272804169
  },
  "occ_eval_res": {
    "precision": 88.0273,
    "recall": 96.7376,
    "f-score": 92.1771
  },
  "clean_eval": {
    "f-score": 81.2160236449042,
    "precision": 86.07419340403634,
    "recall": 76.8769608920685,
    "tp": 38470,
    "fp": 6224,
    "fn": 11571
  },
  "jaccard": [
    0.5922223096906243
  ],
  "braycurtis": [
    0.09882798773823183
  ],
  "dice": [
    0.4206788570150422
  ],
  "cosinus": [
    0.023075769689615777
  ]
}