{
  "voc_eval_res": {
    "precision": 13.6126,
    "recall": 1.2987,
    "f-score": 2.3712
  },
  "KL_res": {
    "KL divergence": 3.3013522824383967,
    "Euclidean Dist.": 0.26240311950244816,
    "WER": 0.9701205307404032,
    "CER": 0.7804874406379738,
    "Cosine Dist.": 0.8480644558025319
  },
  "occ_eval_res": {
    "precision": 16.0252,
    "recall": 4.3857,
    "f-score": 6.8867
  },
  "clean_eval": {
    "f-score": 0.29102114183000943,
    "precision": 0.18803229731224422,
    "recall": 0.6434519303557911,
    "tp": 17,
    "fp": 9024,
    "fn": 2625
  },
  "jaccard": [
    0.5238095238095238
  ],
  "braycurtis": [
    0.5096132547734018
  ],
  "dice": [
    0.3548387096774194
  ],
  "cosinus": [
    0.026876712628271626
  ]
}