{
  "voc_eval_res": {
    "precision": 15.8103,
    "recall": 4.884,
    "f-score": 7.4627
  },
  "KL_res": {
    "KL divergence": 3.7656517176433817,
    "Euclidean Dist.": 0.1589917337312333,
    "WER": 0.9382716049382716,
    "CER": 0.7063225806451613,
    "Cosine Dist.": 0.3182212233373811
  },
  "occ_eval_res": {
    "precision": 17.6198,
    "recall": 11.7284,
    "f-score": 14.0828
  },
  "clean_eval": {
    "f-score": 0.6447453255963894,
    "precision": 0.5296610169491525,
    "recall": 0.8237232289950577,
    "tp": 5,
    "fp": 939,
    "fn": 602
  },
  "jaccard": [
    0.2682926829268293
  ],
  "braycurtis": [
    0.19449326303456357
  ],
  "dice": [
    0.15492957746478872
  ],
  "cosinus": [
    0.043711662511867755
  ]
}