{
  "voc_eval_res": {
    "precision": 15.7143,
    "recall": 1.04,
    "f-score": 1.9509
  },
  "KL_res": {
    "KL divergence": 3.742872480875347,
    "Euclidean Dist.": 0.28900415800484114,
    "WER": 0.9815533980582525,
    "CER": 0.835525125173433,
    "Cosine Dist.": 0.8598467448384158
  },
  "occ_eval_res": {
    "precision": 11.6015,
    "recall": 2.233,
    "f-score": 3.7452
  },
  "clean_eval": {
    "f-score": 0.13077593722755013,
    "precision": 0.07871949619522435,
    "recall": 0.3861003861003861,
    "tp": 3,
    "fp": 3808,
    "fn": 774
  },
  "jaccard": [
    0.4117647058823529
  ],
  "braycurtis": [
    0.6422244454747322
  ],
  "dice": [
    0.25925925925925924
  ],
  "cosinus": [
    0.08352335018008117
  ]
}