{
  "voc_eval_res": {
    "precision": 56.9444,
    "recall": 3.394,
    "f-score": 6.4062
  },
  "KL_res": {
    "KL divergence": 4.932590393286661,
    "Euclidean Dist.": 0.23434493735143663,
    "WER": 0.9704112337011033,
    "CER": 0.899464939453675,
    "Cosine Dist.": 0.8508971906014404
  },
  "occ_eval_res": {
    "precision": 48.6667,
    "recall": 3.661,
    "f-score": 6.8097
  },
  "clean_eval": {
    "f-score": 3.598484848484848,
    "precision": 1.9367991845056065,
    "recall": 25.333333333333336,
    "tp": 38,
    "fp": 1924,
    "fn": 112
  },
  "jaccard": [
    0.8636055191133227
  ],
  "braycurtis": [
    0.8090260494441679
  ],
  "dice": [
    0.759952229299363
  ],
  "cosinus": [
    0.28407554059312523
  ]
}