{
  "voc_eval_res": {
    "precision": 86.5169,
    "recall": 44.0,
    "f-score": 58.3333
  },
  "KL_res": {
    "KL divergence": 2.5873653429930767,
    "Euclidean Dist.": 0.2679827429261357,
    "WER": 0.5820568927789934,
    "CER": 0.6466910972192282,
    "Cosine Dist.": 0.318322078327811
  },
  "occ_eval_res": {
    "precision": 88.6555,
    "recall": 46.1707,
    "f-score": 60.7194
  },
  "clean_eval": {
    "f-score": 36.3901018922853,
    "precision": 27.654867256637168,
    "recall": 53.191489361702125,
    "tp": 125,
    "fp": 327,
    "fn": 110
  },
  "jaccard": [
    0.34615384615384615
  ],
  "braycurtis": [
    0.4563888474727896
  ],
  "dice": [
    0.20930232558139536
  ],
  "cosinus": [
    0.06342846251735756
  ]
}