{
  "voc_eval_res": {
    "precision": 85.6,
    "recall": 35.082,
    "f-score": 49.7674
  },
  "KL_res": {
    "KL divergence": 2.919515868962111,
    "Euclidean Dist.": 0.5514650287771258,
    "WER": 0.8205854579792257,
    "CER": 0.6336746302616609,
    "Cosine Dist.": 0.7774791123053989
  },
  "occ_eval_res": {
    "precision": 86.3436,
    "recall": 18.508,
    "f-score": 30.4821
  },
  "clean_eval": {
    "f-score": 21.269841269841272,
    "precision": 12.87223823246878,
    "recall": 61.18721461187214,
    "tp": 134,
    "fp": 907,
    "fn": 85
  },
  "jaccard": [
    0.39622641509433965
  ],
  "braycurtis": [
    0.46866285043299577
  ],
  "dice": [
    0.24705882352941178
  ],
  "cosinus": [
    0.21066979677493436
  ]
}