{
  "voc_eval_res": {
    "precision": 77.5424,
    "recall": 15.0246,
    "f-score": 25.1719
  },
  "KL_res": {
    "KL divergence": 2.072687292797851,
    "Euclidean Dist.": 0.16492853489073653,
    "WER": 0.741195092995647,
    "CER": 0.582844426461663,
    "Cosine Dist.": 0.10541077576483471
  },
  "occ_eval_res": {
    "precision": 83.2653,
    "recall": 32.2913,
    "f-score": 46.5355
  },
  "clean_eval": {
    "f-score": 26.521460602178088,
    "precision": 18.11816192560175,
    "recall": 49.46236559139785,
    "tp": 414,
    "fp": 1871,
    "fn": 423
  },
  "jaccard": [
    0.5128205128205128
  ],
  "braycurtis": [
    0.31587232181897684
  ],
  "dice": [
    0.3448275862068966
  ],
  "cosinus": [
    0.030586550834948767
  ]
}