{
  "voc_eval_res": {
    "precision": 19.2661,
    "recall": 0.4437,
    "f-score": 0.8674
  },
  "KL_res": {
    "KL divergence": 3.4509959940842228,
    "Euclidean Dist.": 0.3224364317240627,
    "WER": 0.990552668871044,
    "CER": 0.9101884031461496,
    "Cosine Dist.": 0.8644825128128542
  },
  "occ_eval_res": {
    "precision": 16.1228,
    "recall": 1.3226,
    "f-score": 2.4447
  },
  "clean_eval": {
    "f-score": 0.18214936247723132,
    "precision": 0.09855453350854139,
    "recall": 1.2,
    "tp": 6,
    "fp": 6082,
    "fn": 494
  },
  "jaccard": [
    0.8735821140884432
  ],
  "braycurtis": [
    0.8422689275457755
  ],
  "dice": [
    0.7755399883245767
  ],
  "cosinus": [
    0.35407565371897487
  ]
}