{
  "voc_eval_res": {
    "precision": 6.098,
    "recall": 26.1036,
    "f-score": 9.8865
  },
  "KL_res": {
    "KL divergence": 0.9154117652038322,
    "Euclidean Dist.": 0.07562447393967955,
    "WER": 1.1199348714325212,
    "CER": 0.8043361873753256,
    "Cosine Dist.": 0.25391836037415105
  },
  "occ_eval_res": {
    "precision": 33.4515,
    "recall": 40.0899,
    "f-score": 36.4711
  },
  "clean_eval": {
    "f-score": 8.456172677020268,
    "precision": 9.029402021702687,
    "recall": 7.951381215469613,
    "tp": 8995,
    "fp": 90624,
    "fn": 104130
  },
  "jaccard": [
    0.7873072511787944
  ],
  "braycurtis": [
    0.33630629417300245
  ],
  "dice": [
    0.6492223623371164
  ],
  "cosinus": [
    0.09727100110830944
  ]
}