{
  "voc_eval_res": {
    "precision": 80.8383,
    "recall": 34.0909,
    "f-score": 47.9574
  },
  "KL_res": {
    "KL divergence": 2.2113276892120597,
    "Euclidean Dist.": 0.2455050370974018,
    "WER": 0.5613861386138614,
    "CER": 0.4860258177716506,
    "Cosine Dist.": 0.3862134181129888
  },
  "occ_eval_res": {
    "precision": 83.2461,
    "recall": 47.2277,
    "f-score": 60.2653
  },
  "clean_eval": {
    "f-score": 34.638354346383544,
    "precision": 27.13097713097713,
    "recall": 47.88990825688074,
    "tp": 261,
    "fp": 701,
    "fn": 284
  },
  "jaccard": [
    0.39655172413793105
  ],
  "braycurtis": [
    0.2552176971781443
  ],
  "dice": [
    0.24731182795698925
  ],
  "cosinus": [
    0.05214039106368695
  ]
}