{
  "voc_eval_res": {
    "precision": 17.5439,
    "recall": 0.1866,
    "f-score": 0.3693
  },
  "KL_res": {
    "KL divergence": 4.70800251439244,
    "Euclidean Dist.": 0.23392098022350286,
    "WER": 0.9985226223453371,
    "CER": 0.9890465993291516,
    "Cosine Dist.": 0.982323457787189
  },
  "occ_eval_res": {
    "precision": 25.0,
    "recall": 0.1754,
    "f-score": 0.3484
  },
  "clean_eval": {
    "f-score": 0.1841620626151013,
    "precision": 0.09269749716757647,
    "recall": 13.846153846153847,
    "tp": 9,
    "fp": 9700,
    "fn": 56
  },
  "jaccard": [
    0.46296296296296297
  ],
  "braycurtis": [
    0.978494623655914
  ],
  "dice": [
    0.30120481927710846
  ],
  "cosinus": [
    0.12298323498099939
  ]
}