{
  "voc_eval_res": {
    "precision": 10.5263,
    "recall": 0.2929,
    "f-score": 0.57
  },
  "KL_res": {
    "KL divergence": 4.859525263484746,
    "Euclidean Dist.": 0.29601273550183105,
    "WER": 0.9975520195838433,
    "CER": 0.9599737532808399,
    "Cosine Dist.": 0.9675909678594975
  },
  "occ_eval_res": {
    "precision": 10.5691,
    "recall": 0.2652,
    "f-score": 0.5174
  },
  "clean_eval": {
    "f-score": 0.5145797598627788,
    "precision": 0.26420079260237783,
    "recall": 9.836065573770492,
    "tp": 12,
    "fp": 4530,
    "fn": 110
  },
  "jaccard": [
    0.49056603773584906
  ],
  "braycurtis": [
    0.9171288743882545
  ],
  "dice": [
    0.325
  ],
  "cosinus": [
    0.1101964364707303
  ]
}