{
  "voc_eval_res": {
    "precision": 45.6954,
    "recall": 33.7408,
    "f-score": 38.8186
  },
  "KL_res": {
    "KL divergence": 1.5748348235932814,
    "Euclidean Dist.": 0.09418646693798158,
    "WER": 0.7279489904357067,
    "CER": 0.5778236914600551,
    "Cosine Dist.": 0.12614031492680644
  },
  "occ_eval_res": {
    "precision": 63.6601,
    "recall": 51.7535,
    "f-score": 57.0926
  },
  "clean_eval": {
    "f-score": 22.412737293325165,
    "precision": 20.355951056729698,
    "recall": 24.931880108991823,
    "tp": 183,
    "fp": 716,
    "fn": 551
  },
  "jaccard": [
    0.2765957446808511
  ],
  "braycurtis": [
    0.08309696396680323
  ],
  "dice": [
    0.16049382716049382
  ],
  "cosinus": [
    0.003531073482920366
  ]
}