{
  "voc_eval_res": {
    "precision": 60.7005,
    "recall": 91.2687,
    "f-score": 72.9103
  },
  "KL_res": {
    "KL divergence": 0.09240031294135304,
    "Euclidean Dist.": 0.02363478782941394,
    "WER": 0.29878066324093844,
    "CER": 0.17565147313783394,
    "Cosine Dist.": 0.015762224891331056
  },
  "occ_eval_res": {
    "precision": 78.6875,
    "recall": 95.5893,
    "f-score": 86.3188
  },
  "clean_eval": {
    "f-score": 76.43211192160122,
    "precision": 85.72462132393372,
    "recall": 68.95718489272944,
    "tp": 148109,
    "fp": 24664,
    "fn": 66675
  },
  "jaccard": [
    0.4060218155593618
  ],
  "braycurtis": [
    0.12993441199069072
  ],
  "dice": [
    0.2547223164800362
  ],
  "cosinus": [
    0.016237125775405703
  ]
}