{
  "voc_eval_res": {
    "precision": 68.1142,
    "recall": 89.6431,
    "f-score": 77.4096
  },
  "KL_res": {
    "KL divergence": 0.067183397206119,
    "Euclidean Dist.": 0.016912629767733153,
    "WER": 0.2759357426480963,
    "CER": 0.17829327676054332,
    "Cosine Dist.": 0.00812845632913517
  },
  "occ_eval_res": {
    "precision": 83.5473,
    "recall": 91.4418,
    "f-score": 87.3164
  },
  "clean_eval": {
    "f-score": 73.10791202077289,
    "precision": 79.04830718414534,
    "recall": 67.99794004830233,
    "tp": 38291,
    "fp": 10149,
    "fn": 18021
  },
  "jaccard": [
    0.34704812936561097
  ],
  "braycurtis": [
    0.11735786957016736
  ],
  "dice": [
    0.20995658465991318
  ],
  "cosinus": [
    0.009254177427632349
  ]
}