{
  "voc_eval_res": {
    "precision": 26.4567,
    "recall": 14.4578,
    "f-score": 18.6978
  },
  "KL_res": {
    "KL divergence": 2.6352020532715343,
    "Euclidean Dist.": 0.24488417908044025,
    "WER": 0.8824701195219123,
    "CER": 0.6465253496503497,
    "Cosine Dist.": 0.6653399308122937
  },
  "occ_eval_res": {
    "precision": 30.5037,
    "recall": 26.8426,
    "f-score": 28.5563
  },
  "clean_eval": {
    "f-score": 10.008678044547295,
    "precision": 9.402173913043478,
    "recall": 10.698824984539272,
    "tp": 173,
    "fp": 1667,
    "fn": 1444
  },
  "jaccard": [
    0.523680649526387
  ],
  "braycurtis": [
    0.26547609066264216
  ],
  "dice": [
    0.3547204399633364
  ],
  "cosinus": [
    0.11603800920441742
  ]
}