{
  "voc_eval_res": {
    "precision": 44.473,
    "recall": 5.9328,
    "f-score": 10.469
  },
  "KL_res": {
    "KL divergence": 3.509048341354402,
    "Euclidean Dist.": 0.4734238415921202,
    "WER": 0.9073170731707317,
    "CER": 0.7076782492560744,
    "Cosine Dist.": 0.8294002810200324
  },
  "occ_eval_res": {
    "precision": 27.9129,
    "recall": 11.3937,
    "f-score": 16.1821
  },
  "clean_eval": {
    "f-score": 9.49531737773153,
    "precision": 6.776828815447457,
    "recall": 15.85577758470895,
    "tp": 365,
    "fp": 5021,
    "fn": 1937
  },
  "jaccard": [
    0.6755839488919944
  ],
  "braycurtis": [
    0.5794665524730065
  ],
  "dice": [
    0.5100994874886946
  ],
  "cosinus": [
    0.47257722444034944
  ]
}