{
  "voc_eval_res": {
    "precision": 75.7143,
    "recall": 42.7419,
    "f-score": 54.6392
  },
  "KL_res": {
    "KL divergence": 1.7219131627055952,
    "Euclidean Dist.": 0.1883982164990909,
    "WER": 0.48333333333333334,
    "CER": 0.38370017846519927,
    "Cosine Dist.": 0.046447615573538936
  },
  "occ_eval_res": {
    "precision": 82.3171,
    "recall": 56.25,
    "f-score": 66.8317
  },
  "clean_eval": {
    "f-score": 61.77215189873417,
    "precision": 51.91489361702127,
    "recall": 76.25,
    "tp": 122,
    "fp": 113,
    "fn": 38
  },
  "jaccard": [
    0.42270992366412213
  ],
  "braycurtis": [
    0.19405940594059407
  ],
  "dice": [
    0.26799758015728975
  ],
  "cosinus": [
    0.034053075426970336
  ]
}