{
  "voc_eval_res": {
    "precision": 10.5263,
    "recall": 0.7348,
    "f-score": 1.3736
  },
  "KL_res": {
    "KL divergence": 4.432721076949164,
    "Euclidean Dist.": 0.2565022844409963,
    "WER": 0.9916129032258064,
    "CER": 0.927795730253748,
    "Cosine Dist.": 0.8420013979771127
  },
  "occ_eval_res": {
    "precision": 8.37,
    "recall": 1.2258,
    "f-score": 2.1384
  },
  "clean_eval": {
    "f-score": 0.6489292667099287,
    "precision": 0.38022813688212925,
    "recall": 2.2123893805309733,
    "tp": 5,
    "fp": 1310,
    "fn": 221
  },
  "jaccard": [
    0.4166666666666667
  ],
  "braycurtis": [
    0.8384071562545087
  ],
  "dice": [
    0.2631578947368421
  ],
  "cosinus": [
    0.08516121618251693
  ]
}