{
  "voc_eval_res": {
    "precision": 13.0435,
    "recall": 0.5185,
    "f-score": 0.9973
  },
  "KL_res": {
    "KL divergence": 3.670680914837174,
    "Euclidean Dist.": 0.26739557780361456,
    "WER": 0.9902690326273612,
    "CER": 0.9065822974389696,
    "Cosine Dist.": 0.8388760086479594
  },
  "occ_eval_res": {
    "precision": 10.9726,
    "recall": 1.2593,
    "f-score": 2.2593
  },
  "clean_eval": {
    "f-score": 0.277623542476402,
    "precision": 0.1560549313358302,
    "recall": 1.256281407035176,
    "tp": 5,
    "fp": 3199,
    "fn": 393
  },
  "jaccard": [
    0.45098039215686275
  ],
  "braycurtis": [
    0.7894702117833344
  ],
  "dice": [
    0.2911392405063291
  ],
  "cosinus": [
    0.11151363734454478
  ]
}