{
  "voc_eval_res": {
    "precision": 10.2894,
    "recall": 0.5487,
    "f-score": 1.0418
  },
  "KL_res": {
    "KL divergence": 3.4048160661120486,
    "Euclidean Dist.": 0.17977764393482357,
    "WER": 0.9939205955334988,
    "CER": 0.9206088238783708,
    "Cosine Dist.": 0.9621061340339306
  },
  "occ_eval_res": {
    "precision": 10.2941,
    "recall": 0.7816,
    "f-score": 1.453
  },
  "clean_eval": {
    "f-score": 0.4887585532746823,
    "precision": 0.26360880453407143,
    "recall": 3.350083752093802,
    "tp": 20,
    "fp": 7567,
    "fn": 577
  },
  "jaccard": [
    0.5409836065573771
  ],
  "braycurtis": [
    0.8297558954846035
  ],
  "dice": [
    0.3707865168539326
  ],
  "cosinus": [
    0.06399687453497016
  ]
}