{
  "voc_eval_res": {
    "precision": 6.2503,
    "recall": 18.8576,
    "f-score": 9.3887
  },
  "KL_res": {
    "KL divergence": 1.1371064027233309,
    "Euclidean Dist.": 0.08215823946099297,
    "WER": 0.873669771135658,
    "CER": 0.3731664158494435,
    "Cosine Dist.": 0.29146576211910924
  },
  "occ_eval_res": {
    "precision": 29.3026,
    "recall": 31.7955,
    "f-score": 30.4982
  },
  "clean_eval": {
    "f-score": 12.313210630548284,
    "precision": 13.07807719463403,
    "recall": 11.632866675389245,
    "tp": 8891,
    "fp": 59093,
    "fn": 67539
  },
  "jaccard": [
    0.7897285586848477
  ],
  "braycurtis": [
    0.34996831898620756
  ],
  "dice": [
    0.6525218490049489
  ],
  "cosinus": [
    0.08633526922543433
  ]
}