{
  "voc_eval_res": {
    "precision": 13.0435,
    "recall": 0.3377,
    "f-score": 0.6584
  },
  "KL_res": {
    "KL divergence": 4.173370539433007,
    "Euclidean Dist.": 0.27300386600895926,
    "WER": 0.9975524804669115,
    "CER": 0.9373598718828643,
    "Cosine Dist.": 0.995215170351527
  },
  "occ_eval_res": {
    "precision": 6.9492,
    "recall": 0.386,
    "f-score": 0.7313
  },
  "clean_eval": {
    "f-score": 0.13333333333333333,
    "precision": 0.07059298104074224,
    "recall": 1.1986301369863013,
    "tp": 7,
    "fp": 9909,
    "fn": 577
  },
  "jaccard": [
    0.9960988296488946
  ],
  "braycurtis": [
    0.9895797938611395
  ],
  "dice": [
    0.9922279792746114
  ],
  "cosinus": [
    0.9819113840168936
  ]
}