{
  "voc_eval_res": {
    "precision": 14.0244,
    "recall": 0.3859,
    "f-score": 0.7511
  },
  "KL_res": {
    "KL divergence": 4.101865248607992,
    "Euclidean Dist.": 0.22036080730404506,
    "WER": 0.9970308788598575,
    "CER": 0.9413127171429466,
    "Cosine Dist.": 0.9893173571780557
  },
  "occ_eval_res": {
    "precision": 8.3192,
    "recall": 0.485,
    "f-score": 0.9165
  },
  "clean_eval": {
    "f-score": 0.06348534546608824,
    "precision": 0.03383331453704748,
    "recall": 0.5136986301369862,
    "tp": 3,
    "fp": 8864,
    "fn": 581
  },
  "jaccard": [
    0.9958595561444187
  ],
  "braycurtis": [
    0.9874900489025361
  ],
  "dice": [
    0.991753257463302
  ],
  "cosinus": [
    0.9746257276551957
  ]
}