{
  "voc_eval_res": {
    "precision": 74.8918,
    "recall": 41.4868,
    "f-score": 53.3951
  },
  "KL_res": {
    "KL divergence": 2.6327099849881543,
    "Euclidean Dist.": 0.5265131284979541,
    "WER": 0.719280205655527,
    "CER": 0.4953523562472979,
    "Cosine Dist.": 0.6365637593063713
  },
  "occ_eval_res": {
    "precision": 85.6515,
    "recall": 30.0771,
    "f-score": 44.5205
  },
  "clean_eval": {
    "f-score": 20.77220077220077,
    "precision": 14.039665970772441,
    "recall": 39.910979228486646,
    "tp": 269,
    "fp": 1647,
    "fn": 405
  },
  "jaccard": [
    0.25
  ],
  "braycurtis": [
    0.29425084916341676
  ],
  "dice": [
    0.14285714285714285
  ],
  "cosinus": [
    0.15515022788076582
  ]
}