{
  "voc_eval_res": {
    "precision": 11.7834,
    "recall": 0.9181,
    "f-score": 1.7035
  },
  "KL_res": {
    "KL divergence": 3.687458250999553,
    "Euclidean Dist.": 0.2756561967593693,
    "WER": 0.983416547788873,
    "CER": 0.8479857449011534,
    "Cosine Dist.": 0.8895342113565908
  },
  "occ_eval_res": {
    "precision": 11.0487,
    "recall": 2.1041,
    "f-score": 3.5351
  },
  "clean_eval": {
    "f-score": 0.3830806065442937,
    "precision": 0.2291825821237586,
    "recall": 1.1661807580174928,
    "tp": 12,
    "fp": 5224,
    "fn": 1017
  },
  "jaccard": [
    0.5087719298245614
  ],
  "braycurtis": [
    0.6513081822635963
  ],
  "dice": [
    0.3411764705882353
  ],
  "cosinus": [
    0.07619207561553432
  ]
}