{
  "voc_eval_res": {
    "precision": 69.7368,
    "recall": 35.5705,
    "f-score": 47.1111
  },
  "KL_res": {
    "KL divergence": 2.23470766610568,
    "Euclidean Dist.": 0.16226204561777352,
    "WER": 0.7704918032786885,
    "CER": 0.6501410721483273,
    "Cosine Dist.": 0.21459115688892438
  },
  "occ_eval_res": {
    "precision": 64.186,
    "recall": 45.2459,
    "f-score": 53.0769
  },
  "clean_eval": {
    "f-score": 31.666666666666664,
    "precision": 26.573426573426573,
    "recall": 39.175257731958766,
    "tp": 76,
    "fp": 210,
    "fn": 118
  },
  "jaccard": [
    0.5401023890784983
  ],
  "braycurtis": [
    0.3130619971604354
  ],
  "dice": [
    0.3699590882524839
  ],
  "cosinus": [
    0.12887503099750786
  ]
}