{
  "voc_eval_res": {
    "precision": 24.3523,
    "recall": 2.8545,
    "f-score": 5.1101
  },
  "KL_res": {
    "KL divergence": 3.284822568051741,
    "Euclidean Dist.": 0.17318802381203457,
    "WER": 0.9557613168724279,
    "CER": 0.7871512758730804,
    "Cosine Dist.": 0.5854056671514527
  },
  "occ_eval_res": {
    "precision": 20.9596,
    "recall": 6.8313,
    "f-score": 10.3042
  },
  "clean_eval": {
    "f-score": 2.6885474860335195,
    "precision": 1.8224852071005917,
    "recall": 5.123087159015303,
    "tp": 77,
    "fp": 4148,
    "fn": 1426
  },
  "jaccard": [
    0.9726452340665539
  ],
  "braycurtis": [
    0.8979009235936188
  ],
  "dice": [
    0.9467471863848477
  ],
  "cosinus": [
    0.6109783594958051
  ]
}