{
  "voc_eval_res": {
    "precision": 87.2549,
    "recall": 57.2347,
    "f-score": 69.1262
  },
  "KL_res": {
    "KL divergence": 2.288604440776587,
    "Euclidean Dist.": 0.29576342868719385,
    "WER": 0.5047619047619047,
    "CER": 0.3893217231897342,
    "Cosine Dist.": 0.5850912488052071
  },
  "occ_eval_res": {
    "precision": 86.0104,
    "recall": 52.6984,
    "f-score": 65.3543
  },
  "clean_eval": {
    "f-score": 39.06354515050167,
    "precision": 31.43164693218515,
    "recall": 51.590106007067135,
    "tp": 292,
    "fp": 637,
    "fn": 274
  },
  "jaccard": [
    0.4235294117647059
  ],
  "braycurtis": [
    0.30117647058823527
  ],
  "dice": [
    0.26865671641791045
  ],
  "cosinus": [
    0.6708734314579987
  ]
}