{
  "voc_eval_res": {
    "precision": 89.0995,
    "recall": 75.2,
    "f-score": 81.5618
  },
  "KL_res": {
    "KL divergence": 0.21620194555230257,
    "Euclidean Dist.": 0.026346763357548344,
    "WER": 0.20306513409961685,
    "CER": 0.13484768907563024,
    "Cosine Dist.": 0.0030448475376800843
  },
  "occ_eval_res": {
    "precision": 91.6121,
    "recall": 89.272,
    "f-score": 90.4269
  },
  "clean_eval": {
    "f-score": 69.54248366013073,
    "precision": 68.73385012919897,
    "recall": 70.37037037037037,
    "tp": 532,
    "fp": 242,
    "fn": 224
  },
  "jaccard": [
    0.2857142857142857
  ],
  "braycurtis": [
    0.08227498619547212
  ],
  "dice": [
    0.16666666666666666
  ],
  "cosinus": [
    0.0037474142101679986
  ]
}