{
  "voc_eval_res": {
    "precision": 63.2231,
    "recall": 54.8387,
    "f-score": 58.7332
  },
  "KL_res": {
    "KL divergence": 0.7328351732099773,
    "Euclidean Dist.": 0.05651493134718141,
    "WER": 0.5492730210016155,
    "CER": 0.434966838614591,
    "Cosine Dist.": 0.041337689594708404
  },
  "occ_eval_res": {
    "precision": 74.3017,
    "recall": 64.4588,
    "f-score": 69.0311
  },
  "clean_eval": {
    "f-score": 40.21937842778794,
    "precision": 37.54266211604095,
    "recall": 43.30708661417323,
    "tp": 220,
    "fp": 366,
    "fn": 288
  },
  "jaccard": [
    0.5768194070080862
  ],
  "braycurtis": [
    0.29103885804916735
  ],
  "dice": [
    0.4053030303030303
  ],
  "cosinus": [
    0.04908136363747928
  ]
}