{
  "voc_eval_res": {
    "precision": 51.7384,
    "recall": 93.9222,
    "f-score": 66.722
  },
  "KL_res": {
    "KL divergence": 0.06555070750958623,
    "Euclidean Dist.": 0.011872102245186124,
    "WER": 1.0526769600962502,
    "CER": 0.9741473434868702,
    "Cosine Dist.": 0.004105946707376629
  },
  "occ_eval_res": {
    "precision": 49.4659,
    "recall": 98.2394,
    "f-score": 65.7999
  },
  "clean_eval": {
    "f-score": 59.05493418340707,
    "precision": 87.40721156779404,
    "recall": 44.5909633241687,
    "tp": 42979,
    "fp": 6192,
    "fn": 53406
  },
  "jaccard": [
    0.5361312716945409
  ],
  "braycurtis": [
    0.3300590819067321
  ],
  "dice": [
    0.3662427247251563
  ],
  "cosinus": [
    0.006980217079907369
  ]
}