{
  "voc_eval_res": {
    "precision": 85.7143,
    "recall": 16.1871,
    "f-score": 27.2315
  },
  "KL_res": {
    "KL divergence": 4.701024771038552,
    "Euclidean Dist.": 0.3214265501804584,
    "WER": 0.8269680436477007,
    "CER": 0.753614529812403,
    "Cosine Dist.": 0.8110320352179947
  },
  "occ_eval_res": {
    "precision": 84.058,
    "recall": 18.0826,
    "f-score": 29.7627
  },
  "clean_eval": {
    "f-score": 15.12939615129396,
    "precision": 9.208400646203554,
    "recall": 42.37918215613383,
    "tp": 114,
    "fp": 1124,
    "fn": 155
  },
  "jaccard": [
    0.8201834862385321
  ],
  "braycurtis": [
    0.6723237597911227
  ],
  "dice": [
    0.6951788491446346
  ],
  "cosinus": [
    0.8373098838291395
  ]
}