{
  "voc_eval_res": {
    "precision": 9.8765,
    "recall": 0.6515,
    "f-score": 1.2223
  },
  "KL_res": {
    "KL divergence": 4.3974032197178,
    "Euclidean Dist.": 0.2440748711428066,
    "WER": 0.9844594594594595,
    "CER": 0.8706349206349207,
    "Cosine Dist.": 0.7562936930517485
  },
  "occ_eval_res": {
    "precision": 14.0684,
    "recall": 2.5,
    "f-score": 4.2456
  },
  "clean_eval": {
    "f-score": 0.3612281757977122,
    "precision": 0.2099370188943317,
    "recall": 1.293103448275862,
    "tp": 3,
    "fp": 1426,
    "fn": 229
  },
  "jaccard": [
    0.8429423459244533
  ],
  "braycurtis": [
    0.7953052336310622
  ],
  "dice": [
    0.7285223367697594
  ],
  "cosinus": [
    0.48825372324734995
  ]
}