{
  "voc_eval_res": {
    "precision": 15.9851,
    "recall": 1.5468,
    "f-score": 2.8206
  },
  "KL_res": {
    "KL divergence": 3.5373931246353285,
    "Euclidean Dist.": 0.1519298220576603,
    "WER": 0.9727604605447908,
    "CER": 0.8355862265224815,
    "Cosine Dist.": 0.5847842026060639
  },
  "occ_eval_res": {
    "precision": 19.5965,
    "recall": 3.8192,
    "f-score": 6.3925
  },
  "clean_eval": {
    "f-score": 0.8830022075055187,
    "precision": 0.5221932114882507,
    "recall": 2.857142857142857,
    "tp": 18,
    "fp": 3429,
    "fn": 612
  },
  "jaccard": [
    0.9841706813489333
  ],
  "braycurtis": [
    0.9421466632834306
  ],
  "dice": [
    0.9688346883468835
  ],
  "cosinus": [
    0.7173900782900711
  ]
}