{
  "voc_eval_res": {
    "precision": 7.5949,
    "recall": 0.2145,
    "f-score": 0.4172
  },
  "KL_res": {
    "KL divergence": 3.646030623930419,
    "Euclidean Dist.": 0.327442715745743,
    "WER": 0.9920272013131668,
    "CER": 0.8982329956084235,
    "Cosine Dist.": 0.9167384350489134
  },
  "occ_eval_res": {
    "precision": 9.7804,
    "recall": 1.149,
    "f-score": 2.0564
  },
  "clean_eval": {
    "f-score": 0.045573658425430104,
    "precision": 0.0249719066050693,
    "recall": 0.26041666666666663,
    "tp": 2,
    "fp": 8007,
    "fn": 766
  },
  "jaccard": [
    0.4716981132075472
  ],
  "braycurtis": [
    0.7657023795144341
  ],
  "dice": [
    0.30864197530864196
  ],
  "cosinus": [
    0.10920517193497481
  ]
}