{
  "voc_eval_res": {
    "precision": 2.8939,
    "recall": 0.5082,
    "f-score": 0.8646
  },
  "KL_res": {
    "KL divergence": 3.5684141882842457,
    "Euclidean Dist.": 0.21461625269499585,
    "WER": 0.993064156551895,
    "CER": 0.757479331469696,
    "Cosine Dist.": 0.9169070010313982
  },
  "occ_eval_res": {
    "precision": 1.7607,
    "recall": 1.3376,
    "f-score": 1.5203
  },
  "clean_eval": {
    "f-score": 0.14390559792775937,
    "precision": 0.12700025400050802,
    "recall": 0.16600265604249667,
    "tp": 5,
    "fp": 3932,
    "fn": 3007
  },
  "jaccard": [
    0.9941944847605225
  ],
  "braycurtis": [
    0.9841666666666666
  ],
  "dice": [
    0.9884559884559885
  ],
  "cosinus": [
    0.9125096776051858
  ]
}