{
  "voc_eval_res": {
    "precision": 5.8047,
    "recall": 0.2912,
    "f-score": 0.5545
  },
  "KL_res": {
    "KL divergence": 2.7630207516544285,
    "Euclidean Dist.": 0.21490599790290282,
    "WER": 0.9910988661650948,
    "CER": 0.8686511037311975,
    "Cosine Dist.": 0.837158953598931
  },
  "occ_eval_res": {
    "precision": 7.9585,
    "recall": 1.4623,
    "f-score": 2.4707
  },
  "clean_eval": {
    "f-score": 0.055689623166883244,
    "precision": 0.03270824247710423,
    "recall": 0.18726591760299627,
    "tp": 3,
    "fp": 9169,
    "fn": 1599
  },
  "jaccard": [
    0.9962160751565762
  ],
  "braycurtis": [
    0.9834585036600437
  ],
  "dice": [
    0.9924606785389315
  ],
  "cosinus": [
    0.9128809063700312
  ]
}