{
  "voc_eval_res": {
    "precision": 35.8696,
    "recall": 1.4218,
    "f-score": 2.7352
  },
  "KL_res": {
    "KL divergence": 4.518857761062017,
    "Euclidean Dist.": 0.31758271670105914,
    "WER": 0.9774236387782205,
    "CER": 0.8770669206129339,
    "Cosine Dist.": 0.928535283913021
  },
  "occ_eval_res": {
    "precision": 29.9191,
    "recall": 2.4568,
    "f-score": 4.5408
  },
  "clean_eval": {
    "f-score": 0.4322455154527772,
    "precision": 0.23485204321277595,
    "recall": 2.710027100271003,
    "tp": 10,
    "fp": 4248,
    "fn": 359
  },
  "jaccard": [
    0.9843817787418655
  ],
  "braycurtis": [
    0.9354838709677419
  ],
  "dice": [
    0.9692439128577531
  ],
  "cosinus": [
    0.8380036952615549
  ]
}