{
  "voc_eval_res": {
    "precision": 23.9819,
    "recall": 7.67,
    "f-score": 11.6228
  },
  "KL_res": {
    "KL divergence": 3.5029015223929756,
    "Euclidean Dist.": 0.17814098621250626,
    "WER": 0.9035187287173666,
    "CER": 0.6996767937944408,
    "Cosine Dist.": 0.15917398025693907
  },
  "occ_eval_res": {
    "precision": 32.5301,
    "recall": 15.3235,
    "f-score": 20.8333
  },
  "clean_eval": {
    "f-score": 1.7871649065800164,
    "precision": 1.301775147928994,
    "recall": 2.849740932642487,
    "tp": 11,
    "fp": 834,
    "fn": 375
  },
  "jaccard": [
    0.6226215644820295
  ],
  "braycurtis": [
    0.44621068912184225
  ],
  "dice": [
    0.45203376822716806
  ],
  "cosinus": [
    0.14491200185387199
  ]
}