{
  "voc_eval_res": {
    "precision": 10.0671,
    "recall": 0.8347,
    "f-score": 1.5416
  },
  "KL_res": {
    "KL divergence": 4.043305613215132,
    "Euclidean Dist.": 0.39597277469123077,
    "WER": 0.9834303627407076,
    "CER": 0.8395744942507533,
    "Cosine Dist.": 0.8267507724762511
  },
  "occ_eval_res": {
    "precision": 9.8253,
    "recall": 2.0152,
    "f-score": 3.3445
  },
  "clean_eval": {
    "f-score": 0.3923107100823852,
    "precision": 0.23730422401518747,
    "recall": 1.1312217194570136,
    "tp": 5,
    "fp": 2102,
    "fn": 437
  },
  "jaccard": [
    0.9925965097831835
  ],
  "braycurtis": [
    0.9618380062305296
  ],
  "dice": [
    0.9853018372703412
  ],
  "cosinus": [
    0.8769548879945785
  ]
}