{
  "voc_eval_res": {
    "precision": 18.9394,
    "recall": 3.87,
    "f-score": 6.4267
  },
  "KL_res": {
    "KL divergence": 4.141807640509581,
    "Euclidean Dist.": 0.18811053694789986,
    "WER": 0.9484662576687116,
    "CER": 0.7501666666666666,
    "Cosine Dist.": 0.42166859112072685
  },
  "occ_eval_res": {
    "precision": 17.907,
    "recall": 9.4479,
    "f-score": 12.3695
  },
  "clean_eval": {
    "f-score": 4.259094942324756,
    "precision": 3.1413612565445024,
    "recall": 6.6115702479338845,
    "tp": 24,
    "fp": 740,
    "fn": 339
  },
  "jaccard": [
    0.3673469387755102
  ],
  "braycurtis": [
    0.31581702083115254
  ],
  "dice": [
    0.225
  ],
  "cosinus": [
    0.04917477782476787
  ]
}