{
  "voc_eval_res": {
    "precision": 6.3348,
    "recall": 1.8325,
    "f-score": 2.8426
  },
  "KL_res": {
    "KL divergence": 4.638719525117506,
    "Euclidean Dist.": 0.22758406090411132,
    "WER": 0.9804639804639804,
    "CER": 0.7477913590705555,
    "Cosine Dist.": 0.5960032451446753
  },
  "occ_eval_res": {
    "precision": 6.2651,
    "recall": 3.1746,
    "f-score": 4.2139
  },
  "clean_eval": {
    "f-score": 0.5141388174807198,
    "precision": 0.3841229193341869,
    "recall": 0.7772020725388601,
    "tp": 3,
    "fp": 778,
    "fn": 383
  },
  "jaccard": [
    0.9885057471264368
  ],
  "braycurtis": [
    0.966804979253112
  ],
  "dice": [
    0.9772727272727273
  ],
  "cosinus": [
    0.7170626886068008
  ]
}