{
  "voc_eval_res": {
    "precision": 66.6667,
    "recall": 5.9937,
    "f-score": 10.9986
  },
  "KL_res": {
    "KL divergence": 5.163339307084127,
    "Euclidean Dist.": 0.22098638461470418,
    "WER": 0.9570494864612512,
    "CER": 0.9110407876230661,
    "Cosine Dist.": 0.807054250649166
  },
  "occ_eval_res": {
    "precision": 68.4211,
    "recall": 4.8553,
    "f-score": 9.0671
  },
  "clean_eval": {
    "f-score": 6.811731315042574,
    "precision": 3.6290322580645165,
    "recall": 55.38461538461539,
    "tp": 36,
    "fp": 956,
    "fn": 29
  },
  "jaccard": [
    0.5230769230769231
  ],
  "braycurtis": [
    0.8131487889273357
  ],
  "dice": [
    0.3541666666666667
  ],
  "cosinus": [
    0.06175698869178636
  ]
}