{
  "voc_eval_res": {
    "precision": 28.8732,
    "recall": 1.3299,
    "f-score": 2.5426
  },
  "KL_res": {
    "KL divergence": 3.705122122546366,
    "Euclidean Dist.": 0.24958270113250713,
    "WER": 0.977424956586455,
    "CER": 0.8947456046883324,
    "Cosine Dist.": 0.8178831136031094
  },
  "occ_eval_res": {
    "precision": 23.741,
    "recall": 2.456,
    "f-score": 4.4514
  },
  "clean_eval": {
    "f-score": 1.0536398467432948,
    "precision": 0.5851063829787234,
    "recall": 5.288461538461538,
    "tp": 22,
    "fp": 3738,
    "fn": 394
  },
  "jaccard": [
    0.4807692307692308
  ],
  "braycurtis": [
    0.7818256724148078
  ],
  "dice": [
    0.31645569620253167
  ],
  "cosinus": [
    0.03819251943005619
  ]
}