{
  "voc_eval_res": {
    "precision": 36.5672,
    "recall": 2.4561,
    "f-score": 4.6031
  },
  "KL_res": {
    "KL divergence": 3.845466645875261,
    "Euclidean Dist.": 0.24292492026880977,
    "WER": 0.9663299663299664,
    "CER": 0.8842083738050202,
    "Cosine Dist.": 0.6529050514520339
  },
  "occ_eval_res": {
    "precision": 27.1868,
    "recall": 4.8401,
    "f-score": 8.2172
  },
  "clean_eval": {
    "f-score": 1.592990840302668,
    "precision": 0.9569377990430622,
    "recall": 4.750593824228028,
    "tp": 20,
    "fp": 2070,
    "fn": 401
  },
  "jaccard": [
    0.4909090909090909
  ],
  "braycurtis": [
    0.7238222721188307
  ],
  "dice": [
    0.3253012048192771
  ],
  "cosinus": [
    0.03420861170219325
  ]
}