{
  "voc_eval_res": {
    "precision": 4.5846,
    "recall": 25.8449,
    "f-score": 7.7877
  },
  "KL_res": {
    "KL divergence": 1.049952780530908,
    "Euclidean Dist.": 0.11354485001169164,
    "WER": 2.8499799292048316,
    "CER": 1.8899314651284322,
    "Cosine Dist.": 0.4420309526122945
  },
  "occ_eval_res": {
    "precision": 16.2413,
    "recall": 50.4653,
    "f-score": 24.574
  },
  "clean_eval": {
    "f-score": 8.46476766715388,
    "precision": 18.790794189775514,
    "recall": 5.462811639666122,
    "tp": 9961,
    "fp": 43049,
    "fn": 172381
  },
  "jaccard": [
    0.9522753740034041
  ],
  "braycurtis": [
    0.703430513603569
  ],
  "dice": [
    0.908898531517859
  ],
  "cosinus": [
    0.16491700127250464
  ]
}