{
  "voc_eval_res": {
    "precision": 10.4478,
    "recall": 0.4851,
    "f-score": 0.9272
  },
  "KL_res": {
    "KL divergence": 4.4968529148461185,
    "Euclidean Dist.": 0.21951689290465137,
    "WER": 0.9928272564255828,
    "CER": 0.9296783739584145,
    "Cosine Dist.": 0.9134747237203712
  },
  "occ_eval_res": {
    "precision": 9.7561,
    "recall": 0.7173,
    "f-score": 1.3363
  },
  "clean_eval": {
    "f-score": 1.3110846245530394,
    "precision": 0.7055805003207184,
    "recall": 9.243697478991598,
    "tp": 11,
    "fp": 1548,
    "fn": 108
  },
  "jaccard": [
    0.9924554183813443
  ],
  "braycurtis": [
    0.982837528604119
  ],
  "dice": [
    0.9850238257317904
  ],
  "cosinus": [
    0.9466846690816427
  ]
}