{
  "voc_eval_res": {
    "precision": 7.947,
    "recall": 2.4717,
    "f-score": 3.7706
  },
  "KL_res": {
    "KL divergence": 4.313077473523416,
    "Euclidean Dist.": 0.16447559400802383,
    "WER": 0.97789566755084,
    "CER": 0.7287351892881225,
    "Cosine Dist.": 0.7871267818774405
  },
  "occ_eval_res": {
    "precision": 6.7974,
    "recall": 4.5977,
    "f-score": 5.4852
  },
  "clean_eval": {
    "f-score": 0.3293084522502744,
    "precision": 0.2757352941176471,
    "recall": 0.4087193460490463,
    "tp": 3,
    "fp": 1085,
    "fn": 731
  },
  "jaccard": [
    0.6547806879141685
  ],
  "braycurtis": [
    0.43996052768255944
  ],
  "dice": [
    0.48674642270701385
  ],
  "cosinus": [
    0.20111561262840738
  ]
}