{
  "voc_eval_res": {
    "precision": 27.1186,
    "recall": 2.2583,
    "f-score": 4.1694
  },
  "KL_res": {
    "KL divergence": 4.269809715900776,
    "Euclidean Dist.": 0.21998635447324014,
    "WER": 0.9660377358490566,
    "CER": 0.8384571935770193,
    "Cosine Dist.": 0.6305426070849439
  },
  "occ_eval_res": {
    "precision": 26.3492,
    "recall": 4.4744,
    "f-score": 7.6498
  },
  "clean_eval": {
    "f-score": 2.6535626535626538,
    "precision": 1.5570934256055362,
    "recall": 8.970099667774086,
    "tp": 27,
    "fp": 1707,
    "fn": 274
  },
  "jaccard": [
    0.9779462439696761
  ],
  "braycurtis": [
    0.9200415368639667
  ],
  "dice": [
    0.956844234659474
  ],
  "cosinus": [
    0.6013537474032193
  ]
}