{
  "voc_eval_res": {
    "precision": 13.4409,
    "recall": 4.0584,
    "f-score": 6.2344
  },
  "KL_res": {
    "KL divergence": 4.1318853104020725,
    "Euclidean Dist.": 0.1450236205343627,
    "WER": 0.9346590909090909,
    "CER": 0.7027579162410623,
    "Cosine Dist.": 0.30230194108624087
  },
  "occ_eval_res": {
    "precision": 19.8847,
    "recall": 9.8011,
    "f-score": 13.1304
  },
  "clean_eval": {
    "f-score": 0.7820136852394917,
    "precision": 0.5788712011577424,
    "recall": 1.2048192771084338,
    "tp": 4,
    "fp": 687,
    "fn": 328
  },
  "jaccard": [
    0.9647979139504563
  ],
  "braycurtis": [
    0.8597156398104265
  ],
  "dice": [
    0.9319899244332494
  ],
  "cosinus": [
    0.4323066849611714
  ]
}