{
  "voc_eval_res": {
    "precision": 44.4444,
    "recall": 34.6667,
    "f-score": 38.9513
  },
  "KL_res": {
    "KL divergence": 2.3907543965600864,
    "Euclidean Dist.": 0.11406926734815007,
    "WER": 0.7783783783783784,
    "CER": 0.5741935483870968,
    "Cosine Dist.": 0.2738626623096345
  },
  "occ_eval_res": {
    "precision": 42.7746,
    "recall": 40.0,
    "f-score": 41.3408
  },
  "clean_eval": {
    "f-score": 34.54545454545455,
    "precision": 33.52941176470588,
    "recall": 35.625,
    "tp": 57,
    "fp": 113,
    "fn": 103
  },
  "jaccard": [
    0.2
  ],
  "braycurtis": [
    0.07550280250576986
  ],
  "dice": [
    0.1111111111111111
  ],
  "cosinus": [
    0.00691160156472137
  ]
}