{
  "voc_eval_res": {
    "precision": 4.6968,
    "recall": 26.7458,
    "f-score": 7.9905
  },
  "KL_res": {
    "KL divergence": 0.8558900958870337,
    "Euclidean Dist.": 0.08426069226683922,
    "WER": 1.5775187139526323,
    "CER": 1.007257843454858,
    "Cosine Dist.": 0.3182283891746467
  },
  "occ_eval_res": {
    "precision": 25.1194,
    "recall": 46.3934,
    "f-score": 32.592
  },
  "clean_eval": {
    "f-score": 12.611846100884694,
    "precision": 18.717341640706124,
    "recall": 9.50980061116645,
    "tp": 22531,
    "fp": 97844,
    "fn": 214393
  },
  "jaccard": [
    0.835316795172645
  ],
  "braycurtis": [
    0.4326783512057565
  ],
  "dice": [
    0.7172051521911204
  ],
  "cosinus": [
    0.08024640907821978
  ]
}