{
  "voc_eval_res": {
    "precision": 66.2548,
    "recall": 93.8812,
    "f-score": 77.685
  },
  "KL_res": {
    "KL divergence": 0.04896295833499084,
    "Euclidean Dist.": 0.016447435765037818,
    "WER": 0.19018944369003363,
    "CER": 0.10244045583280206,
    "Cosine Dist.": 0.004517691982498295
  },
  "occ_eval_res": {
    "precision": 85.6445,
    "recall": 96.3241,
    "f-score": 90.6709
  },
  "clean_eval": {
    "f-score": 81.18873170289179,
    "precision": 88.82181576166596,
    "recall": 74.7637557310427,
    "tp": 152142,
    "fp": 19147,
    "fn": 51355
  },
  "jaccard": [
    0.3350654170919551
  ],
  "braycurtis": [
    0.08594582341607163
  ],
  "dice": [
    0.20124839770383993
  ],
  "cosinus": [
    0.006581950519350066
  ]
}