{
  "voc_eval_res": {
    "precision": 74.2652,
    "recall": 92.5047,
    "f-score": 82.3875
  },
  "KL_res": {
    "KL divergence": 0.050052723551900075,
    "Euclidean Dist.": 0.01479253730595497,
    "WER": 0.16355564197290817,
    "CER": 0.09514147680036278,
    "Cosine Dist.": 0.00641832978515644
  },
  "occ_eval_res": {
    "precision": 86.5751,
    "recall": 95.5895,
    "f-score": 90.8592
  },
  "clean_eval": {
    "f-score": 84.22575516693163,
    "precision": 89.42340152589293,
    "recall": 79.5991345633752,
    "tp": 26489,
    "fp": 3133,
    "fn": 6789
  },
  "jaccard": [
    0.29243250095069084
  ],
  "braycurtis": [
    0.09129769988326784
  ],
  "dice": [
    0.17125677381040755
  ],
  "cosinus": [
    0.0105067567387922
  ]
}