{
  "voc_eval_res": {
    "precision": 45.2381,
    "recall": 1.7653,
    "f-score": 3.3979
  },
  "KL_res": {
    "KL divergence": 3.524014082954682,
    "Euclidean Dist.": 0.23742870505543615,
    "WER": 0.971156196528966,
    "CER": 0.9122386313788565,
    "Cosine Dist.": 0.5853092674607652
  },
  "occ_eval_res": {
    "precision": 39.8664,
    "recall": 4.3755,
    "f-score": 7.8855
  },
  "clean_eval": {
    "f-score": 1.7857142857142856,
    "precision": 0.9939260077305356,
    "recall": 8.780487804878048,
    "tp": 36,
    "fp": 3586,
    "fn": 374
  },
  "jaccard": [
    0.4727272727272727
  ],
  "braycurtis": [
    0.8077868322338637
  ],
  "dice": [
    0.30952380952380953
  ],
  "cosinus": [
    0.04452192508173236
  ]
}