{
  "voc_eval_res": {
    "precision": 16.6667,
    "recall": 0.375,
    "f-score": 0.7335
  },
  "KL_res": {
    "KL divergence": 4.389609289986721,
    "Euclidean Dist.": 0.505744712697286,
    "WER": 0.9852266938359654,
    "CER": 0.9319666300200479,
    "Cosine Dist.": 0.6484925827919479
  },
  "occ_eval_res": {
    "precision": 21.1268,
    "recall": 1.5283,
    "f-score": 2.8504
  },
  "clean_eval": {
    "f-score": 1.56479217603912,
    "precision": 0.8398950131233596,
    "recall": 11.428571428571429,
    "tp": 16,
    "fp": 1889,
    "fn": 124
  },
  "jaccard": [
    0.3953488372093023
  ],
  "braycurtis": [
    0.861895342564287
  ],
  "dice": [
    0.2463768115942029
  ],
  "cosinus": [
    0.09905561622256298
  ]
}