{
  "voc_eval_res": {
    "precision": 11.9565,
    "recall": 0.5908,
    "f-score": 1.1259
  },
  "KL_res": {
    "KL divergence": 4.159852310291416,
    "Euclidean Dist.": 0.4628582577994254,
    "WER": 0.984506418769367,
    "CER": 0.8573019221753398,
    "Cosine Dist.": 0.831097658038214
  },
  "occ_eval_res": {
    "precision": 8.4416,
    "recall": 1.7264,
    "f-score": 2.8666
  },
  "clean_eval": {
    "f-score": 0.3085229463941381,
    "precision": 0.18735362997658078,
    "recall": 0.8733624454148471,
    "tp": 4,
    "fp": 2131,
    "fn": 454
  },
  "jaccard": [
    0.4375
  ],
  "braycurtis": [
    0.6986859331813994
  ],
  "dice": [
    0.28
  ],
  "cosinus": [
    0.0987393027487935
  ]
}