{
  "voc_eval_res": {
    "precision": 8.3333,
    "recall": 0.3777,
    "f-score": 0.7227
  },
  "KL_res": {
    "KL divergence": 4.598423884668647,
    "Euclidean Dist.": 0.4189120262121783,
    "WER": 0.9851398601398601,
    "CER": 0.9083322205901989,
    "Cosine Dist.": 0.7242655556031079
  },
  "occ_eval_res": {
    "precision": 8.2251,
    "recall": 1.6608,
    "f-score": 2.7636
  },
  "clean_eval": {
    "f-score": 0.47543581616481784,
    "precision": 0.2909796314258002,
    "recall": 1.2987012987012987,
    "tp": 3,
    "fp": 1028,
    "fn": 228
  },
  "jaccard": [
    0.4666666666666667
  ],
  "braycurtis": [
    0.7913877865308299
  ],
  "dice": [
    0.30434782608695654
  ],
  "cosinus": [
    0.11141180481678326
  ]
}