{
  "voc_eval_res": {
    "precision": 82.1946,
    "recall": 57.3699,
    "f-score": 67.5745
  },
  "KL_res": {
    "KL divergence": 0.6688653298771032,
    "Euclidean Dist.": 0.05066588975170773,
    "WER": 0.37606837606837606,
    "CER": 0.2562814070351759,
    "Cosine Dist.": 0.021265417520973773
  },
  "occ_eval_res": {
    "precision": 82.1622,
    "recall": 70.8625,
    "f-score": 76.0951
  },
  "clean_eval": {
    "f-score": 69.63216424294268,
    "precision": 65.22435897435898,
    "recall": 74.6788990825688,
    "tp": 814,
    "fp": 434,
    "fn": 276
  },
  "jaccard": [
    0.4126984126984127
  ],
  "braycurtis": [
    0.032461936225222636
  ],
  "dice": [
    0.26
  ],
  "cosinus": [
    0.0013831018761589764
  ]
}