{
  "voc_eval_res": {
    "precision": 15.3125,
    "recall": 0.6734,
    "f-score": 1.29
  },
  "KL_res": {
    "KL divergence": 3.348553163077405,
    "Euclidean Dist.": 0.2040367811045819,
    "WER": 0.9846043680630147,
    "CER": 0.9098047955531666,
    "Cosine Dist.": 0.7782958132006172
  },
  "occ_eval_res": {
    "precision": 20.3373,
    "recall": 1.8349,
    "f-score": 3.3662
  },
  "clean_eval": {
    "f-score": 0.45879654137991877,
    "precision": 0.2512320030920862,
    "recall": 2.6395939086294415,
    "tp": 26,
    "fp": 10323,
    "fn": 959
  },
  "jaccard": [
    0.4727272727272727
  ],
  "braycurtis": [
    0.8090165849100678
  ],
  "dice": [
    0.30952380952380953
  ],
  "cosinus": [
    0.030007312318910295
  ]
}