{
  "voc_eval_res": {
    "precision": 80.8989,
    "recall": 25.7143,
    "f-score": 39.0244
  },
  "KL_res": {
    "KL divergence": 3.858091845771183,
    "Euclidean Dist.": 0.3302858914444354,
    "WER": 0.7587131367292225,
    "CER": 0.5397815912636506,
    "Cosine Dist.": 0.6198669705743972
  },
  "occ_eval_res": {
    "precision": 79.6813,
    "recall": 26.8097,
    "f-score": 40.1204
  },
  "clean_eval": {
    "f-score": 18.533604887983707,
    "precision": 12.448700410396716,
    "recall": 36.254980079681275,
    "tp": 91,
    "fp": 640,
    "fn": 160
  },
  "jaccard": [
    0.6260971328262142
  ],
  "braycurtis": [
    0.36547824721218786
  ],
  "dice": [
    0.4557069846678024
  ],
  "cosinus": [
    0.36359781947736447
  ]
}