{
  "voc_eval_res": {
    "precision": 7.9167,
    "recall": 0.4518,
    "f-score": 0.8549
  },
  "KL_res": {
    "KL divergence": 3.6470212822653316,
    "Euclidean Dist.": 0.30938479711509587,
    "WER": 0.9898299140803086,
    "CER": 0.811369329251322,
    "Cosine Dist.": 0.9014323824800909
  },
  "occ_eval_res": {
    "precision": 5.56,
    "recall": 1.2274,
    "f-score": 2.0109
  },
  "clean_eval": {
    "f-score": 0.06042296072507554,
    "precision": 0.03723008190618019,
    "recall": 0.16025641025641024,
    "tp": 2,
    "fp": 5370,
    "fn": 1246
  },
  "jaccard": [
    0.8127309371850857
  ],
  "braycurtis": [
    0.7029378591761104
  ],
  "dice": [
    0.6845381242042722
  ],
  "cosinus": [
    0.35899590222302846
  ]
}