{
  "voc_eval_res": {
    "precision": 75.0,
    "recall": 28.125,
    "f-score": 40.9091
  },
  "KL_res": {
    "KL divergence": 1.8749232212126046,
    "Euclidean Dist.": 0.23933391516638505,
    "WER": 0.56,
    "CER": 0.4983344437041972,
    "Cosine Dist.": 0.048212828374574745
  },
  "occ_eval_res": {
    "precision": 83.4483,
    "recall": 48.4,
    "f-score": 61.2658
  },
  "clean_eval": {
    "f-score": 56.476683937823836,
    "precision": 44.8559670781893,
    "recall": 76.22377622377621,
    "tp": 109,
    "fp": 134,
    "fn": 34
  },
  "jaccard": [
    0.6013590033975085
  ],
  "braycurtis": [
    0.3068936877076412
  ],
  "dice": [
    0.42995951417004047
  ],
  "cosinus": [
    0.06264216961398517
  ]
}