{
  "voc_eval_res": {
    "precision": 18.1325,
    "recall": 38.121,
    "f-score": 24.5755
  },
  "KL_res": {
    "KL divergence": 0.4924222627618175,
    "Euclidean Dist.": 0.04452540484728168,
    "WER": 0.6312480834099969,
    "CER": 0.20786831147494547,
    "Cosine Dist.": 0.09015002400542316
  },
  "occ_eval_res": {
    "precision": 49.6068,
    "recall": 51.9837,
    "f-score": 50.7674
  },
  "clean_eval": {
    "f-score": 37.77212436641874,
    "precision": 37.944556077957046,
    "recall": 37.60125273068223,
    "tp": 19450,
    "fp": 31809,
    "fn": 32277
  },
  "jaccard": [
    0.7215978237525951
  ],
  "braycurtis": [
    0.21684427478892468
  ],
  "dice": [
    0.5644529062604995
  ],
  "cosinus": [
    0.034337170607075196
  ]
}