{
  "voc_eval_res": {
    "precision": 65.4709,
    "recall": 20.0,
    "f-score": 30.6401
  },
  "KL_res": {
    "KL divergence": 2.0080730450703874,
    "Euclidean Dist.": 0.14312489713229282,
    "WER": 0.6708302718589273,
    "CER": 0.522619367553525,
    "Cosine Dist.": 0.15025068767707705
  },
  "occ_eval_res": {
    "precision": 74.2616,
    "recall": 38.795,
    "f-score": 50.9653
  },
  "clean_eval": {
    "f-score": 25.288509784244855,
    "precision": 19.33998465080583,
    "recall": 36.52173913043478,
    "tp": 252,
    "fp": 1051,
    "fn": 438
  },
  "jaccard": [
    0.5943645435867332
  ],
  "braycurtis": [
    0.2898802103095019
  ],
  "dice": [
    0.4228440175401963
  ],
  "cosinus": [
    0.07984098304645804
  ]
}