{
  "voc_eval_res": {
    "precision": 72.8571,
    "recall": 36.2559,
    "f-score": 48.4177
  },
  "KL_res": {
    "KL divergence": 1.1329399714390918,
    "Euclidean Dist.": 0.09275742949515135,
    "WER": 0.5334750265674814,
    "CER": 0.39281210592686,
    "Cosine Dist.": 0.03399113651872265
  },
  "occ_eval_res": {
    "precision": 77.8873,
    "recall": 58.7673,
    "f-score": 66.9897
  },
  "clean_eval": {
    "f-score": 37.10575139146568,
    "precision": 32.50270855904659,
    "recall": 43.22766570605187,
    "tp": 300,
    "fp": 623,
    "fn": 394
  },
  "jaccard": [
    0.4279197080291971
  ],
  "braycurtis": [
    0.15601217656012176
  ],
  "dice": [
    0.2721996517701683
  ],
  "cosinus": [
    0.019699907219193458
  ]
}