{
  "voc_eval_res": {
    "precision": 23.5294,
    "recall": 2.9304,
    "f-score": 5.2117
  },
  "KL_res": {
    "KL divergence": 4.244528003706759,
    "Euclidean Dist.": 0.2108842086738344,
    "WER": 0.9549274255156608,
    "CER": 0.8280568192368397,
    "Cosine Dist.": 0.5722354250256826
  },
  "occ_eval_res": {
    "precision": 20.2346,
    "recall": 5.2712,
    "f-score": 8.3636
  },
  "clean_eval": {
    "f-score": 0.520494469746259,
    "precision": 0.333889816360601,
    "recall": 1.1799410029498525,
    "tp": 4,
    "fp": 1194,
    "fn": 335
  },
  "jaccard": [
    0.8154339363407374
  ],
  "braycurtis": [
    0.6744271715906579
  ],
  "dice": [
    0.6883819833752175
  ],
  "cosinus": [
    0.24655913472066326
  ]
}