{
  "voc_eval_res": {
    "precision": 11.1111,
    "recall": 0.4719,
    "f-score": 0.9054
  },
  "KL_res": {
    "KL divergence": 4.177190834056701,
    "Euclidean Dist.": 0.24534287658167384,
    "WER": 0.9921500218054949,
    "CER": 0.918808962264151,
    "Cosine Dist.": 0.8522006914701808
  },
  "occ_eval_res": {
    "precision": 12.7551,
    "recall": 1.0903,
    "f-score": 2.0088
  },
  "clean_eval": {
    "f-score": 0.8752735229759301,
    "precision": 0.4777830864787387,
    "recall": 5.208333333333334,
    "tp": 10,
    "fp": 2083,
    "fn": 182
  },
  "jaccard": [
    0.9948533196088523
  ],
  "braycurtis": [
    0.9740802675585284
  ],
  "dice": [
    0.9897593445980543
  ],
  "cosinus": [
    0.8765157384053257
  ]
}