{
  "voc_eval_res": {
    "precision": 12.3288,
    "recall": 0.5668,
    "f-score": 1.0837
  },
  "KL_res": {
    "KL divergence": 4.346556605619374,
    "Euclidean Dist.": 0.23180060032354657,
    "WER": 0.9910195456946645,
    "CER": 0.9269861464517953,
    "Cosine Dist.": 0.8208597885990925
  },
  "occ_eval_res": {
    "precision": 15.3846,
    "recall": 1.1622,
    "f-score": 2.1611
  },
  "clean_eval": {
    "f-score": 1.5948963317384368,
    "precision": 0.8610792192881744,
    "recall": 10.79136690647482,
    "tp": 15,
    "fp": 1727,
    "fn": 124
  },
  "jaccard": [
    0.9944064636420137
  ],
  "braycurtis": [
    0.9694966954753431
  ],
  "dice": [
    0.9888751545117429
  ],
  "cosinus": [
    0.8275054826724846
  ]
}