{
  "voc_eval_res": {
    "precision": 13.75,
    "recall": 0.5478,
    "f-score": 1.0536
  },
  "KL_res": {
    "KL divergence": 5.038123558726601,
    "Euclidean Dist.": 0.5059986146183278,
    "WER": 0.9889366933005531,
    "CER": 0.8748390419778522,
    "Cosine Dist.": 0.958739560398249
  },
  "occ_eval_res": {
    "precision": 12.1951,
    "recall": 1.3829,
    "f-score": 2.4841
  },
  "clean_eval": {
    "f-score": 0.23378141437755698,
    "precision": 0.13097576948264572,
    "recall": 1.0869565217391304,
    "tp": 4,
    "fp": 3050,
    "fn": 364
  },
  "jaccard": [
    0.8739987010175363
  ],
  "braycurtis": [
    0.7965582169286684
  ],
  "dice": [
    0.7761968852143819
  ],
  "cosinus": [
    0.48591788548381276
  ]
}