{
  "voc_eval_res": {
    "precision": 39.3939,
    "recall": 0.3728,
    "f-score": 0.7386
  },
  "KL_res": {
    "KL divergence": 5.473306740221481,
    "Euclidean Dist.": 0.3379589263706327,
    "WER": 0.9973605691989901,
    "CER": 0.977645081918022,
    "Cosine Dist.": 0.9846357833213747
  },
  "occ_eval_res": {
    "precision": 34.7826,
    "recall": 0.3672,
    "f-score": 0.7268
  },
  "clean_eval": {
    "f-score": 0.4265529192215409,
    "precision": 0.21577882670262982,
    "recall": 18.39080459770115,
    "tp": 16,
    "fp": 7399,
    "fn": 71
  },
  "jaccard": [
    0.5517241379310345
  ],
  "braycurtis": [
    0.9563509626023456
  ],
  "dice": [
    0.38095238095238093
  ],
  "cosinus": [
    0.19082396777823207
  ]
}