{
  "voc_eval_res": {
    "precision": 53.9855,
    "recall": 52.4648,
    "f-score": 53.2143
  },
  "KL_res": {
    "KL divergence": 1.6957694370262946,
    "Euclidean Dist.": 0.4082133173819902,
    "WER": 0.8782679738562091,
    "CER": 0.909828606097376,
    "Cosine Dist.": 0.6138827289557235
  },
  "occ_eval_res": {
    "precision": 51.8909,
    "recall": 44.281,
    "f-score": 47.7849
  },
  "clean_eval": {
    "f-score": 25.00563189907637,
    "precision": 23.000414421881477,
    "recall": 27.393879565646596,
    "tp": 555,
    "fp": 1858,
    "fn": 1471
  },
  "jaccard": [
    0.42066192390968143
  ],
  "braycurtis": [
    0.3653104392186139
  ],
  "dice": [
    0.2663533098315707
  ],
  "cosinus": [
    0.4279511763142848
  ]
}