{
  "voc_eval_res": {
    "precision": 57.3034,
    "recall": 44.3478,
    "f-score": 50.0
  },
  "KL_res": {
    "KL divergence": 0.9284196379814207,
    "Euclidean Dist.": 0.07894037670104877,
    "WER": 0.9635499207606973,
    "CER": 0.8621451104100947,
    "Cosine Dist.": 0.03218524580726023
  },
  "occ_eval_res": {
    "precision": 54.0764,
    "recall": 67.2742,
    "f-score": 59.9576
  },
  "clean_eval": {
    "f-score": 36.1794500723589,
    "precision": 40.22526146419952,
    "recall": 32.87310979618672,
    "tp": 500,
    "fp": 743,
    "fn": 1021
  },
  "jaccard": [
    0.4233197177868548
  ],
  "braycurtis": [
    0.24303213207882124
  ],
  "dice": [
    0.2684879886952426
  ],
  "cosinus": [
    0.026308291529269168
  ]
}