{
  "voc_eval_res": {
    "precision": 27.8912,
    "recall": 2.9927,
    "f-score": 5.4054
  },
  "KL_res": {
    "KL divergence": 4.167527550134862,
    "Euclidean Dist.": 0.2722521238953575,
    "WER": 0.9393792434529583,
    "CER": 0.7937036476464356,
    "Cosine Dist.": 0.37949189565843233
  },
  "occ_eval_res": {
    "precision": 29.3173,
    "recall": 7.0805,
    "f-score": 11.4062
  },
  "clean_eval": {
    "f-score": 0.9606986899563319,
    "precision": 0.6124721603563474,
    "recall": 2.2267206477732793,
    "tp": 11,
    "fp": 1785,
    "fn": 483
  },
  "jaccard": [
    0.5178571428571429
  ],
  "braycurtis": [
    0.526109806552611
  ],
  "dice": [
    0.3493975903614458
  ],
  "cosinus": [
    0.01867154299922713
  ]
}