{
  "voc_eval_res": {
    "precision": 90.9091,
    "recall": 14.3885,
    "f-score": 24.8447
  },
  "KL_res": {
    "KL divergence": 1.6542028884209792,
    "Euclidean Dist.": 0.24414850167334956,
    "WER": 0.5432098765432098,
    "CER": 0.4623055444754687,
    "Cosine Dist.": 0.02270980215829066
  },
  "occ_eval_res": {
    "precision": 88.0208,
    "recall": 52.1605,
    "f-score": 65.5039
  },
  "clean_eval": {
    "f-score": 61.386138613861384,
    "precision": 49.67948717948718,
    "recall": 80.31088082901555,
    "tp": 155,
    "fp": 157,
    "fn": 38
  },
  "jaccard": [
    0.48936170212765956
  ],
  "braycurtis": [
    0.21394230769230768
  ],
  "dice": [
    0.323943661971831
  ],
  "cosinus": [
    0.012532083627563195
  ]
}