{
  "voc_eval_res": {
    "precision": 60.3964,
    "recall": 90.9032,
    "f-score": 72.5742
  },
  "KL_res": {
    "KL divergence": 0.0824937546819746,
    "Euclidean Dist.": 0.02265602155234373,
    "WER": 0.28522760936111385,
    "CER": 0.14440158415550317,
    "Cosine Dist.": 0.01289862906100847
  },
  "occ_eval_res": {
    "precision": 79.1141,
    "recall": 93.5776,
    "f-score": 85.7401
  },
  "clean_eval": {
    "f-score": 74.63255331301532,
    "precision": 84.78814356901556,
    "recall": 66.64953431143506,
    "tp": 85586,
    "fp": 15355,
    "fn": 42826
  },
  "jaccard": [
    0.40064695009242146
  ],
  "braycurtis": [
    0.12696576001249885
  ],
  "dice": [
    0.25050563420976596
  ],
  "cosinus": [
    0.010016472062265636
  ]
}