{
  "voc_eval_res": {
    "precision": 20.8333,
    "recall": 0.9625,
    "f-score": 1.8399
  },
  "KL_res": {
    "KL divergence": 4.616073812445207,
    "Euclidean Dist.": 0.4475801326037104,
    "WER": 0.9750830564784053,
    "CER": 0.937904468412943,
    "Cosine Dist.": 0.5203622222972077
  },
  "occ_eval_res": {
    "precision": 23.4483,
    "recall": 2.8239,
    "f-score": 5.0408
  },
  "clean_eval": {
    "f-score": 3.9586919104991396,
    "precision": 2.2571148184494603,
    "recall": 16.083916083916083,
    "tp": 23,
    "fp": 996,
    "fn": 120
  },
  "jaccard": [
    0.9921645445641528
  ],
  "braycurtis": [
    0.9480940794809408
  ],
  "dice": [
    0.9844509232264335
  ],
  "cosinus": [
    0.5734639522096032
  ]
}