{
  "voc_eval_res": {
    "precision": 69.5787,
    "recall": 94.1632,
    "f-score": 80.0254
  },
  "KL_res": {
    "KL divergence": 0.057768288012263115,
    "Euclidean Dist.": 0.01868587432748793,
    "WER": 0.20028823571276066,
    "CER": 0.10106947130618665,
    "Cosine Dist.": 0.010512996968338406
  },
  "occ_eval_res": {
    "precision": 84.5822,
    "recall": 96.6034,
    "f-score": 90.194
  },
  "clean_eval": {
    "f-score": 81.31868131868131,
    "precision": 89.9465182864243,
    "recall": 74.20116760996478,
    "tp": 49950,
    "fp": 5583,
    "fn": 17367
  },
  "jaccard": [
    0.6663968619637631
  ],
  "braycurtis": [
    0.08531037840388768
  ],
  "dice": [
    0.4996965311172324
  ],
  "cosinus": [
    0.006818975961762841
  ]
}