{
  "voc_eval_res": {
    "precision": 72.2359,
    "recall": 52.4064,
    "f-score": 60.7438
  },
  "KL_res": {
    "KL divergence": 0.7970547475488838,
    "Euclidean Dist.": 0.07628856386675331,
    "WER": 0.426510989010989,
    "CER": 0.3164704059497986,
    "Cosine Dist.": 0.01921394698615142
  },
  "occ_eval_res": {
    "precision": 77.5557,
    "recall": 69.2995,
    "f-score": 73.1955
  },
  "clean_eval": {
    "f-score": 54.10018552875696,
    "precision": 51.37420718816068,
    "recall": 57.13166144200626,
    "tp": 729,
    "fp": 690,
    "fn": 547
  },
  "jaccard": [
    0.3220338983050847
  ],
  "braycurtis": [
    0.04591133004926108
  ],
  "dice": [
    0.1919191919191919
  ],
  "cosinus": [
    0.0031722987516678014
  ]
}