{
  "voc_eval_res": {
    "precision": 46.875,
    "recall": 0.8165,
    "f-score": 1.6051
  },
  "KL_res": {
    "KL divergence": 4.737074371232562,
    "Euclidean Dist.": 0.4154919918903736,
    "WER": 0.9803312629399586,
    "CER": 0.9123955161018596,
    "Cosine Dist.": 0.7912618921011152
  },
  "occ_eval_res": {
    "precision": 29.148,
    "recall": 2.2429,
    "f-score": 4.1653
  },
  "clean_eval": {
    "f-score": 0.5329272934906738,
    "precision": 0.2911813643926789,
    "recall": 3.1390134529147984,
    "tp": 7,
    "fp": 2397,
    "fn": 216
  },
  "jaccard": [
    0.9581832419733751
  ],
  "braycurtis": [
    0.8471437363621105
  ],
  "dice": [
    0.9197233914612146
  ],
  "cosinus": [
    0.4933568562112153
  ]
}