{
  "voc_eval_res": {
    "precision": 30.5732,
    "recall": 4.9948,
    "f-score": 8.5868
  },
  "KL_res": {
    "KL divergence": 3.8956179113330824,
    "Euclidean Dist.": 0.268563660530689,
    "WER": 0.9308426073131956,
    "CER": 0.7273154236332895,
    "Cosine Dist.": 0.5155654786137873
  },
  "occ_eval_res": {
    "precision": 18.2927,
    "recall": 10.7313,
    "f-score": 13.5271
  },
  "clean_eval": {
    "f-score": 3.5107587768969424,
    "precision": 2.6909722222222223,
    "recall": 5.048859934853421,
    "tp": 31,
    "fp": 1121,
    "fn": 583
  },
  "jaccard": [
    0.7389304197814837
  ],
  "braycurtis": [
    0.5651634513987966
  ],
  "dice": [
    0.5859553123575011
  ],
  "cosinus": [
    0.30530667163515257
  ]
}