{
  "voc_eval_res": {
    "precision": 10.3896,
    "recall": 1.5072,
    "f-score": 2.6324
  },
  "KL_res": {
    "KL divergence": 3.661023011818961,
    "Euclidean Dist.": 0.2702008053241779,
    "WER": 0.9822222222222222,
    "CER": 0.7678023374771368,
    "Cosine Dist.": 0.588868723305345
  },
  "occ_eval_res": {
    "precision": 4.4756,
    "recall": 3.4872,
    "f-score": 3.9201
  },
  "clean_eval": {
    "f-score": 0.44052863436123346,
    "precision": 0.398406374501992,
    "recall": 0.49261083743842365,
    "tp": 11,
    "fp": 2750,
    "fn": 2222
  },
  "jaccard": [
    0.8089146775682448
  ],
  "braycurtis": [
    0.5756547882899378
  ],
  "dice": [
    0.679140832595217
  ],
  "cosinus": [
    0.31144379668484756
  ]
}