{
  "voc_eval_res": {
    "precision": 12.0879,
    "recall": 5.7667,
    "f-score": 7.8083
  },
  "KL_res": {
    "KL divergence": 3.784886259695203,
    "Euclidean Dist.": 0.12611871453091103,
    "WER": 0.9515418502202643,
    "CER": 0.7230349615670717,
    "Cosine Dist.": 0.340263849657642
  },
  "occ_eval_res": {
    "precision": 14.268,
    "recall": 12.6652,
    "f-score": 13.4189
  },
  "clean_eval": {
    "f-score": 1.8170805572380377,
    "precision": 1.694915254237288,
    "recall": 1.95822454308094,
    "tp": 15,
    "fp": 870,
    "fn": 751
  },
  "jaccard": [
    0.6265441875197972
  ],
  "braycurtis": [
    0.38803701255783213
  ],
  "dice": [
    0.4561808118081181
  ],
  "cosinus": [
    0.13710788731566337
  ]
}