{
  "voc_eval_res": {
    "precision": 6.6225,
    "recall": 2.71,
    "f-score": 3.8462
  },
  "KL_res": {
    "KL divergence": 4.571580461799146,
    "Euclidean Dist.": 0.2307334266565149,
    "WER": 0.988399071925754,
    "CER": 0.7579845814977973,
    "Cosine Dist.": 0.4864822828569604
  },
  "occ_eval_res": {
    "precision": 9.2166,
    "recall": 9.2807,
    "f-score": 9.2486
  },
  "clean_eval": {
    "f-score": 1.25,
    "precision": 1.2077294685990339,
    "recall": 1.2953367875647668,
    "tp": 5,
    "fp": 409,
    "fn": 381
  },
  "jaccard": [
    0.7158634538152611
  ],
  "braycurtis": [
    0.516749723145072
  ],
  "dice": [
    0.5574667709147771
  ],
  "cosinus": [
    0.28378031418261807
  ]
}