{
  "voc_eval_res": {
    "precision": 24.1158,
    "recall": 1.5281,
    "f-score": 2.8741
  },
  "KL_res": {
    "KL divergence": 3.7599937584891485,
    "Euclidean Dist.": 0.20803514937870204,
    "WER": 0.9814372845399099,
    "CER": 0.9082982675613177,
    "Cosine Dist.": 0.8936478309956837
  },
  "occ_eval_res": {
    "precision": 26.634,
    "recall": 2.1612,
    "f-score": 3.998
  },
  "clean_eval": {
    "f-score": 0.8822003113648159,
    "precision": 0.47813247081985655,
    "recall": 5.6951423785594635,
    "tp": 34,
    "fp": 7077,
    "fn": 563
  },
  "jaccard": [
    0.5238095238095238
  ],
  "braycurtis": [
    0.8071661902817476
  ],
  "dice": [
    0.3548387096774194
  ],
  "cosinus": [
    0.04559760894040188
  ]
}