{
  "voc_eval_res": {
    "precision": 41.129,
    "recall": 3.2136,
    "f-score": 5.9614
  },
  "KL_res": {
    "KL divergence": 4.38316653059153,
    "Euclidean Dist.": 0.32520166097966063,
    "WER": 0.9459949256977166,
    "CER": 0.8088959822357921,
    "Cosine Dist.": 0.5207544513090254
  },
  "occ_eval_res": {
    "precision": 39.5492,
    "recall": 6.9953,
    "f-score": 11.8879
  },
  "clean_eval": {
    "f-score": 2.26591136287904,
    "precision": 1.3255360623781676,
    "recall": 7.79816513761468,
    "tp": 34,
    "fp": 2531,
    "fn": 402
  },
  "jaccard": [
    0.8311741723216122
  ],
  "braycurtis": [
    0.642278603229094
  ],
  "dice": [
    0.711118930330753
  ],
  "cosinus": [
    0.30224963524851933
  ]
}