{
  "voc_eval_res": {
    "precision": 7.4733,
    "recall": 0.6297,
    "f-score": 1.1615
  },
  "KL_res": {
    "KL divergence": 3.5893234042632214,
    "Euclidean Dist.": 0.17554947459313505,
    "WER": 0.9883249940433643,
    "CER": 0.835679718433788,
    "Cosine Dist.": 0.7638878807763978
  },
  "occ_eval_res": {
    "precision": 7.4074,
    "recall": 1.4296,
    "f-score": 2.3966
  },
  "clean_eval": {
    "f-score": 0.0847996608013568,
    "precision": 0.05063291139240507,
    "recall": 0.2607561929595828,
    "tp": 2,
    "fp": 3948,
    "fn": 765
  },
  "jaccard": [
    0.7839984868545489
  ],
  "braycurtis": [
    0.7119451516144482
  ],
  "dice": [
    0.6447347954580805
  ],
  "cosinus": [
    0.26248346721718696
  ]
}