{
  "voc_eval_res": {
    "precision": 42.5926,
    "recall": 7.6872,
    "f-score": 13.0238
  },
  "KL_res": {
    "KL divergence": 2.581807502761875,
    "Euclidean Dist.": 0.19438090113090242,
    "WER": 0.8224794983116257,
    "CER": 0.6386129673108182,
    "Cosine Dist.": 0.1629678291371779
  },
  "occ_eval_res": {
    "precision": 41.3005,
    "recall": 22.6725,
    "f-score": 29.2744
  },
  "clean_eval": {
    "f-score": 7.9440737210041314,
    "precision": 6.16979269496545,
    "recall": 11.150758251561106,
    "tp": 125,
    "fp": 1901,
    "fn": 996
  },
  "jaccard": [
    0.716952380952381
  ],
  "braycurtis": [
    0.37680414264203604
  ],
  "dice": [
    0.5587885985748219
  ],
  "cosinus": [
    0.12000320236835338
  ]
}