{
  "voc_eval_res": {
    "precision": 32.8904,
    "recall": 25.2551,
    "f-score": 28.5714
  },
  "KL_res": {
    "KL divergence": 1.8286714210984403,
    "Euclidean Dist.": 0.09547916370401247,
    "WER": 0.8626817447495961,
    "CER": 0.7314339981006648,
    "Cosine Dist.": 0.08892547281426211
  },
  "occ_eval_res": {
    "precision": 43.6252,
    "recall": 45.8805,
    "f-score": 44.7244
  },
  "clean_eval": {
    "f-score": 13.475760065735418,
    "precision": 13.689482470784641,
    "recall": 13.268608414239482,
    "tp": 82,
    "fp": 517,
    "fn": 536
  },
  "jaccard": [
    0.49901922322479403
  ],
  "braycurtis": [
    0.24438154057299707
  ],
  "dice": [
    0.3324621014113957
  ],
  "cosinus": [
    0.042187231032415395
  ]
}