{
  "voc_eval_res": {
    "precision": 33.7349,
    "recall": 7.1795,
    "f-score": 11.8393
  },
  "KL_res": {
    "KL divergence": 3.5781995056831684,
    "Euclidean Dist.": 0.17566097650959112,
    "WER": 0.9216514954486346,
    "CER": 0.7146372013957234,
    "Cosine Dist.": 0.7817950754188472
  },
  "occ_eval_res": {
    "precision": 27.3556,
    "recall": 8.7776,
    "f-score": 13.2907
  },
  "clean_eval": {
    "f-score": 9.148178581210626,
    "precision": 6.245325355273,
    "recall": 17.09314227226203,
    "tp": 167,
    "fp": 2507,
    "fn": 810
  },
  "jaccard": [
    0.932475884244373
  ],
  "braycurtis": [
    0.8572139303482587
  ],
  "dice": [
    0.8734939759036144
  ],
  "cosinus": [
    0.8624695235608225
  ]
}