{
  "voc_eval_res": {
    "precision": 36.8098,
    "recall": 5.6657,
    "f-score": 9.82
  },
  "KL_res": {
    "KL divergence": 3.658007245649822,
    "Euclidean Dist.": 0.11513041825984795,
    "WER": 0.9324828873677661,
    "CER": 0.7760699216395419,
    "Cosine Dist.": 0.6677106343733534
  },
  "occ_eval_res": {
    "precision": 33.9915,
    "recall": 7.4984,
    "f-score": 12.2865
  },
  "clean_eval": {
    "f-score": 7.692307692307692,
    "precision": 4.788535477105907,
    "recall": 19.543509272467904,
    "tp": 137,
    "fp": 2724,
    "fn": 564
  },
  "jaccard": [
    0.9454465464144303
  ],
  "braycurtis": [
    0.8718214841722886
  ],
  "dice": [
    0.8965373383395911
  ],
  "cosinus": [
    0.7928624643431946
  ]
}