{
  "voc_eval_res": {
    "precision": 42.6667,
    "recall": 2.9685,
    "f-score": 5.5507
  },
  "KL_res": {
    "KL divergence": 4.359373386190775,
    "Euclidean Dist.": 0.2450628533679602,
    "WER": 0.9562629399585921,
    "CER": 0.8286456291650334,
    "Cosine Dist.": 0.7169845380893738
  },
  "occ_eval_res": {
    "precision": 39.1304,
    "recall": 5.3571,
    "f-score": 9.4241
  },
  "clean_eval": {
    "f-score": 2.8978007761966365,
    "precision": 1.6632016632016633,
    "recall": 11.244979919678714,
    "tp": 56,
    "fp": 3311,
    "fn": 442
  },
  "jaccard": [
    0.45614035087719296
  ],
  "braycurtis": [
    0.6263338341230402
  ],
  "dice": [
    0.29545454545454547
  ],
  "cosinus": [
    0.06221648265682855
  ]
}