{
  "voc_eval_res": {
    "precision": 76.2238,
    "recall": 43.083,
    "f-score": 55.0505
  },
  "KL_res": {
    "KL divergence": 2.172500677663452,
    "Euclidean Dist.": 0.30870429426495294,
    "WER": 0.647834274952919,
    "CER": 0.4794520547945205,
    "Cosine Dist.": 0.6816223589473133
  },
  "occ_eval_res": {
    "precision": 78.0669,
    "recall": 39.548,
    "f-score": 52.5
  },
  "clean_eval": {
    "f-score": 33.421052631578945,
    "precision": 24.8046875,
    "recall": 51.20967741935484,
    "tp": 127,
    "fp": 385,
    "fn": 121
  },
  "jaccard": [
    0.5578947368421052
  ],
  "braycurtis": [
    0.3018633540372671
  ],
  "dice": [
    0.38686131386861317
  ],
  "cosinus": [
    0.12436771423670123
  ]
}