{
  "voc_eval_res": {
    "precision": 73.0,
    "recall": 38.0208,
    "f-score": 50.0
  },
  "KL_res": {
    "KL divergence": 1.4022293656408618,
    "Euclidean Dist.": 0.10405794500375781,
    "WER": 0.5217391304347826,
    "CER": 0.43907156673114117,
    "Cosine Dist.": 0.062328082482187575
  },
  "occ_eval_res": {
    "precision": 81.106,
    "recall": 54.6584,
    "f-score": 65.3061
  },
  "clean_eval": {
    "f-score": 56.275303643724705,
    "precision": 47.11864406779661,
    "recall": 69.84924623115577,
    "tp": 139,
    "fp": 156,
    "fn": 60
  },
  "jaccard": [
    0.6529680365296804
  ],
  "braycurtis": [
    0.2903225806451613
  ],
  "dice": [
    0.4847457627118644
  ],
  "cosinus": [
    0.05449026676920321
  ]
}