{
  "voc_eval_res": {
    "precision": 8.6965,
    "recall": 34.0019,
    "f-score": 13.8505
  },
  "KL_res": {
    "KL divergence": 0.9655775462768484,
    "Euclidean Dist.": 0.10179917382991806,
    "WER": 1.3284288892315148,
    "CER": 0.6111377235785559,
    "Cosine Dist.": 0.45128067135001615
  },
  "occ_eval_res": {
    "precision": 27.1913,
    "recall": 44.5563,
    "f-score": 33.7724
  },
  "clean_eval": {
    "f-score": 20.587096149501342,
    "precision": 28.529576204852958,
    "recall": 16.10386659429163,
    "tp": 12757,
    "fp": 31958,
    "fn": 66460
  },
  "jaccard": [
    0.920547583414033
  ],
  "braycurtis": [
    0.6128987448529047
  ],
  "dice": [
    0.8527912571871304
  ],
  "cosinus": [
    0.15902385052514623
  ]
}