{
  "voc_eval_res": {
    "precision": 9.697,
    "recall": 0.3033,
    "f-score": 0.5881
  },
  "KL_res": {
    "KL divergence": 4.496016155576547,
    "Euclidean Dist.": 0.280348954118559,
    "WER": 0.9922735174811667,
    "CER": 0.9184993287067678,
    "Cosine Dist.": 0.9354773370638465
  },
  "occ_eval_res": {
    "precision": 16.8405,
    "recall": 1.0914,
    "f-score": 2.0499
  },
  "clean_eval": {
    "f-score": 0.06044731009470078,
    "precision": 0.03216813210379584,
    "recall": 0.5,
    "tp": 3,
    "fp": 9323,
    "fn": 597
  },
  "jaccard": [
    0.9134679177329164
  ],
  "braycurtis": [
    0.859897320765307
  ],
  "dice": [
    0.8407187718073971
  ],
  "cosinus": [
    0.4574873464799579
  ]
}