{
  "voc_eval_res": {
    "precision": 78.8889,
    "recall": 40.8046,
    "f-score": 53.7879
  },
  "KL_res": {
    "KL divergence": 2.117023788435614,
    "Euclidean Dist.": 0.38994311411593646,
    "WER": 0.6950354609929078,
    "CER": 0.5,
    "Cosine Dist.": 0.28079245126485664
  },
  "occ_eval_res": {
    "precision": 51.1111,
    "recall": 48.9362,
    "f-score": 50.0
  },
  "clean_eval": {
    "f-score": 38.733705772811916,
    "precision": 38.095238095238095,
    "recall": 39.39393939393939,
    "tp": 104,
    "fp": 169,
    "fn": 160
  },
  "jaccard": [
    0.4570552147239264
  ],
  "braycurtis": [
    0.31803345573235414
  ],
  "dice": [
    0.2962226640159046
  ],
  "cosinus": [
    0.10359269211414313
  ]
}