{
  "voc_eval_res": {
    "precision": 31.5315,
    "recall": 4.0323,
    "f-score": 7.1502
  },
  "KL_res": {
    "KL divergence": 3.991110913473187,
    "Euclidean Dist.": 0.38865570166108276,
    "WER": 0.9244663382594417,
    "CER": 0.7717520858164482,
    "Cosine Dist.": 0.32040675765166726
  },
  "occ_eval_res": {
    "precision": 29.9233,
    "recall": 9.6059,
    "f-score": 14.5432
  },
  "clean_eval": {
    "f-score": 3.155006858710562,
    "precision": 2.1515434985968196,
    "recall": 5.912596401028278,
    "tp": 23,
    "fp": 1046,
    "fn": 366
  },
  "jaccard": [
    0.8254790264111859
  ],
  "braycurtis": [
    0.6328405213892048
  ],
  "dice": [
    0.7028218694885362
  ],
  "cosinus": [
    0.31560395611362013
  ]
}