{
  "voc_eval_res": {
    "precision": 4.7619,
    "recall": 0.2597,
    "f-score": 0.4926
  },
  "KL_res": {
    "KL divergence": 3.4907467677699806,
    "Euclidean Dist.": 0.28266839985949715,
    "WER": 0.98991848991849,
    "CER": 0.8596767730733271,
    "Cosine Dist.": 0.8589726385363574
  },
  "occ_eval_res": {
    "precision": 6.3052,
    "recall": 1.0725,
    "f-score": 1.8332
  },
  "clean_eval": {
    "f-score": 0.15646391550948563,
    "precision": 0.09225092250922509,
    "recall": 0.5148005148005148,
    "tp": 4,
    "fp": 4332,
    "fn": 773
  },
  "jaccard": [
    0.8151998566051264
  ],
  "braycurtis": [
    0.7684402781445295
  ],
  "dice": [
    0.6880484114977307
  ],
  "cosinus": [
    0.47445427057359313
  ]
}