{
  "voc_eval_res": {
    "precision": 79.6296,
    "recall": 20.0935,
    "f-score": 32.0896
  },
  "KL_res": {
    "KL divergence": 2.7079042353707194,
    "Euclidean Dist.": 0.19891758509052332,
    "WER": 0.7197640117994101,
    "CER": 0.6179310344827587,
    "Cosine Dist.": 0.16710123035116464
  },
  "occ_eval_res": {
    "precision": 81.9549,
    "recall": 32.1534,
    "f-score": 46.1864
  },
  "clean_eval": {
    "f-score": 39.3939393939394,
    "precision": 27.659574468085108,
    "recall": 68.42105263157895,
    "tp": 91,
    "fp": 238,
    "fn": 42
  },
  "jaccard": [
    0.794392523364486
  ],
  "braycurtis": [
    0.5067264573991032
  ],
  "dice": [
    0.6589147286821705
  ],
  "cosinus": [
    0.21302508498014983
  ]
}