{
  "voc_eval_res": {
    "precision": 31.3187,
    "recall": 17.0149,
    "f-score": 22.0503
  },
  "KL_res": {
    "KL divergence": 2.0976235932311083,
    "Euclidean Dist.": 0.07839376397274399,
    "WER": 0.8118331716779825,
    "CER": 0.6329704510108864,
    "Cosine Dist.": 0.095212719734043
  },
  "occ_eval_res": {
    "precision": 45.2854,
    "recall": 35.4025,
    "f-score": 39.7387
  },
  "clean_eval": {
    "f-score": 8.404315729699034,
    "precision": 7.4371859296482405,
    "recall": 9.660574412532636,
    "tp": 74,
    "fp": 921,
    "fn": 692
  },
  "jaccard": [
    0.3111111111111111
  ],
  "braycurtis": [
    0.12258649734352728
  ],
  "dice": [
    0.18421052631578946
  ],
  "cosinus": [
    0.008633728151190567
  ]
}