{
  "voc_eval_res": {
    "precision": 77.6978,
    "recall": 28.6472,
    "f-score": 41.8605
  },
  "KL_res": {
    "KL divergence": 1.2025984514163668,
    "Euclidean Dist.": 0.15647321470235273,
    "WER": 0.5469613259668509,
    "CER": 0.40028825995807127,
    "Cosine Dist.": 0.044447402006327796
  },
  "occ_eval_res": {
    "precision": 74.7076,
    "recall": 56.4641,
    "f-score": 64.3172
  },
  "clean_eval": {
    "f-score": 28.02547770700637,
    "precision": 24.746906636670417,
    "recall": 32.305433186490454,
    "tp": 220,
    "fp": 669,
    "fn": 461
  },
  "jaccard": [
    0.36363636363636365
  ],
  "braycurtis": [
    0.07934950231319221
  ],
  "dice": [
    0.2222222222222222
  ],
  "cosinus": [
    0.003821496492663501
  ]
}